,ÈÕÆÚ,¹ÉÆ±´úÂë,Ãû³Æ,ÊÕÅÌ¼Û,×î¸ß¼Û,×îµÍ¼Û,¿ªÅÌ¼Û,Ç°ÊÕÅÌ,ÕÇµø¶î,ÕÇµø·ù,»»ÊÖÂÊ,³É½»Á¿,³É½»½ð¶î,×ÜÊÐÖµ,Á÷Í¨ÊÐÖµ
0,2004-04-12,sh600988,N ±¦  Áú,0.0,0.0,0.0,0.0,9.08,,,,0,0.0,595464584.0,0.0
1,2004-04-13,sh600988,N ±¦  Áú,0.0,0.0,0.0,0.0,9.08,,,,0,0.0,595464584.0,0.0
2,2004-04-14,sh600988,N ±¦  Áú,16.18,17.1,15.3,15.3,9.08,7.1,78.1938,47.1353,11783837,190899674.0,1465581164.0,404500000.0
3,2004-04-15,sh600988,¶«·½±¦Áú,15.09,16.14,14.96,15.81,16.18,-1.09,-6.7367,16.7329,4183231,65058883.0,1366849182.0,377250000.0
4,2004-04-16,sh600988,¶«·½±¦Áú,14.97,15.16,14.5,14.98,15.09,-0.12,-0.7952,9.4474,2361846,34889765.0,1355979606.0,374250000.0
5,2004-04-19,sh600988,¶«·½±¦Áú,15.1,15.19,14.62,14.98,14.97,0.13,0.8684,5.7881,1447022,21575229.0,1367754980.0,377500000.0
6,2004-04-20,sh600988,¶«·½±¦Áú,14.69,15.0,14.62,14.98,15.1,-0.41,-2.7152,3.7147,928682,13753042.0,1330617262.0,367250000.0
7,2004-04-21,sh600988,¶«·½±¦Áú,14.62,14.95,14.5,14.69,14.69,-0.07,-0.4765,2.9905,747635,10977778.0,1324276676.0,365500000.0
8,2004-04-22,sh600988,¶«·½±¦Áú,14.61,14.75,14.28,14.58,14.62,-0.01,-0.0684,3.2361,809013,11689293.0,1323370878.0,365250000.0
9,2004-04-23,sh600988,¶«·½±¦Áú,14.13,14.58,14.11,14.32,14.61,-0.48,-3.2854,2.6753,668831,9570345.0,1279892574.0,353250000.0
10,2004-04-26,sh600988,¶«·½±¦Áú,13.54,14.08,13.3,14.08,14.13,-0.59,-4.1755,5.0914,1272852,17327115.0,1226450492.0,338500000.0
11,2004-04-27,sh600988,¶«·½±¦Áú,13.08,13.66,13.01,13.54,13.54,-0.46,-3.3973,3.5821,895527,11864598.0,1184783784.0,327000000.0
12,2004-04-28,sh600988,¶«·½±¦Áú,13.06,13.57,12.58,12.58,13.08,-0.02,-0.1529,4.8805,1220131,16007582.0,1182972188.0,326500000.0
13,2004-04-29,sh600988,¶«·½±¦Áú,12.8,13.08,12.71,13.06,13.06,-0.26,-1.9908,3.375,843748,10838556.0,1159421440.0,320000000.0
14,2004-04-30,sh600988,¶«·½±¦Áú,13.09,13.28,12.76,12.85,12.8,0.29,2.2656,2.8452,711294,9259963.0,1185689582.0,327250000.0
15,2004-05-10,sh600988,¶«·½±¦Áú,12.69,13.14,12.51,13.09,13.09,-0.4,-3.0558,1.9931,498265,6322242.0,1149457662.0,317250000.0
16,2004-05-11,sh600988,¶«·½±¦Áú,12.56,12.82,12.5,12.65,12.69,-0.13,-1.0244,1.9568,489189,6161897.0,1137682288.0,314000000.0
17,2004-05-12,sh600988,¶«·½±¦Áú,13.14,13.2,12.51,12.61,12.56,0.58,4.6178,3.0379,759463,9813884.0,1190218572.0,328500000.0
18,2004-05-13,sh600988,¶«·½±¦Áú,13.1,13.4,13.01,13.11,13.14,-0.04,-0.3044,3.1255,781365,10289609.0,1186595380.0,327500000.0
19,2004-05-14,sh600988,¶«·½±¦Áú,12.8,13.2,12.66,13.01,13.1,-0.3,-2.2901,2.2563,564068,7238504.0,1159421440.0,320000000.0
20,2004-05-17,sh600988,¶«·½±¦Áú,12.71,12.88,12.61,12.7,12.8,-0.09,-0.7031,1.0815,270380,3438607.0,1151269258.0,317750000.0
21,2004-05-18,sh600988,¶«·½±¦Áú,13.23,13.33,12.8,12.88,12.71,0.52,4.0913,3.0443,761070,9988698.0,1198370754.0,330750000.0
22,2004-05-19,sh600988,¶«·½±¦Áú,13.03,13.4,13.0,13.2,13.23,-0.2,-1.5117,3.0492,762299,10088771.0,1180254794.0,325750000.0
23,2004-05-20,sh600988,¶«·½±¦Áú,12.88,13.15,12.8,13.0,13.03,-0.15,-1.1512,1.4961,374037,4840598.0,1166667824.0,322000000.0
24,2004-05-21,sh600988,¶«·½±¦Áú,12.88,12.99,12.7,12.9,12.88,0.0,0.0,1.2971,324271,4146910.0,1166667824.0,322000000.0
25,2004-05-24,sh600988,¶«·½±¦Áú,12.67,12.9,12.62,12.87,12.88,-0.21,-1.6304,1.3953,348814,4435946.0,1147646066.0,316750000.0
26,2004-05-25,sh600988,¶«·½±¦Áú,11.79,12.74,11.74,12.67,12.67,-0.88,-6.9455,4.2196,1054904,12681463.0,1067935842.0,294750000.0
27,2004-05-26,sh600988,¶«·½±¦Áú,11.88,11.95,11.64,11.75,11.79,0.09,0.7634,1.407,351761,4158538.0,1076088024.0,297000000.0
28,2004-05-27,sh600988,¶«·½±¦Áú,12.34,12.47,11.78,11.8,11.88,0.46,3.8721,3.1576,789409,9617126.0,1117754732.0,308500000.0
29,2004-05-28,sh600988,¶«·½±¦Áú,12.3,12.48,12.21,12.34,12.34,-0.04,-0.3241,2.3602,590051,7300785.0,1114131540.0,307500000.0
30,2004-05-31,sh600988,¶«·½±¦Áú,12.88,12.88,12.3,12.3,12.3,0.58,4.7154,4.3426,1085650,13768795.0,1166667824.0,322000000.0
31,2004-06-01,sh600988,¶«·½±¦Áú,13.9,14.17,12.92,12.94,12.88,1.02,7.9193,14.1218,3530447,48420887.0,1259059220.0,347500000.0
32,2004-06-02,sh600988,¶«·½±¦Áú,13.75,14.48,13.6,13.85,13.9,-0.15,-1.0791,11.5263,2881570,40258850.0,1245472250.0,343750000.0
33,2004-06-03,sh600988,¶«·½±¦Áú,13.95,14.34,13.28,13.75,13.75,0.2,1.4545,8.9054,2226340,30737539.0,1263588210.0,348750000.0
34,2004-06-04,sh600988,¶«·½±¦Áú,13.6,14.1,13.51,13.78,13.95,-0.35,-2.509,3.5816,895407,12297730.0,1231885280.0,340000000.0
35,2004-06-07,sh600988,¶«·½±¦Áú,0.0,0.0,0.0,0.0,13.6,,,0.0,0,0.0,1231885280.0,340000000.0
36,2004-06-08,sh600988,¶«·½±¦Áú,13.19,13.83,13.13,13.6,13.6,-0.41,-3.0147,2.8382,709553,9500945.0,1194747562.0,329750000.0
37,2004-06-09,sh600988,¶«·½±¦Áú,12.88,13.42,12.82,13.16,13.19,-0.31,-2.3503,2.3754,593849,7826617.0,1166667824.0,322000000.0
38,2004-06-10,sh600988,¶«·½±¦Áú,12.0,12.98,11.93,12.8,12.88,-0.88,-6.8323,4.4654,1116353,13733682.0,1086957600.0,300000000.0
39,2004-06-11,sh600988,¶«·½±¦Áú,12.36,12.82,12.0,12.0,12.0,0.36,3.0,3.4669,866727,10795301.0,1119566328.0,309000000.0
40,2004-06-14,sh600988,¶«·½±¦Áú,12.17,12.41,11.91,12.3,12.36,-0.19,-1.5372,2.4205,605135,7334986.0,1102356166.0,304250000.0
41,2004-06-15,sh600988,¶«·½±¦Áú,12.5,12.55,12.02,12.15,12.17,0.33,2.7116,1.639,409744,5046006.0,1132247500.0,312500000.0
42,2004-06-16,sh600988,¶«·½±¦Áú,12.58,12.68,12.35,12.38,12.5,0.08,0.64,2.5878,646959,8134328.0,1139493884.0,314500000.0
43,2004-06-17,sh600988,¶«·½±¦Áú,12.19,12.73,12.1,12.51,12.58,-0.39,-3.1002,1.6923,423087,5259607.0,1104167762.0,304750000.0
44,2004-06-18,sh600988,¶«·½±¦Áú,12.18,12.43,11.92,12.0,12.19,-0.01,-0.082,1.7041,426037,5198266.0,1103261964.0,304500000.0
45,2004-06-21,sh600988,¶«·½±¦Áú,13.1,13.16,12.15,12.16,12.18,0.92,7.5534,4.0324,1008111,12884906.0,1186595380.0,327500000.0
46,2004-06-22,sh600988,¶«·½±¦Áú,13.01,13.3,12.88,13.15,13.1,-0.09,-0.687,4.5325,1133119,14846310.0,1178443198.0,325250000.0
47,2004-06-23,sh600988,¶«·½±¦Áú,12.9,13.11,12.52,13.1,13.01,-0.11,-0.8455,2.8199,704985,8998011.0,1168479420.0,322500000.0
48,2004-06-24,sh600988,¶«·½±¦Áú,13.19,13.38,12.8,12.8,12.9,0.29,2.2481,4.5553,1138822,14974984.0,1194747562.0,329750000.0
49,2004-06-25,sh600988,¶«·½±¦Áú,12.3,13.27,12.0,13.0,13.19,-0.89,-6.7475,3.5328,883207,11073421.0,1114131540.0,307500000.0
50,2004-06-28,sh600988,¶«·½±¦Áú,11.58,12.3,11.55,12.1,12.3,-0.72,-5.8537,2.9976,749405,8827734.0,1048914084.0,289500000.0
51,2004-06-29,sh600988,¶«·½±¦Áú,11.53,11.77,10.94,11.38,11.58,-0.05,-0.4318,2.3348,583696,6668750.0,1044385094.0,288250000.0
52,2004-06-30,sh600988,¶«·½±¦Áú,11.2,11.69,11.18,11.55,11.53,-0.33,-2.8621,1.2556,313910,3572443.0,1014493760.0,280000000.0
53,2004-07-01,sh600988,¶«·½±¦Áú,11.53,11.72,11.13,11.18,11.2,0.33,2.9464,1.6541,413531,4756191.0,1044385094.0,288250000.0
54,2004-07-02,sh600988,¶«·½±¦Áú,11.36,11.53,11.19,11.41,11.53,-0.17,-1.4744,1.3854,346349,3917315.0,1028986528.0,284000000.0
55,2004-07-05,sh600988,¶«·½±¦Áú,11.44,11.45,11.21,11.21,11.36,0.08,0.7042,0.5058,126439,1434649.0,1036232912.0,286000000.0
56,2004-07-06,sh600988,¶«·½±¦Áú,11.42,11.55,11.32,11.49,11.44,-0.02,-0.1748,1.1318,282942,3239571.0,1034421316.0,285500000.0
57,2004-07-07,sh600988,¶«·½±¦Áú,11.13,11.46,11.12,11.4,11.42,-0.29,-2.5394,0.8591,214763,2411778.0,1008153174.0,278250000.0
58,2004-07-08,sh600988,¶«·½±¦Áú,11.12,11.21,11.02,11.13,11.13,-0.01,-0.0898,0.8689,217214,2408228.0,1007247376.0,278000000.0
59,2004-07-09,sh600988,¶«·½±¦Áú,10.85,11.19,10.82,11.15,11.12,-0.27,-2.4281,1.1804,295100,3248556.0,982790830.0,271250000.0
60,2004-07-12,sh600988,¶«·½±¦Áú,10.0,10.91,10.0,10.91,10.85,-0.85,-7.8341,2.5812,645294,6603241.0,905798000.0,250000000.0
61,2004-07-13,sh600988,¶«·½±¦Áú,9.98,10.2,9.88,9.99,10.0,-0.02,-0.2,1.3005,325133,3248812.0,903986404.0,249500000.0
62,2004-07-14,sh600988,¶«·½±¦Áú,9.6,10.12,9.48,10.04,9.98,-0.38,-3.8076,1.8265,456619,4404250.0,869566080.0,240000000.0
63,2004-07-15,sh600988,¶«·½±¦Áú,9.65,9.79,9.54,9.61,9.6,0.05,0.5208,1.422,355494,3429177.0,874095070.0,241250000.0
64,2004-07-16,sh600988,¶«·½±¦Áú,10.19,10.23,9.68,9.74,9.65,0.54,5.5959,2.6018,650459,6522557.0,923008162.0,254750000.0
65,2004-07-19,sh600988,¶«·½±¦Áú,10.07,10.22,9.91,10.22,10.19,-0.12,-1.1776,1.2817,320419,3225901.0,912138586.0,251750000.0
66,2004-07-20,sh600988,¶«·½±¦Áú,9.81,10.09,9.77,10.07,10.07,-0.26,-2.5819,0.9766,244138,2411290.0,888587838.0,245250000.0
67,2004-07-21,sh600988,¶«·½±¦Áú,9.72,9.89,9.62,9.81,9.81,-0.09,-0.9174,0.9669,241732,2354171.0,880435656.0,243000000.0
68,2004-07-22,sh600988,¶«·½±¦Áú,9.5,9.78,9.48,9.7,9.72,-0.22,-2.2634,1.0387,259674,2492312.0,860508100.0,237500000.0
69,2004-07-23,sh600988,¶«·½±¦Áú,9.46,9.52,9.35,9.5,9.5,-0.04,-0.4211,1.4137,353423,3323616.0,856884908.0,236500000.0
70,2004-07-26,sh600988,¶«·½±¦Áú,9.13,9.39,9.09,9.38,9.46,-0.33,-3.4884,1.1585,289615,2656611.0,826993574.0,228250000.0
71,2004-07-27,sh600988,¶«·½±¦Áú,9.09,9.19,9.01,9.15,9.13,-0.04,-0.4381,0.9057,226414,2054324.0,823370382.0,227250000.0
72,2004-07-28,sh600988,¶«·½±¦Áú,9.24,9.25,9.06,9.1,9.09,0.15,1.6502,0.6469,161729,1481490.0,836957352.0,231000000.0
73,2004-07-29,sh600988,¶«·½±¦Áú,9.48,9.5,9.16,9.2,9.24,0.24,2.5974,0.9165,229122,2154538.0,858696504.0,237000000.0
74,2004-07-30,sh600988,¶«·½±¦Áú,9.2,9.48,9.2,9.48,9.48,-0.28,-2.9536,0.7496,187400,1737660.0,833334160.0,230000000.0
75,2004-08-02,sh600988,¶«·½±¦Áú,9.16,9.26,9.03,9.05,9.2,-0.04,-0.4348,0.4802,120040,1096403.0,829710968.0,229000000.0
76,2004-08-03,sh600988,¶«·½±¦Áú,9.48,9.7,9.15,9.15,9.16,0.32,3.4934,1.6871,421776,4003340.0,858696504.0,237000000.0
77,2004-08-04,sh600988,¶«·½±¦Áú,9.71,9.8,9.45,9.48,9.48,0.23,2.4262,2.3976,599400,5788598.0,879529858.0,242750000.0
78,2004-08-05,sh600988,¶«·½±¦Áú,9.41,9.71,9.4,9.7,9.71,-0.3,-3.0896,1.0008,250200,2383809.0,852355918.0,235250000.0
79,2004-08-06,sh600988,¶«·½±¦Áú,9.3,9.5,9.18,9.42,9.41,-0.11,-1.169,0.898,224492,2085893.0,842392140.0,232500000.0
80,2004-08-09,sh600988,¶«·½±¦Áú,9.21,9.42,9.12,9.3,9.3,-0.09,-0.9677,0.5795,144870,1334360.0,834239958.0,230250000.0
81,2004-08-10,sh600988,¶«·½±¦Áú,9.23,9.29,9.15,9.15,9.21,0.02,0.2172,0.4008,100210,921847.0,836051554.0,230750000.0
82,2004-08-11,sh600988,¶«·½±¦Áú,9.02,9.2,8.94,9.2,9.23,-0.21,-2.2752,1.3911,347769,3150719.0,817029796.0,225500000.0
83,2004-08-12,sh600988,¶«·½±¦Áú,8.69,8.98,8.5,8.94,9.02,-0.33,-3.6585,1.4098,352454,3085689.0,787138462.0,217250000.0
84,2004-08-13,sh600988,¶«·½±¦Áú,8.62,8.83,8.55,8.58,8.69,-0.07,-0.8055,0.635,158750,1376000.0,780797876.0,215500000.0
85,2004-08-16,sh600988,¶«·½±¦Áú,8.31,8.64,8.23,8.57,8.62,-0.31,-3.5963,0.9345,233618,1961853.0,752718138.0,207750000.0
86,2004-08-17,sh600988,¶«·½±¦Áú,8.37,8.42,8.11,8.25,8.31,0.06,0.722,0.5873,146818,1214350.0,758152926.0,209250000.0
87,2004-08-18,sh600988,¶«·½±¦Áú,8.32,8.45,8.32,8.4,8.37,-0.05,-0.5974,0.4771,119280,999274.0,753623936.0,208000000.0
88,2004-08-19,sh600988,¶«·½±¦Áú,8.18,8.32,8.15,8.32,8.32,-0.14,-1.6827,0.878,219500,1805917.0,740942764.0,204500000.0
89,2004-08-20,sh600988,¶«·½±¦Áú,8.22,8.26,8.11,8.18,8.18,0.04,0.489,0.8145,203634,1666360.0,744565956.0,205500000.0
90,2004-08-23,sh600988,¶«·½±¦Áú,8.26,8.28,8.16,8.22,8.22,0.04,0.4866,0.6161,154030,1266131.0,748189148.0,206500000.0
91,2004-08-24,sh600988,¶«·½±¦Áú,8.4,8.5,8.22,8.26,8.26,0.14,1.6949,1.2296,307398,2579123.0,760870320.0,210000000.0
92,2004-08-25,sh600988,¶«·½±¦Áú,8.36,8.48,8.35,8.4,8.4,-0.04,-0.4762,0.4628,115696,970841.0,757247128.0,209000000.0
93,2004-08-26,sh600988,¶«·½±¦Áú,8.38,8.44,8.35,8.37,8.36,0.02,0.2392,0.4612,115300,967141.0,759058724.0,209500000.0
94,2004-08-27,sh600988,¶«·½±¦Áú,8.31,8.45,8.29,8.38,8.38,-0.07,-0.8353,0.474,118500,989753.0,752718138.0,207750000.0
95,2004-08-30,sh600988,¶«·½±¦Áú,7.84,8.25,7.65,8.2,8.31,-0.47,-5.6558,1.3915,347883,2713197.0,710145632.0,196000000.0
96,2004-08-31,sh600988,¶«·½±¦Áú,8.07,8.5,8.01,8.01,7.84,0.23,2.9337,1.7125,428118,3477961.0,730978986.0,201750000.0
97,2004-09-01,sh600988,¶«·½±¦Áú,7.89,8.03,7.85,8.03,8.07,-0.18,-2.2305,0.4372,109298,863501.0,714674622.0,197250000.0
98,2004-09-02,sh600988,¶«·½±¦Áú,7.99,8.01,7.72,7.72,7.89,0.1,1.2674,0.7022,175554,1382327.0,723732602.0,199750000.0
99,2004-09-03,sh600988,¶«·½±¦Áú,7.89,8.05,7.86,7.99,7.99,-0.1,-1.2516,0.39,97500,774447.0,714674622.0,197250000.0
100,2004-09-06,sh600988,¶«·½±¦Áú,7.85,7.91,7.78,7.78,7.89,-0.04,-0.507,0.3729,93230,730899.0,711051430.0,196250000.0
101,2004-09-07,sh600988,¶«·½±¦Áú,7.93,7.98,7.82,7.82,7.85,0.08,1.0191,0.3469,86735,686152.0,718297814.0,198250000.0
102,2004-09-08,sh600988,¶«·½±¦Áú,7.9,7.97,7.75,7.95,7.93,-0.03,-0.3783,0.3654,91342,717813.0,715580420.0,197500000.0
103,2004-09-09,sh600988,¶«·½±¦Áú,7.76,7.9,7.75,7.78,7.9,-0.14,-1.7722,0.4617,115430,901282.0,702899248.0,194000000.0
104,2004-09-10,sh600988,¶«·½±¦Áú,7.85,7.85,7.69,7.69,7.76,0.09,1.1598,0.3374,84345,657064.0,711051430.0,196250000.0
105,2004-09-13,sh600988,¶«·½±¦Áú,7.69,7.85,7.67,7.81,7.85,-0.16,-2.0382,0.4987,124673,968153.0,696558662.0,192250000.0
106,2004-09-14,sh600988,¶«·½±¦Áú,7.98,8.0,7.81,7.88,7.69,0.29,3.7711,1.3861,346533,2747483.0,722826804.0,199500000.0
107,2004-09-15,sh600988,¶«·½±¦Áú,8.47,8.72,7.94,7.98,7.98,0.49,6.1404,3.1432,785793,6639797.0,767210906.0,211750000.0
108,2004-09-16,sh600988,¶«·½±¦Áú,8.93,8.95,8.43,8.55,8.47,0.46,5.4309,3.2797,819922,7118034.0,808877614.0,223250000.0
109,2004-09-17,sh600988,¶«·½±¦Áú,9.03,9.08,8.66,8.9,8.93,0.1,1.1198,3.2631,815776,7247966.0,817935594.0,225750000.0
110,2004-09-20,sh600988,¶«·½±¦Áú,9.3,9.36,8.95,9.08,9.03,0.27,2.99,4.7708,1192712,10887520.0,842392140.0,232500000.0
111,2004-09-21,sh600988,¶«·½±¦Áú,9.4,9.54,9.11,9.3,9.3,0.1,1.0753,5.031,1257741,11795344.0,851450120.0,235000000.0
112,2004-09-22,sh600988,¶«·½±¦Áú,9.79,9.85,9.31,9.4,9.4,0.39,4.1489,6.4385,1609627,15345628.0,886776242.0,244750000.0
113,2004-09-23,sh600988,¶«·½±¦Áú,9.79,9.82,9.49,9.8,9.79,0.0,0.0,3.0691,767283,7374186.0,886776242.0,244750000.0
114,2004-09-24,sh600988,¶«·½±¦Áú,9.6,9.95,9.55,9.85,9.79,-0.19,-1.9408,4.391,1097749,10740777.0,869566080.0,240000000.0
115,2004-09-27,sh600988,¶«·½±¦Áú,0.0,0.0,0.0,0.0,9.6,,,0.0,0,0.0,869566080.0,240000000.0
116,2004-09-28,sh600988,¶«·½±¦Áú,9.5,9.8,9.23,9.57,9.6,-0.1,-1.0417,2.9029,725716,6855038.0,860508100.0,237500000.0
117,2004-09-29,sh600988,¶«·½±¦Áú,9.51,9.57,9.36,9.5,9.5,0.01,0.1053,1.4084,352109,3333024.0,861413898.0,237750000.0
118,2004-09-30,sh600988,¶«·½±¦Áú,9.48,9.59,9.41,9.51,9.51,-0.03,-0.3155,1.5616,390408,3704175.0,858696504.0,237000000.0
119,2004-10-08,sh600988,¶«·½±¦Áú,10.0,10.08,9.43,9.48,9.48,0.52,5.4852,1.3687,342166,3341153.0,905798000.0,250000000.0
120,2004-10-11,sh600988,¶«·½±¦Áú,10.27,10.68,10.0,10.09,10.0,0.27,2.7,3.2525,813113,8448326.0,930254546.0,256750000.0
121,2004-10-12,sh600988,¶«·½±¦Áú,9.97,10.38,9.95,10.3,10.27,-0.3,-2.9211,1.8504,462599,4685890.0,903080606.0,249250000.0
122,2004-10-13,sh600988,¶«·½±¦Áú,9.99,10.12,9.83,9.97,9.97,0.02,0.2006,1.6703,417586,4171010.0,904892202.0,249750000.0
123,2004-10-14,sh600988,¶«·½±¦Áú,9.6,10.04,9.2,9.99,9.99,-0.39,-3.9039,2.6195,654874,6305831.0,869566080.0,240000000.0
124,2004-10-15,sh600988,¶«·½±¦Áú,9.47,9.59,9.38,9.59,9.6,-0.13,-1.3542,1.826,456497,4324440.0,857790706.0,236750000.0
125,2004-10-18,sh600988,¶«·½±¦Áú,0.0,0.0,0.0,0.0,9.47,,,0.0,0,0.0,857790706.0,236750000.0
126,2004-10-19,sh600988,¶«·½±¦Áú,8.97,10.3,8.8,9.9,9.47,-0.5,-5.2798,10.0036,2500901,23867261.0,812500806.0,224250000.0
127,2004-10-20,sh600988,¶«·½±¦Áú,8.64,8.9,8.39,8.4,8.97,-0.33,-3.6789,2.0726,518151,4458430.0,782609472.0,216000000.0
128,2004-10-21,sh600988,¶«·½±¦Áú,8.75,8.8,8.62,8.64,8.64,0.11,1.2731,1.0126,253159,2202221.0,792573250.0,218750000.0
129,2004-10-22,sh600988,¶«·½±¦Áú,8.88,8.9,8.64,8.76,8.75,0.13,1.4857,0.8958,223948,1960695.0,804348624.0,222000000.0
130,2004-10-25,sh600988,¶«·½±¦Áú,8.87,9.14,8.8,9.14,8.88,-0.01,-0.1126,0.7328,183198,1630849.0,803442826.0,221750000.0
131,2004-10-26,sh600988,¶«·½±¦Áú,9.04,9.05,8.85,9.01,8.87,0.17,1.9166,0.743,185757,1660831.0,818841392.0,226000000.0
132,2004-10-27,sh600988,¶«·½±¦Áú,9.26,9.27,9.05,9.05,9.04,0.22,2.4336,0.7688,192204,1755085.0,838768948.0,231500000.0
133,2004-10-28,sh600988,¶«·½±¦Áú,9.15,9.38,9.11,9.26,9.26,-0.11,-1.1879,0.692,172999,1595745.0,828805170.0,228750000.0
134,2004-10-29,sh600988,¶«·½±¦Áú,8.98,9.2,8.81,8.81,9.15,-0.17,-1.8579,0.5642,141048,1276581.0,813406604.0,224500000.0
135,2004-11-01,sh600988,¶«·½±¦Áú,8.97,9.1,8.94,8.94,8.98,-0.01,-0.1114,0.4672,116800,1051008.0,812500806.0,224250000.0
136,2004-11-02,sh600988,¶«·½±¦Áú,9.01,9.01,8.84,8.86,8.97,0.04,0.4459,0.2698,67449,599928.0,816123998.0,225250000.0
137,2004-11-03,sh600988,¶«·½±¦Áú,9.29,9.3,8.98,9.02,9.01,0.28,3.1077,0.6032,150801,1378795.0,841486342.0,232250000.0
138,2004-11-04,sh600988,¶«·½±¦Áú,9.02,9.29,9.0,9.29,9.29,-0.27,-2.9064,0.288,72000,656257.0,817029796.0,225500000.0
139,2004-11-05,sh600988,¶«·½±¦Áú,8.97,9.2,8.95,9.02,9.02,-0.05,-0.5543,0.2665,66629,599805.0,812500806.0,224250000.0
140,2004-11-08,sh600988,¶«·½±¦Áú,8.91,9.0,8.9,9.0,8.97,-0.06,-0.6689,0.1716,42900,383786.0,807066018.0,222750000.0
141,2004-11-09,sh600988,¶«·½±¦Áú,8.85,8.9,8.8,8.9,8.91,-0.06,-0.6734,0.2636,65900,582766.0,801631230.0,221250000.0
142,2004-11-10,sh600988,¶«·½±¦Áú,9.55,9.64,8.85,8.85,8.85,0.7,7.9096,1.5801,395013,3714782.0,865037090.0,238750000.0
143,2004-11-11,sh600988,¶«·½±¦Áú,9.57,9.95,9.41,9.55,9.55,0.02,0.2094,2.0191,504768,4924498.0,866848686.0,239250000.0
144,2004-11-12,sh600988,¶«·½±¦Áú,9.59,9.9,9.47,9.65,9.57,0.02,0.209,0.9094,227354,2199267.0,868660282.0,239750000.0
145,2004-11-15,sh600988,¶«·½±¦Áú,10.02,10.06,9.59,9.62,9.59,0.43,4.4838,1.0847,271169,2673226.0,907609596.0,250500000.0
146,2004-11-16,sh600988,¶«·½±¦Áú,9.92,10.06,9.85,10.05,10.02,-0.1,-0.998,0.8385,209621,2080631.0,898551616.0,248000000.0
147,2004-11-17,sh600988,¶«·½±¦Áú,9.55,9.92,9.52,9.92,9.92,-0.37,-3.7298,1.114,278490,2714776.0,865037090.0,238750000.0
148,2004-11-18,sh600988,¶«·½±¦Áú,9.85,9.85,9.55,9.55,9.55,0.3,3.1414,0.8048,201211,1972633.0,892211030.0,246250000.0
149,2004-11-19,sh600988,¶«·½±¦Áú,9.8,9.96,9.76,9.95,9.85,-0.05,-0.5076,0.7315,182870,1797936.0,887682040.0,245000000.0
150,2004-11-22,sh600988,¶«·½±¦Áú,9.85,9.88,9.7,9.8,9.8,0.05,0.5102,0.8451,211281,2069244.0,892211030.0,246250000.0
151,2004-11-23,sh600988,¶«·½±¦Áú,9.79,9.85,9.72,9.85,9.85,-0.06,-0.6091,0.5342,133550,1306601.0,886776242.0,244750000.0
152,2004-11-24,sh600988,¶«·½±¦Áú,9.65,9.8,9.64,9.8,9.79,-0.14,-1.43,0.5368,134200,1302346.0,874095070.0,241250000.0
153,2004-11-25,sh600988,¶«·½±¦Áú,9.61,9.65,9.54,9.65,9.65,-0.04,-0.4145,0.5472,136810,1312915.0,870471878.0,240250000.0
154,2004-11-26,sh600988,¶«·½±¦Áú,9.66,9.7,9.52,9.61,9.61,0.05,0.5203,0.4877,121914,1172125.0,875000868.0,241500000.0
155,2004-11-29,sh600988,¶«·½±¦Áú,9.44,9.66,9.44,9.66,9.66,-0.22,-2.2774,0.5272,131800,1256269.0,855073312.0,236000000.0
156,2004-11-30,sh600988,¶«·½±¦Áú,9.55,9.66,9.39,9.45,9.44,0.11,1.1653,0.172,43000,406098.0,865037090.0,238750000.0
157,2004-12-01,sh600988,¶«·½±¦Áú,9.44,9.55,9.44,9.55,9.55,-0.11,-1.1518,0.2908,72700,690130.0,855073312.0,236000000.0
158,2004-12-02,sh600988,¶«·½±¦Áú,9.43,9.45,9.34,9.44,9.44,-0.01,-0.1059,0.3499,87480,821680.0,854167514.0,235750000.0
159,2004-12-03,sh600988,¶«·½±¦Áú,9.6,9.67,9.36,9.44,9.43,0.17,1.8028,0.428,107010,1020423.0,869566080.0,240000000.0
160,2004-12-06,sh600988,¶«·½±¦Áú,9.59,9.66,9.5,9.6,9.6,-0.01,-0.1042,0.2334,58350,558017.0,868660282.0,239750000.0
161,2004-12-07,sh600988,¶«·½±¦Áú,9.43,9.7,9.43,9.7,9.59,-0.16,-1.6684,0.3164,79100,753566.0,854167514.0,235750000.0
162,2004-12-08,sh600988,¶«·½±¦Áú,9.37,9.63,9.36,9.63,9.43,-0.06,-0.6363,0.2381,59533,561040.0,848732726.0,234250000.0
163,2004-12-09,sh600988,¶«·½±¦Áú,9.39,9.6,9.29,9.37,9.37,0.02,0.2134,0.3798,94955,892845.0,850544322.0,234750000.0
164,2004-12-10,sh600988,¶«·½±¦Áú,9.29,9.49,9.25,9.39,9.39,-0.1,-1.065,0.2988,74700,696293.0,841486342.0,232250000.0
165,2004-12-13,sh600988,¶«·½±¦Áú,9.16,9.5,9.16,9.28,9.29,-0.13,-1.3994,0.2436,60900,562163.0,829710968.0,229000000.0
166,2004-12-14,sh600988,¶«·½±¦Áú,9.09,9.18,9.09,9.16,9.16,-0.07,-0.7642,0.2026,50650,462081.0,823370382.0,227250000.0
167,2004-12-15,sh600988,¶«·½±¦Áú,9.14,9.15,9.07,9.09,9.09,0.05,0.5501,0.1507,37685,342662.0,827899372.0,228500000.0
168,2004-12-16,sh600988,¶«·½±¦Áú,9.11,9.18,9.07,9.07,9.14,-0.03,-0.3282,0.0952,23800,217214.0,825181978.0,227750000.0
169,2004-12-17,sh600988,¶«·½±¦Áú,9.01,9.1,9.0,9.07,9.11,-0.1,-1.0977,0.1855,46380,419506.0,816123998.0,225250000.0
170,2004-12-20,sh600988,¶«·½±¦Áú,9.19,9.36,8.89,9.0,9.01,0.18,1.9978,0.3665,91629,824776.0,832428362.0,229750000.0
171,2004-12-21,sh600988,¶«·½±¦Áú,9.44,9.45,9.19,9.19,9.19,0.25,2.7203,0.488,122001,1135125.0,855073312.0,236000000.0
172,2004-12-22,sh600988,¶«·½±¦Áú,9.53,9.55,9.43,9.44,9.44,0.09,0.9534,0.295,73752,699794.0,863225494.0,238250000.0
173,2004-12-23,sh600988,¶«·½±¦Áú,9.37,9.6,9.37,9.53,9.53,-0.16,-1.6789,0.3785,94630,894973.0,848732726.0,234250000.0
174,2004-12-24,sh600988,¶«·½±¦Áú,9.3,9.49,9.26,9.37,9.37,-0.07,-0.7471,0.3216,80400,749237.0,842392140.0,232500000.0
175,2004-12-27,sh600988,¶«·½±¦Áú,9.26,9.55,9.26,9.3,9.3,-0.04,-0.4301,0.1396,34900,324331.0,838768948.0,231500000.0
176,2004-12-28,sh600988,¶«·½±¦Áú,9.24,9.44,9.24,9.44,9.26,-0.02,-0.216,0.0944,23600,218516.0,836957352.0,231000000.0
177,2004-12-29,sh600988,¶«·½±¦Áú,9.17,9.44,9.17,9.24,9.24,-0.07,-0.7576,0.2844,71100,655898.0,830616766.0,229250000.0
178,2004-12-30,sh600988,¶«·½±¦Áú,9.18,9.38,9.14,9.17,9.17,0.01,0.1091,0.1112,27800,255036.0,831522564.0,229500000.0
179,2004-12-31,sh600988,¶«·½±¦Áú,9.16,9.36,9.16,9.18,9.18,-0.02,-0.2179,0.1056,26400,242608.0,829710968.0,229000000.0
180,2005-01-04,sh600988,¶«·½±¦Áú,9.24,9.3,9.13,9.16,9.16,0.08,0.8734,0.2479,61984,569254.0,836957352.0,231000000.0
181,2005-01-05,sh600988,¶«·½±¦Áú,9.34,9.36,9.22,9.24,9.24,0.1,1.0823,0.2664,66590,618392.0,846015332.0,233500000.0
182,2005-01-06,sh600988,¶«·½±¦Áú,9.26,9.45,9.25,9.34,9.34,-0.08,-0.8565,0.2724,68099,633464.0,838768948.0,231500000.0
183,2005-01-07,sh600988,¶«·½±¦Áú,9.37,9.4,9.26,9.26,9.26,0.11,1.1879,0.2474,61850,578891.0,848732726.0,234250000.0
184,2005-01-10,sh600988,¶«·½±¦Áú,9.54,9.6,9.37,9.37,9.37,0.17,1.8143,0.3989,99733,949436.0,864131292.0,238500000.0
185,2005-01-11,sh600988,¶«·½±¦Áú,9.5,9.6,9.5,9.54,9.54,-0.04,-0.4193,0.2267,56667,540826.0,860508100.0,237500000.0
186,2005-01-12,sh600988,¶«·½±¦Áú,9.58,9.59,9.5,9.5,9.5,0.08,0.8421,0.1742,43550,415737.0,867754484.0,239500000.0
187,2005-01-13,sh600988,¶«·½±¦Áú,9.58,9.8,9.54,9.58,9.58,0.0,0.0,0.2259,56465,540900.0,867754484.0,239500000.0
188,2005-01-14,sh600988,¶«·½±¦Áú,9.47,9.64,9.47,9.57,9.58,-0.11,-1.1482,0.2884,72100,687463.0,857790706.0,236750000.0
189,2005-01-17,sh600988,¶«·½±¦Áú,9.15,9.58,9.15,9.58,9.47,-0.32,-3.3791,0.7556,188900,1758151.0,828805170.0,228750000.0
190,2005-01-18,sh600988,¶«·½±¦Áú,9.21,9.48,9.12,9.15,9.15,0.06,0.6557,0.1732,43295,397150.0,834239958.0,230250000.0
191,2005-01-19,sh600988,¶«·½±¦Áú,9.18,9.38,9.17,9.21,9.21,-0.03,-0.3257,0.2398,59954,552480.0,831522564.0,229500000.0
192,2005-01-20,sh600988,¶«·½±¦Áú,9.19,9.34,9.11,9.18,9.18,0.01,0.1089,0.3164,79099,725869.0,832428362.0,229750000.0
193,2005-01-21,sh600988,¶«·½±¦Áú,9.26,9.3,9.1,9.19,9.19,0.07,0.7617,0.4354,108850,998706.0,838768948.0,231500000.0
194,2005-01-24,sh600988,¶«·½±¦Áú,9.43,9.6,9.33,9.4,9.26,0.17,1.8359,0.1605,40120,378089.0,854167514.0,235750000.0
195,2005-01-25,sh600988,¶«·½±¦Áú,9.38,9.53,9.36,9.43,9.43,-0.05,-0.5302,0.2256,56400,529722.0,849638524.0,234500000.0
196,2005-01-26,sh600988,¶«·½±¦Áú,9.52,9.54,9.35,9.38,9.38,0.14,1.4925,0.5156,128904,1217177.0,862319696.0,238000000.0
197,2005-01-27,sh600988,¶«·½±¦Áú,9.39,9.6,9.38,9.52,9.52,-0.13,-1.3655,0.5799,144982,1372083.0,850544322.0,234750000.0
198,2005-01-28,sh600988,¶«·½±¦Áú,9.28,9.46,9.26,9.39,9.39,-0.11,-1.1715,0.4564,114100,1065784.0,840580544.0,232000000.0
199,2005-01-31,sh600988,¶«·½±¦Áú,9.28,9.47,9.15,9.28,9.28,0.0,0.0,0.4411,110284,1018037.0,840580544.0,232000000.0
200,2005-02-01,sh600988,¶«·½±¦Áú,9.24,9.43,9.24,9.28,9.28,-0.04,-0.431,0.1948,48692,451772.0,836957352.0,231000000.0
201,2005-02-02,sh600988,¶«·½±¦Áú,9.93,10.08,9.24,9.24,9.24,0.69,7.4675,1.7668,441711,4294091.0,899457414.0,248250000.0
202,2005-02-03,sh600988,¶«·½±¦Áú,0.0,0.0,0.0,0.0,9.93,,,0.0,0,0.0,899457414.0,248250000.0
203,2005-02-04,sh600988,¶«·½±¦Áú,9.76,9.92,9.7,9.92,9.93,-0.17,-1.712,1.1933,298326,2924193.0,884058848.0,244000000.0
204,2005-02-16,sh600988,¶«·½±¦Áú,10.05,10.17,9.76,9.76,9.76,0.29,2.9713,0.8755,218864,2200478.0,910326990.0,251250000.0
205,2005-02-17,sh600988,¶«·½±¦Áú,10.04,10.08,9.95,10.08,10.05,-0.01,-0.0995,0.4156,103905,1039508.0,909421192.0,251000000.0
206,2005-02-18,sh600988,¶«·½±¦Áú,9.93,10.09,9.92,10.05,10.04,-0.11,-1.0956,0.3257,81430,813491.0,899457414.0,248250000.0
207,2005-02-21,sh600988,¶«·½±¦Áú,10.92,10.92,9.93,9.93,9.93,0.99,9.9698,4.7096,1177392,12595635.0,989131416.0,273000000.0
208,2005-02-22,sh600988,¶«·½±¦Áú,12.01,12.01,10.88,10.92,10.92,1.09,9.9817,8.1597,2039929,23353718.0,1087863398.0,300250000.0
209,2005-02-23,sh600988,¶«·½±¦Áú,13.21,13.21,13.21,13.21,12.01,1.2,9.9917,6.4117,1602926,21174652.0,1196559158.0,330250000.0
210,2005-02-24,sh600988,¶«·½±¦Áú,11.89,14.53,11.89,14.53,13.21,-1.32,-9.9924,43.1805,10795126,131011609.0,1076993822.0,297250000.0
211,2005-02-25,sh600988,¶«·½±¦Áú,10.7,11.15,10.7,10.72,11.89,-1.19,-10.0084,26.2017,6550432,71226803.0,969203860.0,267500000.0
212,2005-02-28,sh600988,¶«·½±¦Áú,10.56,10.75,10.3,10.5,10.7,-0.14,-1.3084,12.6722,3168050,33281978.0,956522688.0,264000000.0
213,2005-03-01,sh600988,¶«·½±¦Áú,10.45,10.67,10.32,10.5,10.56,-0.11,-1.0417,8.0845,2021118,21240011.0,946558910.0,261250000.0
214,2005-03-02,sh600988,¶«·½±¦Áú,10.06,10.54,9.95,10.5,10.45,-0.39,-3.7321,11.6792,2919788,29696929.0,911232788.0,251500000.0
215,2005-03-03,sh600988,¶«·½±¦Áú,10.12,10.23,9.98,10.03,10.06,0.06,0.5964,5.3015,1325367,13414149.0,916667576.0,253000000.0
216,2005-03-04,sh600988,¶«·½±¦Áú,9.81,10.15,9.72,10.08,10.12,-0.31,-3.0632,7.6256,1906412,18790752.0,888587838.0,245250000.0
217,2005-03-07,sh600988,¶«·½±¦Áú,9.95,10.02,9.76,9.85,9.81,0.14,1.4271,5.2416,1310411,13004202.0,901269010.0,248750000.0
218,2005-03-08,sh600988,¶«·½±¦Áú,10.17,10.19,9.85,9.98,9.95,0.22,2.2111,5.5767,1394170,13963964.0,921196566.0,254250000.0
219,2005-03-09,sh600988,¶«·½±¦Áú,9.97,10.2,9.92,10.16,10.17,-0.2,-1.9666,4.6196,1154894,11591822.0,903080606.0,249250000.0
220,2005-03-10,sh600988,¶«·½±¦Áú,9.76,9.99,9.73,9.97,9.97,-0.21,-2.1063,4.5327,1133183,11128063.0,884058848.0,244000000.0
221,2005-03-11,sh600988,¶«·½±¦Áú,9.47,9.79,9.45,9.75,9.76,-0.29,-2.9713,5.6287,1407171,13422301.0,857790706.0,236750000.0
222,2005-03-14,sh600988,¶«·½±¦Áú,9.56,9.68,9.45,9.46,9.47,0.09,0.9504,3.5365,884118,8474055.0,865942888.0,239000000.0
223,2005-03-15,sh600988,¶«·½±¦Áú,9.0,9.59,8.91,9.58,9.56,-0.56,-5.8577,9.0422,2260557,20588134.0,815218200.0,225000000.0
224,2005-03-16,sh600988,¶«·½±¦Áú,8.88,9.01,8.68,8.95,9.0,-0.12,-1.3333,4.3769,1094232,9670900.0,804348624.0,222000000.0
225,2005-03-17,sh600988,¶«·½±¦Áú,8.82,9.07,8.77,8.86,8.88,-0.06,-0.6757,3.9342,983538,8779118.0,798913836.0,220500000.0
226,2005-03-18,sh600988,¶«·½±¦Áú,8.42,8.79,8.38,8.79,8.82,-0.4,-4.5351,5.4706,1367657,11619567.0,762681916.0,210500000.0
227,2005-03-21,sh600988,¶«·½±¦Áú,8.33,8.44,8.25,8.39,8.42,-0.09,-1.0689,1.8643,466075,3884973.0,754529734.0,208250000.0
228,2005-03-22,sh600988,¶«·½±¦Áú,7.9,8.39,7.84,8.33,8.33,-0.43,-5.1621,3.8254,956356,7713626.0,715580420.0,197500000.0
229,2005-03-23,sh600988,¶«·½±¦Áú,7.99,8.22,7.88,7.9,7.9,0.09,1.1392,2.7788,694704,5595771.0,723732602.0,199750000.0
230,2005-03-24,sh600988,¶«·½±¦Áú,8.01,8.1,7.84,7.86,7.99,0.02,0.2503,2.1039,525971,4183354.0,725544198.0,200250000.0
231,2005-03-25,sh600988,¶«·½±¦Áú,8.16,8.42,8.02,8.02,8.01,0.15,1.8727,4.8766,1219152,10026625.0,739131168.0,204000000.0
232,2005-03-28,sh600988,¶«·½±¦Áú,7.83,8.18,7.69,8.0,8.16,-0.33,-4.0441,2.7517,687935,5397105.0,709239834.0,195750000.0
233,2005-03-29,sh600988,¶«·½±¦Áú,7.79,7.94,7.75,7.83,7.83,-0.04,-0.5109,1.4263,356586,2790980.0,705616642.0,194750000.0
234,2005-03-30,sh600988,¶«·½±¦Áú,7.39,7.77,7.39,7.77,7.79,-0.4,-5.1348,2.8572,714298,5363148.0,669384722.0,184750000.0
235,2005-03-31,sh600988,¶«·½±¦Áú,7.47,7.52,7.28,7.38,7.39,0.08,1.0825,1.5224,380603,2823796.0,676631106.0,186750000.0
236,2005-04-01,sh600988,¶«·½±¦Áú,7.61,7.69,7.03,7.4,7.47,0.14,1.8742,5.0989,1274713,9376553.0,689312278.0,190250000.0
237,2005-04-04,sh600988,¶«·½±¦Áú,7.23,7.49,7.15,7.49,7.61,-0.38,-4.9934,2.5946,648639,4748415.0,654891954.0,180750000.0
238,2005-04-05,sh600988,¶«·½±¦Áú,7.21,7.45,7.16,7.19,7.23,-0.02,-0.2766,1.814,453491,3321495.0,653080358.0,180250000.0
239,2005-04-06,sh600988,¶«·½±¦Áú,7.4,7.4,7.09,7.2,7.21,0.19,2.6352,2.261,565255,4103886.0,670290520.0,185000000.0
240,2005-04-07,sh600988,¶«·½±¦Áú,7.51,7.71,7.3,7.38,7.4,0.11,1.4865,5.2116,1302897,9848536.0,680254298.0,187750000.0
241,2005-04-08,sh600988,¶«·½±¦Áú,7.61,7.62,7.42,7.55,7.51,0.1,1.3316,3.2694,817345,6144546.0,689312278.0,190250000.0
242,2005-04-11,sh600988,¶«·½±¦Áú,7.44,7.6,7.39,7.6,7.61,-0.17,-2.2339,3.2759,818984,6137976.0,673913712.0,186000000.0
243,2005-04-12,sh600988,¶«·½±¦Áú,7.68,7.87,7.44,7.44,7.44,0.24,3.2258,10.2144,2553603,19733692.0,695652864.0,192000000.0
244,2005-04-13,sh600988,¶«·½±¦Áú,7.83,7.98,7.61,7.68,7.68,0.15,1.9531,5.9828,1495696,11652812.0,709239834.0,195750000.0
245,2005-04-14,sh600988,¶«·½±¦Áú,7.51,7.89,7.49,7.83,7.83,-0.32,-4.0868,4.3595,1089877,8290218.0,680254298.0,187750000.0
246,2005-04-15,sh600988,¶«·½±¦Áú,6.93,7.5,6.92,7.5,7.51,-0.58,-7.723,5.3235,1330879,9497544.0,627718014.0,173250000.0
247,2005-04-18,sh600988,¶«·½±¦Áú,6.44,6.73,6.31,6.7,6.93,-0.49,-7.0707,4.6787,1169666,7532610.0,583333912.0,161000000.0
248,2005-04-19,sh600988,¶«·½±¦Áú,6.47,6.51,6.37,6.45,6.44,0.03,0.4658,1.9062,476549,3059006.0,586051306.0,161750000.0
249,2005-04-20,sh600988,¶«·½±¦Áú,6.42,6.47,6.22,6.45,6.47,-0.05,-0.7728,2.21,552499,3492508.0,581522316.0,160500000.0
250,2005-04-21,sh600988,¶«·½±¦Áú,6.2,6.48,6.16,6.3,6.42,-0.22,-3.4268,1.9067,476680,2974561.0,561594760.0,155000000.0
251,2005-04-22,sh600988,¶«·½±¦Áú,5.87,6.24,5.73,6.24,6.2,-0.33,-5.3226,3.4026,850649,4986147.0,531703426.0,146750000.0
252,2005-04-25,sh600988,¶«·½±¦Áú,5.72,5.86,5.59,5.8,5.87,-0.15,-2.5554,2.0174,504346,2879658.0,518116456.0,143000000.0
253,2005-04-26,sh600988,¶«·½±¦Áú,5.79,5.88,5.65,5.68,5.72,0.07,1.2238,1.6657,416417,2414959.0,524457042.0,144750000.0
254,2005-04-27,sh600988,¶«·½±¦Áú,5.89,6.03,5.79,5.79,5.79,0.1,1.7271,2.3538,588439,3475514.0,533515022.0,147250000.0
255,2005-04-28,sh600988,¶«·½±¦Áú,5.87,6.0,5.51,5.81,5.89,-0.02,-0.3396,2.5125,628137,3645043.0,531703426.0,146750000.0
256,2005-04-29,sh600988,¶«·½±¦Áú,5.66,5.88,5.65,5.82,5.87,-0.21,-3.5775,1.7706,442647,2537329.0,512681668.0,141500000.0
257,2005-05-09,sh600988,¶«·½±¦Áú,5.09,5.5,5.09,5.5,5.66,-0.57,-10.0707,2.425,606262,3160053.0,461051182.0,127250000.0
258,2005-05-10,sh600988,¶«·½±¦Áú,4.85,4.94,4.62,4.94,5.09,-0.24,-4.7151,2.8894,722357,3438006.0,439312030.0,121250000.0
259,2005-05-11,sh600988,¶«·½±¦Áú,4.78,4.97,4.65,4.82,4.85,-0.07,-1.4433,2.3224,580590,2778610.0,432971444.0,119500000.0
260,2005-05-12,sh600988,¶«·½±¦Áú,4.8,4.93,4.69,4.7,4.78,0.02,0.4184,1.3324,333106,1595580.0,434783040.0,120000000.0
261,2005-05-13,sh600988,¶«·½±¦Áú,4.93,4.94,4.77,4.8,4.8,0.13,2.7083,1.7712,442806,2150735.0,446558414.0,123250000.0
262,2005-05-16,sh600988,¶«·½±¦Áú,4.89,4.92,4.8,4.89,4.93,-0.04,-0.8114,1.062,265494,1289273.0,442935222.0,122250000.0
263,2005-05-17,sh600988,¶«·½±¦Áú,4.98,5.07,4.83,4.88,4.89,0.09,1.8405,2.2131,553274,2754238.0,451087404.0,124500000.0
264,2005-05-18,sh600988,¶«·½±¦Áú,5.01,5.02,4.86,4.98,4.98,0.03,0.6024,1.4696,367402,1815550.0,453804798.0,125250000.0
265,2005-05-19,sh600988,¶«·½±¦Áú,4.98,5.03,4.93,5.01,5.01,-0.03,-0.5988,1.1231,280778,1397040.0,451087404.0,124500000.0
266,2005-05-20,sh600988,¶«·½±¦Áú,4.87,4.96,4.86,4.91,4.98,-0.11,-2.2088,1.4247,356165,1746523.0,441123626.0,121750000.0
267,2005-05-23,sh600988,¶«·½±¦Áú,4.49,4.77,4.48,4.68,4.87,-0.38,-7.8029,1.9252,481301,2220074.0,406703302.0,112250000.0
268,2005-05-24,sh600988,¶«·½±¦Áú,4.67,4.71,4.42,4.44,4.49,0.18,4.0089,1.9395,484879,2234648.0,423007666.0,116750000.0
269,2005-05-25,sh600988,¶«·½±¦Áú,4.79,4.85,4.6,4.71,4.67,0.12,2.5696,2.3461,586530,2778845.0,433877242.0,119750000.0
270,2005-05-26,sh600988,¶«·½±¦Áú,4.92,5.15,4.71,4.8,4.79,0.13,2.714,5.7077,1426931,7089454.0,445652616.0,123000000.0
271,2005-05-27,sh600988,¶«·½±¦Áú,0.0,0.0,0.0,0.0,4.92,,,0.0,0,0.0,445652616.0,123000000.0
272,2005-05-30,sh600988,¶«·½±¦Áú,4.86,4.89,4.66,4.8,4.92,-0.06,-1.2195,2.2146,553660,2641373.0,440217828.0,121500000.0
273,2005-05-31,sh600988,¶«·½±¦Áú,4.88,4.98,4.72,4.84,4.86,0.02,0.4115,2.2371,559271,2723080.0,442029424.0,122000000.0
274,2005-06-01,sh600988,¶«·½±¦Áú,4.75,4.88,4.68,4.85,4.88,-0.13,-2.6639,1.2166,304144,1444440.0,430254050.0,118750000.0
275,2005-06-02,sh600988,¶«·½±¦Áú,4.83,4.84,4.69,4.72,4.75,0.08,1.6842,1.366,341506,1622306.0,437500434.0,120750000.0
276,2005-06-03,sh600988,¶«·½±¦Áú,4.73,4.83,4.61,4.78,4.83,-0.1,-2.0704,1.3935,348384,1652954.0,428442454.0,118250000.0
277,2005-06-06,sh600988,¶«·½±¦Áú,4.79,4.8,4.62,4.73,4.73,0.06,1.2685,0.9848,246210,1158365.0,433877242.0,119750000.0
278,2005-06-07,sh600988,¶«·½±¦Áú,4.86,4.93,4.74,4.78,4.79,0.07,1.4614,2.2324,558092,2709284.0,440217828.0,121500000.0
279,2005-06-08,sh600988,¶«·½±¦Áú,5.21,5.27,4.84,4.85,4.86,0.35,7.2016,6.1367,1534171,7852463.0,471920758.0,130250000.0
280,2005-06-09,sh600988,¶«·½±¦Áú,5.36,5.58,5.12,5.19,5.21,0.15,2.8791,9.2945,2323622,12452327.0,485507728.0,134000000.0
281,2005-06-10,sh600988,¶«·½±¦Áú,5.19,5.42,5.17,5.35,5.36,-0.17,-3.1716,4.106,1026499,5445223.0,470109162.0,129750000.0
282,2005-06-13,sh600988,¶«·½±¦Áú,5.3,5.31,5.16,5.17,5.19,0.11,2.1195,1.9964,499105,2612387.0,480072940.0,132500000.0
283,2005-06-14,sh600988,¶«·½±¦Áú,5.13,5.42,5.11,5.3,5.3,-0.17,-3.2075,2.8668,716688,3785390.0,464674374.0,128250000.0
284,2005-06-15,sh600988,¶«·½±¦Áú,4.73,5.13,4.7,5.1,5.13,-0.4,-7.7973,3.6082,902045,4412660.0,428442454.0,118250000.0
285,2005-06-16,sh600988,¶«·½±¦Áú,4.85,4.86,4.68,4.7,4.73,0.12,2.537,1.8419,460470,2194596.0,439312030.0,121250000.0
286,2005-06-17,sh600988,¶«·½±¦Áú,4.74,4.88,4.7,4.85,4.85,-0.11,-2.268,1.6981,424533,2013822.0,429348252.0,118500000.0
287,2005-06-20,sh600988,¶«·½±¦Áú,4.88,4.9,4.55,4.74,4.74,0.14,2.9536,2.2476,561907,2671962.0,442029424.0,122000000.0
288,2005-06-21,sh600988,¶«·½±¦Áú,4.96,5.28,4.92,5.28,4.88,0.08,1.6393,3.925,981238,4942300.0,449275808.0,124000000.0
289,2005-06-22,sh600988,¶«·½±¦Áú,4.96,5.0,4.84,4.92,4.96,0.0,0.0,1.9024,475599,2334188.0,449275808.0,124000000.0
290,2005-06-23,sh600988,¶«·½±¦Áú,5.0,5.19,4.95,4.96,4.96,0.04,0.8065,3.4935,873366,4424923.0,452899000.0,125000000.0
291,2005-06-24,sh600988,¶«·½±¦Áú,5.01,5.03,4.9,5.0,5.0,0.01,0.2,1.1428,285709,1425437.0,453804798.0,125250000.0
292,2005-06-27,sh600988,¶«·½±¦Áú,5.17,5.27,5.03,5.12,5.01,0.16,3.1936,5.5561,1389033,7177272.0,468297566.0,129250000.0
293,2005-06-28,sh600988,¶«·½±¦Áú,4.92,5.16,4.88,5.16,5.17,-0.25,-4.8356,3.1456,786397,3929380.0,445652616.0,123000000.0
294,2005-06-29,sh600988,¶«·½±¦Áú,4.85,4.98,4.84,4.84,4.92,-0.07,-1.4228,1.5735,393368,1931638.0,439312030.0,121250000.0
295,2005-06-30,sh600988,¶«·½±¦Áú,4.68,4.85,4.65,4.82,4.85,-0.17,-3.5052,1.9663,491584,2329141.0,423913464.0,117000000.0
296,2005-07-01,sh600988,¶«·½±¦Áú,4.21,4.55,4.21,4.5,4.68,-0.47,-10.0427,5.3852,1346300,5772608.0,381340958.0,105250000.0
297,2005-07-04,sh600988,¶«·½±¦Áú,3.98,4.0,3.81,3.81,4.21,-0.23,-5.4632,2.6227,655684,2575622.0,360507604.0,99500000.0
298,2005-07-05,sh600988,¶«·½±¦Áú,4.0,4.07,3.91,3.95,3.98,0.02,0.5025,1.5253,381329,1523674.0,362319200.0,100000000.0
299,2005-07-06,sh600988,¶«·½±¦Áú,3.92,4.06,3.85,4.0,4.0,-0.08,-2.0,1.2208,305210,1204694.0,355072816.0,98000000.0
300,2005-07-07,sh600988,¶«·½±¦Áú,3.92,3.99,3.87,3.92,3.92,0.0,0.0,1.0962,274040,1076964.0,355072816.0,98000000.0
301,2005-07-08,sh600988,¶«·½±¦Áú,3.74,3.95,3.69,3.95,3.92,-0.18,-4.5918,1.6745,418620,1582476.0,338768452.0,93500000.0
302,2005-07-11,sh600988,¶«·½±¦Áú,3.69,3.9,3.68,3.78,3.74,-0.05,-1.3369,1.3228,330700,1254929.0,334239462.0,92250000.0
303,2005-07-12,sh600988,¶«·½±¦Áú,3.85,3.9,3.69,3.69,3.69,0.16,4.336,1.503,375741,1437018.0,348732230.0,96250000.0
304,2005-07-13,sh600988,¶«·½±¦Áú,3.88,3.95,3.8,3.85,3.85,0.03,0.7792,1.0506,262654,1016105.0,351449624.0,97000000.0
305,2005-07-14,sh600988,¶«·½±¦Áú,3.83,3.95,3.75,3.8,3.88,-0.05,-1.2887,1.2388,309700,1192519.0,346920634.0,95750000.0
306,2005-07-15,sh600988,¶«·½±¦Áú,3.69,3.87,3.67,3.85,3.83,-0.14,-3.6554,1.0904,272600,1020438.0,334239462.0,92250000.0
307,2005-07-18,sh600988,¶«·½±¦Áú,3.6,3.72,3.5,3.69,3.69,-0.09,-2.439,1.0299,257475,924053.0,326087280.0,90000000.0
308,2005-07-19,sh600988,¶«·½±¦Áú,3.59,3.67,3.56,3.6,3.6,-0.01,-0.2778,0.5975,149375,537637.0,325181482.0,89750000.0
309,2005-07-20,sh600988,¶«·½±¦Áú,3.71,3.73,3.56,3.62,3.59,0.12,3.3426,1.3012,325289,1186937.0,336051058.0,92750000.0
310,2005-07-21,sh600988,¶«·½±¦Áú,3.66,3.71,3.61,3.7,3.71,-0.05,-1.3477,0.6628,165698,606270.0,331522068.0,91500000.0
311,2005-07-22,sh600988,¶«·½±¦Áú,3.75,3.79,3.66,3.76,3.66,0.09,2.459,1.8425,460619,1725784.0,339674250.0,93750000.0
312,2005-07-25,sh600988,¶«·½±¦Áú,3.69,3.75,3.67,3.75,3.75,-0.06,-1.6,0.9146,228650,845899.0,334239462.0,92250000.0
313,2005-07-26,sh600988,¶«·½±¦Áú,3.81,3.83,3.68,3.73,3.69,0.12,3.252,1.5157,378923,1433603.0,345109038.0,95250000.0
314,2005-07-27,sh600988,¶«·½±¦Áú,3.91,3.94,3.77,3.77,3.81,0.1,2.6247,2.3193,579822,2242467.0,354167018.0,97750000.0
315,2005-07-28,sh600988,¶«·½±¦Áú,4.11,4.12,3.86,3.92,3.91,0.2,5.1151,5.7047,1426167,5743749.0,372282978.0,102750000.0
316,2005-07-29,sh600988,XD¶«·½±¦,4.02,4.28,3.95,4.16,4.1,-0.08,-1.9512,7.2708,1817704,7511483.0,364130796.0,100500000.0
317,2005-08-01,sh600988,¶«·½±¦Áú,3.98,4.0,3.82,4.0,4.02,-0.04,-0.995,3.0423,760579,2977228.0,360507604.0,99500000.0
318,2005-08-02,sh600988,¶«·½±¦Áú,4.05,4.07,3.91,3.96,3.98,0.07,1.7588,3.1103,777568,3114748.0,366848190.0,101250000.0
319,2005-08-03,sh600988,¶«·½±¦Áú,4.27,4.38,4.04,4.06,4.05,0.22,5.4321,9.7719,2442985,10298050.0,386775746.0,106750000.0
320,2005-08-04,sh600988,¶«·½±¦Áú,4.13,4.25,4.1,4.2,4.27,-0.14,-3.2787,3.1518,787945,3261397.0,374094574.0,103250000.0
321,2005-08-05,sh600988,¶«·½±¦Áú,4.21,4.23,4.09,4.09,4.13,0.08,1.937,4.1539,1038466,4337125.0,381340958.0,105250000.0
322,2005-08-08,sh600988,¶«·½±¦Áú,4.3,4.36,4.21,4.21,4.21,0.09,2.1378,5.2643,1316075,5643751.0,389493140.0,107500000.0
323,2005-08-09,sh600988,¶«·½±¦Áú,4.35,4.36,4.21,4.3,4.3,0.05,1.1628,4.1456,1036407,4450333.0,394022130.0,108750000.0
324,2005-08-10,sh600988,¶«·½±¦Áú,4.66,4.78,4.31,4.38,4.35,0.31,7.1264,9.4096,2352392,10649279.0,422101868.0,116500000.0
325,2005-08-11,sh600988,¶«·½±¦Áú,4.56,4.66,4.52,4.66,4.66,-0.1,-2.1459,7.4417,1860433,8498730.0,413043888.0,114000000.0
326,2005-08-12,sh600988,¶«·½±¦Áú,4.5,4.76,4.46,4.56,4.56,-0.06,-1.3158,7.2361,1809031,8347320.0,407609100.0,112500000.0
327,2005-08-15,sh600988,¶«·½±¦Áú,4.62,4.63,4.34,4.46,4.5,0.12,2.6667,6.2153,1553835,6945861.0,418478676.0,115500000.0
328,2005-08-16,sh600988,¶«·½±¦Áú,4.52,4.65,4.44,4.59,4.62,-0.1,-2.1645,4.4542,1113549,5055913.0,409420696.0,113000000.0
329,2005-08-17,sh600988,¶«·½±¦Áú,4.6,4.61,4.33,4.5,4.52,0.08,1.7699,4.5062,1126562,5047649.0,416667080.0,115000000.0
330,2005-08-18,sh600988,¶«·½±¦Áú,4.43,4.8,4.39,4.58,4.6,-0.17,-3.6957,7.1124,1778091,8343884.0,401268514.0,110750000.0
331,2005-08-19,sh600988,¶«·½±¦Áú,4.37,4.47,4.22,4.45,4.43,-0.06,-1.3544,3.7126,928154,4027154.0,395833726.0,109250000.0
332,2005-08-22,sh600988,¶«·½±¦Áú,4.39,4.46,4.29,4.32,4.37,0.02,0.4577,2.4979,624476,2731473.0,397645322.0,109750000.0
333,2005-08-23,sh600988,¶«·½±¦Áú,4.27,4.45,4.18,4.37,4.39,-0.12,-2.7335,2.5661,641529,2745511.0,386775746.0,106750000.0
334,2005-08-24,sh600988,¶«·½±¦Áú,4.37,4.4,4.21,4.28,4.27,0.1,2.3419,3.1565,789118,3385828.0,395833726.0,109250000.0
335,2005-08-25,sh600988,¶«·½±¦Áú,4.38,4.4,4.29,4.38,4.37,0.01,0.2288,2.251,562754,2450341.0,396739524.0,109500000.0
336,2005-08-26,sh600988,¶«·½±¦Áú,4.57,4.79,4.38,4.43,4.38,0.19,4.3379,6.8927,1723187,7958512.0,413949686.0,114250000.0
337,2005-08-29,sh600988,¶«·½±¦Áú,4.52,4.72,4.51,4.55,4.57,-0.05,-1.0941,3.8117,952935,4372842.0,409420696.0,113000000.0
338,2005-08-30,sh600988,¶«·½±¦Áú,4.52,4.59,4.48,4.48,4.52,0.0,0.0,2.3885,597120,2703764.0,409420696.0,113000000.0
339,2005-08-31,sh600988,¶«·½±¦Áú,4.7,4.76,4.46,4.5,4.52,0.18,3.9823,5.6449,1411227,6575052.0,425725060.0,117500000.0
340,2005-09-01,sh600988,¶«·½±¦Áú,4.89,4.94,4.66,4.75,4.7,0.19,4.0426,6.7823,1695579,8165834.0,442935222.0,122250000.0
341,2005-09-02,sh600988,¶«·½±¦Áú,5.0,5.08,4.82,4.86,4.89,0.11,2.2495,7.948,1987007,9797161.0,452899000.0,125000000.0
342,2005-09-05,sh600988,¶«·½±¦Áú,5.0,5.1,4.88,5.0,5.0,0.0,0.0,4.5468,1136695,5642235.0,452899000.0,125000000.0
343,2005-09-06,sh600988,¶«·½±¦Áú,4.77,5.03,4.76,5.0,5.0,-0.23,-4.6,4.846,1211500,5941752.0,432065646.0,119250000.0
344,2005-09-07,sh600988,¶«·½±¦Áú,4.94,4.97,4.7,4.75,4.77,0.17,3.5639,4.5671,1141775,5552761.0,447464212.0,123500000.0
345,2005-09-08,sh600988,¶«·½±¦Áú,4.91,5.0,4.78,4.95,4.94,-0.03,-0.6073,3.1162,779041,3826175.0,444746818.0,122750000.0
346,2005-09-09,sh600988,¶«·½±¦Áú,4.91,4.95,4.8,4.88,4.91,0.0,0.0,2.234,558488,2727224.0,444746818.0,122750000.0
347,2005-09-12,sh600988,¶«·½±¦Áú,5.15,5.38,4.91,4.91,4.91,0.24,4.888,10.0024,2500601,13028573.0,466485970.0,128750000.0
348,2005-09-13,sh600988,¶«·½±¦Áú,5.28,5.32,5.05,5.1,5.15,0.13,2.5243,6.0094,1502362,7863825.0,478261344.0,132000000.0
349,2005-09-14,sh600988,¶«·½±¦Áú,5.59,5.75,5.29,5.3,5.28,0.31,5.8712,11.9941,2998522,16703469.0,506341082.0,139750000.0
350,2005-09-15,sh600988,¶«·½±¦Áú,5.59,5.69,5.45,5.58,5.59,0.0,0.0,5.6445,1411118,7838004.0,506341082.0,139750000.0
351,2005-09-16,sh600988,¶«·½±¦Áú,5.49,5.59,5.42,5.56,5.59,-0.1,-1.7889,4.6695,1167364,6417796.0,497283102.0,137250000.0
352,2005-09-19,sh600988,¶«·½±¦Áú,0.0,0.0,0.0,0.0,5.49,,,0.0,0,0.0,497283102.0,137250000.0
353,2005-09-20,sh600988,¶«·½±¦Áú,5.91,5.99,5.56,5.6,5.49,0.42,7.6503,10.8834,2720839,15816147.0,535326618.0,147750000.0
354,2005-09-21,sh600988,¶«·½±¦Áú,5.74,5.95,5.68,5.91,5.91,-0.17,-2.8765,6.8042,1701053,9802224.0,519928052.0,143500000.0
355,2005-09-22,sh600988,¶«·½±¦Áú,5.3,5.75,5.17,5.75,5.74,-0.44,-7.6655,6.0139,1503475,8053825.0,480072940.0,132500000.0
356,2005-09-23,sh600988,¶«·½±¦Áú,5.04,5.26,4.99,5.18,5.3,-0.26,-4.9057,3.4973,874323,4463114.0,456522192.0,126000000.0
357,2005-09-26,sh600988,¶«·½±¦Áú,5.07,5.09,4.92,5.02,5.04,0.03,0.5952,2.6185,654632,3288920.0,459239586.0,126750000.0
358,2005-09-27,sh600988,¶«·½±¦Áú,5.08,5.27,5.03,5.1,5.07,0.01,0.1972,4.2673,1066813,5494671.0,460145384.0,127000000.0
359,2005-09-28,sh600988,¶«·½±¦Áú,4.71,5.08,4.7,5.02,5.08,-0.37,-7.2835,4.2369,1059214,5128293.0,426630858.0,117750000.0
360,2005-09-29,sh600988,¶«·½±¦Áú,4.86,4.87,4.7,4.7,4.71,0.15,3.1847,2.3495,587370,2824828.0,440217828.0,121500000.0
361,2005-09-30,sh600988,¶«·½±¦Áú,4.82,4.89,4.79,4.89,4.86,-0.04,-0.823,1.1534,288346,1393755.0,436594636.0,120500000.0
362,2005-10-10,sh600988,¶«·½±¦Áú,4.57,4.82,4.52,4.82,4.82,-0.25,-5.1867,1.8654,466349,2178357.0,413949686.0,114250000.0
363,2005-10-11,sh600988,¶«·½±¦Áú,4.71,4.74,4.5,4.51,4.57,0.14,3.0635,1.4667,366669,1706520.0,426630858.0,117750000.0
364,2005-10-12,sh600988,¶«·½±¦Áú,4.86,4.93,4.65,4.72,4.71,0.15,3.1847,2.1496,537409,2581913.0,440217828.0,121500000.0
365,2005-10-13,sh600988,¶«·½±¦Áú,4.89,4.92,4.77,4.81,4.86,0.03,0.6173,2.1524,538110,2604073.0,442935222.0,122250000.0
366,2005-10-14,sh600988,¶«·½±¦Áú,4.68,4.87,4.68,4.86,4.89,-0.21,-4.2945,1.6176,404400,1923161.0,423913464.0,117000000.0
367,2005-10-17,sh600988,¶«·½±¦Áú,4.73,4.78,4.6,4.65,4.68,0.05,1.0684,1.0533,263319,1231254.0,428442454.0,118250000.0
368,2005-10-18,sh600988,¶«·½±¦Áú,4.93,4.99,4.71,4.73,4.73,0.2,4.2283,3.0726,768147,3759578.0,446558414.0,123250000.0
369,2005-10-19,sh600988,¶«·½±¦Áú,5.42,5.42,5.0,5.0,4.93,0.49,9.9391,7.5609,1890219,10167084.0,490942516.0,135500000.0
370,2005-10-20,sh600988,¶«·½±¦Áú,5.1,5.64,5.08,5.61,5.42,-0.32,-5.9041,8.8306,2207654,11664900.0,461956980.0,127500000.0
371,2005-10-21,sh600988,¶«·½±¦Áú,5.18,5.35,5.0,5.1,5.1,0.08,1.5686,4.3548,1088689,5619853.0,469203364.0,129500000.0
372,2005-10-24,sh600988,¶«·½±¦Áú,5.09,5.21,5.01,5.18,5.18,-0.09,-1.7375,2.406,601502,3059851.0,461051182.0,127250000.0
373,2005-10-25,sh600988,¶«·½±¦Áú,4.79,5.12,4.76,5.1,5.09,-0.3,-5.8939,3.9414,985340,4792016.0,433877242.0,119750000.0
374,2005-10-26,sh600988,¶«·½±¦Áú,4.64,4.83,4.6,4.79,4.79,-0.15,-3.1315,2.0734,518345,2419466.0,420290272.0,116000000.0
375,2005-10-27,sh600988,¶«·½±¦Áú,4.61,4.75,4.6,4.65,4.64,-0.03,-0.6466,1.694,423494,1976485.0,417572878.0,115250000.0
376,2005-10-28,sh600988,¶«·½±¦Áú,4.37,4.69,4.3,4.59,4.61,-0.24,-5.2061,2.2986,574642,2543664.0,395833726.0,109250000.0
377,2005-10-31,sh600988,¶«·½±¦Áú,4.45,4.5,4.32,4.5,4.37,0.08,1.8307,0.9671,241769,1067569.0,403080110.0,111250000.0
378,2005-11-01,sh600988,¶«·½±¦Áú,4.33,4.46,4.26,4.45,4.45,-0.12,-2.6966,1.4018,350451,1521826.0,392210534.0,108250000.0
379,2005-11-02,sh600988,¶«·½±¦Áú,4.46,4.47,4.27,4.28,4.33,0.13,3.0023,1.6836,420903,1862141.0,403985908.0,111500000.0
380,2005-11-03,sh600988,¶«·½±¦Áú,4.37,4.5,4.35,4.46,4.46,-0.09,-2.0179,1.6373,409321,1801867.0,395833726.0,109250000.0
381,2005-11-04,sh600988,¶«·½±¦Áú,4.41,4.43,4.31,4.4,4.37,0.04,0.9153,0.8558,213949,934328.0,399456918.0,110250000.0
382,2005-11-07,sh600988,¶«·½±¦Áú,4.51,4.52,4.31,4.38,4.41,0.1,2.2676,1.15,287490,1268071.0,408514898.0,112750000.0
383,2005-11-08,sh600988,¶«·½±¦Áú,4.59,4.62,4.42,4.49,4.51,0.08,1.7738,1.9567,489168,2222754.0,415761282.0,114750000.0
384,2005-11-09,sh600988,¶«·½±¦Áú,5.05,5.05,4.81,4.81,4.59,0.46,10.0218,5.3567,1339183,6723908.0,457427990.0,126250000.0
385,2005-11-10,sh600988,¶«·½±¦Áú,4.65,5.05,4.62,5.05,5.05,-0.4,-7.9208,6.3056,1576393,7590783.0,421196070.0,116250000.0
386,2005-11-11,sh600988,¶«·½±¦Áú,4.47,4.62,4.39,4.52,4.65,-0.18,-3.871,3.4999,874987,3925991.0,404891706.0,111750000.0
387,2005-11-14,sh600988,¶«·½±¦Áú,4.52,4.56,4.43,4.49,4.47,0.05,1.1186,1.3545,338630,1522801.0,409420696.0,113000000.0
388,2005-11-15,sh600988,¶«·½±¦Áú,4.5,4.65,4.47,4.51,4.52,-0.02,-0.4425,1.6104,402600,1839137.0,407609100.0,112500000.0
389,2005-11-16,sh600988,¶«·½±¦Áú,4.54,4.55,4.35,4.47,4.5,0.04,0.8889,1.8178,454440,2007230.0,411232292.0,113500000.0
390,2005-11-17,sh600988,¶«·½±¦Áú,4.66,4.74,4.47,4.5,4.54,0.12,2.6432,2.4215,605378,2781927.0,422101868.0,116500000.0
391,2005-11-18,sh600988,¶«·½±¦Áú,4.74,4.78,4.56,4.62,4.66,0.08,1.7167,3.2939,823475,3872584.0,429348252.0,118500000.0
392,2005-11-21,sh600988,¶«·½±¦Áú,4.72,4.87,4.67,4.84,4.74,-0.02,-0.4219,1.5054,376345,1782107.0,427536656.0,118000000.0
393,2005-11-22,sh600988,¶«·½±¦Áú,4.54,4.78,4.52,4.73,4.72,-0.18,-3.8136,1.4384,359600,1672937.0,411232292.0,113500000.0
394,2005-11-23,sh600988,¶«·½±¦Áú,4.59,4.62,4.5,4.5,4.54,0.05,1.1013,1.2361,309027,1416889.0,415761282.0,114750000.0
395,2005-11-24,sh600988,¶«·½±¦Áú,4.61,4.64,4.52,4.55,4.59,0.02,0.4357,1.1581,289520,1332489.0,417572878.0,115250000.0
396,2005-11-25,sh600988,¶«·½±¦Áú,4.71,4.78,4.58,4.63,4.61,0.1,2.1692,1.9174,479359,2256017.0,426630858.0,117750000.0
397,2005-11-28,sh600988,¶«·½±¦Áú,4.72,4.8,4.66,4.68,4.71,0.01,0.2123,1.7618,440460,2082506.0,427536656.0,118000000.0
398,2005-11-29,sh600988,¶«·½±¦Áú,4.51,4.74,4.51,4.6,4.72,-0.21,-4.4492,1.4476,361900,1661349.0,408514898.0,112750000.0
399,2005-11-30,sh600988,¶«·½±¦Áú,4.57,4.59,4.48,4.52,4.51,0.06,1.3304,1.1219,280466,1268803.0,413949686.0,114250000.0
400,2005-12-01,sh600988,¶«·½±¦Áú,4.57,4.58,4.48,4.55,4.57,0.0,0.0,0.5501,137528,625271.0,413949686.0,114250000.0
401,2005-12-02,sh600988,¶«·½±¦Áú,4.39,4.55,4.38,4.55,4.57,-0.18,-3.9387,1.6378,409451,1811922.0,397645322.0,109750000.0
402,2005-12-05,sh600988,¶«·½±¦Áú,4.24,4.38,4.22,4.33,4.39,-0.15,-3.4169,1.0882,272040,1168114.0,384058352.0,106000000.0
403,2005-12-06,sh600988,¶«·½±¦Áú,4.29,4.36,4.18,4.24,4.24,0.05,1.1792,0.5968,149190,637921.0,388587342.0,107250000.0
404,2005-12-07,sh600988,¶«·½±¦Áú,4.27,4.3,4.2,4.29,4.29,-0.02,-0.4662,1.3926,348158,1480875.0,386775746.0,106750000.0
405,2005-12-08,sh600988,¶«·½±¦Áú,4.22,4.3,4.2,4.29,4.27,-0.05,-1.171,0.8164,204100,864893.0,382246756.0,105500000.0
406,2005-12-09,sh600988,¶«·½±¦Áú,4.3,4.34,4.18,4.22,4.22,0.08,1.8957,1.1783,294568,1257282.0,389493140.0,107500000.0
407,2005-12-12,sh600988,¶«·½±¦Áú,4.38,4.42,4.3,4.3,4.3,0.08,1.8605,1.163,290739,1270096.0,396739524.0,109500000.0
408,2005-12-13,sh600988,¶«·½±¦Áú,4.36,4.38,4.28,4.35,4.38,-0.02,-0.4566,0.7218,180438,780391.0,394927928.0,109000000.0
409,2005-12-14,sh600988,¶«·½±¦Áú,4.41,4.42,4.3,4.33,4.36,0.05,1.1468,1.0817,270431,1181340.0,399456918.0,110250000.0
410,2005-12-15,sh600988,¶«·½±¦Áú,4.36,4.48,4.35,4.4,4.41,-0.05,-1.1338,1.0869,271734,1198957.0,394927928.0,109000000.0
411,2005-12-16,sh600988,¶«·½±¦Áú,4.37,4.39,4.31,4.31,4.36,0.01,0.2294,0.9356,233895,1013892.0,395833726.0,109250000.0
412,2005-12-19,sh600988,¶«·½±¦Áú,4.35,4.42,4.32,4.39,4.37,-0.02,-0.4577,0.7947,198669,864693.0,394022130.0,108750000.0
413,2005-12-20,sh600988,¶«·½±¦Áú,4.35,4.35,4.28,4.35,4.35,0.0,0.0,0.8012,200296,866108.0,394022130.0,108750000.0
414,2005-12-21,sh600988,¶«·½±¦Áú,4.26,4.38,4.2,4.35,4.35,-0.09,-2.069,1.1128,278201,1190576.0,385869948.0,106500000.0
415,2005-12-22,sh600988,¶«·½±¦Áú,4.25,4.27,4.16,4.22,4.26,-0.01,-0.2347,0.694,173499,732931.0,384964150.0,106250000.0
416,2005-12-23,sh600988,¶«·½±¦Áú,4.31,4.32,4.23,4.25,4.25,0.06,1.4118,0.7362,184057,789276.0,390398938.0,107750000.0
417,2005-12-26,sh600988,¶«·½±¦Áú,4.36,4.37,4.28,4.3,4.31,0.05,1.1601,1.0112,252812,1096499.0,394927928.0,109000000.0
418,2005-12-27,sh600988,¶«·½±¦Áú,4.36,4.37,4.31,4.31,4.36,0.0,0.0,0.7784,194607,845827.0,394927928.0,109000000.0
419,2005-12-28,sh600988,¶«·½±¦Áú,4.36,4.37,4.3,4.36,4.36,0.0,0.0,0.6952,173800,755947.0,394927928.0,109000000.0
420,2005-12-29,sh600988,¶«·½±¦Áú,4.38,4.41,4.33,4.36,4.36,0.02,0.4587,1.3605,340120,1486655.0,396739524.0,109500000.0
421,2005-12-30,sh600988,¶«·½±¦Áú,4.25,4.38,4.24,4.38,4.38,-0.13,-2.968,1.2232,305800,1313107.0,384964150.0,106250000.0
422,2006-01-04,sh600988,¶«·½±¦Áú,4.35,4.37,4.25,4.31,4.25,0.1,2.3529,1.083,270743,1168361.0,394022130.0,108750000.0
423,2006-01-05,sh600988,¶«·½±¦Áú,4.4,4.4,4.28,4.37,4.35,0.05,1.1494,2.0846,521148,2264014.0,398551120.0,110000000.0
424,2006-01-06,sh600988,¶«·½±¦Áú,4.42,4.47,4.33,4.39,4.4,0.02,0.4545,2.3123,578084,2549183.0,400362716.0,110500000.0
425,2006-01-09,sh600988,¶«·½±¦Áú,4.46,4.47,4.4,4.42,4.42,0.04,0.905,2.1107,527664,2345392.0,403985908.0,111500000.0
426,2006-01-10,sh600988,¶«·½±¦Áú,4.53,4.54,4.44,4.46,4.46,0.07,1.5695,2.5603,640068,2871318.0,410326494.0,113250000.0
427,2006-01-11,sh600988,¶«·½±¦Áú,4.43,4.53,4.4,4.51,4.53,-0.1,-2.2075,1.8315,457877,2037306.0,401268514.0,110750000.0
428,2006-01-12,sh600988,¶«·½±¦Áú,4.49,4.51,4.36,4.43,4.43,0.06,1.3544,2.0454,511351,2269916.0,406703302.0,112250000.0
429,2006-01-13,sh600988,¶«·½±¦Áú,4.58,4.63,4.45,4.48,4.49,0.09,2.0045,3.2774,819347,3725020.0,414855484.0,114500000.0
430,2006-01-16,sh600988,¶«·½±¦Áú,4.46,4.6,4.43,4.56,4.58,-0.12,-2.6201,1.7716,442888,2001040.0,403985908.0,111500000.0
431,2006-01-17,sh600988,¶«·½±¦Áú,4.43,4.47,4.4,4.47,4.46,-0.03,-0.6726,1.2492,312290,1383315.0,401268514.0,110750000.0
432,2006-01-18,sh600988,¶«·½±¦Áú,4.5,4.55,4.4,4.46,4.43,0.07,1.5801,1.6254,406355,1821886.0,407609100.0,112500000.0
433,2006-01-19,sh600988,¶«·½±¦Áú,4.53,4.55,4.45,4.5,4.5,0.03,0.6667,1.8243,456073,2056991.0,410326494.0,113250000.0
434,2006-01-20,sh600988,¶«·½±¦Áú,4.41,4.51,4.38,4.5,4.53,-0.12,-2.649,2.2628,565689,2511384.0,399456918.0,110250000.0
435,2006-01-23,sh600988,¶«·½±¦Áú,4.1,4.45,4.08,4.41,4.41,-0.31,-7.0295,5.618,1404512,5858141.0,371377180.0,102500000.0
436,2006-01-24,sh600988,¶«·½±¦Áú,4.09,4.15,4.06,4.07,4.1,-0.01,-0.2439,2.15,537494,2203479.0,370471382.0,102250000.0
437,2006-01-25,sh600988,¶«·½±¦Áú,4.0,4.13,3.94,4.09,4.09,-0.09,-2.2005,2.1396,534897,2139601.0,362319200.0,100000000.0
438,2006-02-06,sh600988,¶«·½±¦Áú,4.04,4.06,3.8,3.98,4.0,0.04,1.0,1.5956,398899,1605927.0,365942392.0,101000000.0
439,2006-02-07,sh600988,¶«·½±¦Áú,4.15,4.25,4.03,4.05,4.04,0.11,2.7228,3.49,872494,3610664.0,375906170.0,103750000.0
440,2006-02-08,sh600988,¶«·½±¦Áú,4.19,4.2,4.11,4.15,4.15,0.04,0.9639,1.9242,481055,2004319.0,379529362.0,104750000.0
441,2006-02-09,sh600988,¶«·½±¦Áú,4.14,4.23,4.12,4.2,4.19,-0.05,-1.1933,1.6401,410033,1706327.0,375000372.0,103500000.0
442,2006-02-10,sh600988,¶«·½±¦Áú,4.14,4.17,4.1,4.12,4.14,0.0,0.0,1.6556,413899,1707874.0,375000372.0,103500000.0
443,2006-02-13,sh600988,¶«·½±¦Áú,4.14,4.15,4.05,4.15,4.14,0.0,0.0,1.5346,383659,1568040.0,375000372.0,103500000.0
444,2006-02-14,sh600988,¶«·½±¦Áú,4.2,4.21,4.1,4.12,4.14,0.06,1.4493,1.9082,477050,1990329.0,380435160.0,105000000.0
445,2006-02-15,sh600988,¶«·½±¦Áú,4.18,4.21,4.14,4.2,4.2,-0.02,-0.4762,1.2273,306821,1280192.0,378623564.0,104500000.0
446,2006-02-16,sh600988,¶«·½±¦Áú,4.08,4.2,4.06,4.18,4.18,-0.1,-2.3923,2.0974,524355,2158726.0,369565584.0,102000000.0
447,2006-02-17,sh600988,¶«·½±¦Áú,4.03,4.13,4.02,4.05,4.08,-0.05,-1.2255,1.0492,262300,1069631.0,365036594.0,100750000.0
448,2006-02-20,sh600988,¶«·½±¦Áú,0.0,0.0,0.0,0.0,4.03,,,0.0,0,0.0,365036594.0,100750000.0
449,2006-02-21,sh600988,¶«·½±¦Áú,4.05,4.06,3.92,4.03,4.03,0.02,0.4963,1.7644,441100,1752697.0,366848190.0,101250000.0
450,2006-02-22,sh600988,¶«·½±¦Áú,4.05,4.09,4.01,4.05,4.05,0.0,0.0,1.3669,341717,1383828.0,366848190.0,101250000.0
451,2006-02-23,sh600988,¶«·½±¦Áú,4.25,4.25,4.04,4.05,4.05,0.2,4.9383,4.964,1240999,5183335.0,384964150.0,106250000.0
452,2006-02-24,sh600988,¶«·½±¦Áú,4.19,4.25,4.15,4.25,4.25,-0.06,-1.4118,2.3128,578206,2421393.0,379529362.0,104750000.0
453,2006-02-27,sh600988,¶«·½±¦Áú,4.15,4.22,4.14,4.2,4.19,-0.04,-0.9547,1.4698,367457,1531359.0,375906170.0,103750000.0
454,2006-02-28,sh600988,¶«·½±¦Áú,4.17,4.19,4.08,4.15,4.15,0.02,0.4819,1.7362,434050,1792505.0,377717766.0,104250000.0
455,2006-03-01,sh600988,¶«·½±¦Áú,4.2,4.21,4.12,4.15,4.17,0.03,0.7194,1.5751,393786,1639455.0,380435160.0,105000000.0
456,2006-03-02,sh600988,¶«·½±¦Áú,4.1,4.23,4.09,4.2,4.2,-0.1,-2.381,1.8798,469938,1953441.0,371377180.0,102500000.0
457,2006-03-03,sh600988,¶«·½±¦Áú,4.1,4.12,4.03,4.1,4.1,0.0,0.0,1.273,318261,1296807.0,371377180.0,102500000.0
458,2006-03-06,sh600988,¶«·½±¦Áú,4.06,4.1,4.04,4.1,4.1,-0.04,-0.9756,1.1359,283976,1152104.0,367753988.0,101500000.0
459,2006-03-07,sh600988,¶«·½±¦Áú,3.96,4.07,3.95,4.05,4.06,-0.1,-2.4631,1.0652,266300,1065130.0,358696008.0,99000000.0
460,2006-03-08,sh600988,¶«·½±¦Áú,3.94,3.98,3.9,3.95,3.96,-0.02,-0.5051,0.9846,246140,970127.0,356884412.0,98500000.0
461,2006-03-09,sh600988,¶«·½±¦Áú,3.98,4.03,3.95,3.96,3.94,0.04,1.0152,0.9502,237556,947747.0,360507604.0,99500000.0
462,2006-03-10,sh600988,¶«·½±¦Áú,3.99,4.0,3.97,3.98,3.98,0.01,0.2513,0.9613,240335,957728.0,361413402.0,99750000.0
463,2006-03-13,sh600988,¶«·½±¦Áú,4.03,4.05,3.99,3.99,3.99,0.04,1.0025,1.0368,259200,1040235.0,365036594.0,100750000.0
464,2006-03-14,sh600988,¶«·½±¦Áú,4.09,4.09,4.01,4.03,4.03,0.06,1.4888,1.0691,267285,1080374.0,370471382.0,102250000.0
465,2006-03-15,sh600988,¶«·½±¦Áú,4.2,4.22,4.07,4.09,4.09,0.11,2.6895,3.3575,839378,3494598.0,380435160.0,105000000.0
466,2006-03-16,sh600988,¶«·½±¦Áú,4.27,4.39,4.18,4.25,4.2,0.07,1.6667,8.6145,2153613,9198522.0,386775746.0,106750000.0
467,2006-03-17,sh600988,¶«·½±¦Áú,4.09,4.21,4.09,4.21,4.27,-0.18,-4.2155,3.6287,907171,3739807.0,370471382.0,102250000.0
468,2006-03-20,sh600988,¶«·½±¦Áú,4.1,4.13,4.06,4.06,4.09,0.01,0.2445,1.3059,326465,1340055.0,371377180.0,102500000.0
469,2006-03-21,sh600988,¶«·½±¦Áú,4.08,4.15,4.07,4.1,4.1,-0.02,-0.4878,1.4964,374108,1531408.0,369565584.0,102000000.0
470,2006-03-22,sh600988,¶«·½±¦Áú,4.13,4.14,4.06,4.08,4.08,0.05,1.2255,1.247,311750,1277419.0,374094574.0,103250000.0
471,2006-03-23,sh600988,¶«·½±¦Áú,4.13,4.14,4.06,4.13,4.13,0.0,0.0,1.5452,386312,1582746.0,374094574.0,103250000.0
472,2006-03-24,sh600988,¶«·½±¦Áú,4.12,4.16,4.08,4.13,4.13,-0.01,-0.2421,1.0833,270825,1112955.0,373188776.0,103000000.0
473,2006-03-27,sh600988,¶«·½±¦Áú,4.05,4.1,3.99,4.1,4.12,-0.07,-1.699,1.7604,440100,1775096.0,366848190.0,101250000.0
474,2006-03-28,sh600988,¶«·½±¦Áú,4.09,4.1,4.02,4.06,4.05,0.04,0.9877,0.817,204239,829908.0,370471382.0,102250000.0
475,2006-03-29,sh600988,¶«·½±¦Áú,4.07,4.1,4.05,4.09,4.09,-0.02,-0.489,1.3368,334212,1361464.0,368659786.0,101750000.0
476,2006-03-30,sh600988,¶«·½±¦Áú,4.08,4.12,4.05,4.06,4.07,0.01,0.2457,1.0472,261801,1067688.0,369565584.0,102000000.0
477,2006-03-31,sh600988,¶«·½±¦Áú,4.03,4.06,4.0,4.06,4.08,-0.05,-1.2255,1.1512,287791,1158636.0,365036594.0,100750000.0
478,2006-04-03,sh600988,¶«·½±¦Áú,4.02,4.05,3.95,4.0,4.03,-0.01,-0.2481,1.823,455753,1816932.0,364130796.0,100500000.0
479,2006-04-04,sh600988,¶«·½±¦Áú,4.08,4.12,3.97,4.0,4.02,0.06,1.4925,1.9821,495537,1991280.0,369565584.0,102000000.0
480,2006-04-05,sh600988,¶«·½±¦Áú,4.1,4.12,4.05,4.08,4.08,0.02,0.4902,1.9568,489197,1998654.0,371377180.0,102500000.0
481,2006-04-06,sh600988,¶«·½±¦Áú,4.05,4.12,4.03,4.11,4.1,-0.05,-1.2195,2.4976,624393,2537544.0,366848190.0,101250000.0
482,2006-04-07,sh600988,¶«·½±¦Áú,4.02,4.05,3.98,4.05,4.05,-0.03,-0.7407,1.7759,443971,1782669.0,364130796.0,100500000.0
483,2006-04-10,sh600988,¶«·½±¦Áú,4.14,4.2,4.02,4.02,4.02,0.12,2.9851,3.0002,750047,3096319.0,375000372.0,103500000.0
484,2006-04-11,sh600988,¶«·½±¦Áú,4.17,4.18,4.11,4.16,4.14,0.03,0.7246,2.9655,741380,3072702.0,377717766.0,104250000.0
485,2006-04-12,sh600988,¶«·½±¦Áú,4.28,4.29,4.11,4.17,4.17,0.11,2.6379,5.2111,1302768,5505747.0,387681544.0,107000000.0
486,2006-04-13,sh600988,¶«·½±¦Áú,4.12,4.29,4.08,4.27,4.28,-0.16,-3.7383,3.5296,882390,3685059.0,373188776.0,103000000.0
487,2006-04-14,sh600988,¶«·½±¦Áú,4.14,4.16,4.04,4.1,4.12,0.02,0.4854,2.2046,551160,2260806.0,375000372.0,103500000.0
488,2006-04-17,sh600988,¶«·½±¦Áú,4.16,4.19,4.12,4.15,4.14,0.02,0.4831,2.0601,515014,2136019.0,376811968.0,104000000.0
489,2006-04-18,sh600988,¶«·½±¦Áú,4.1,4.16,4.09,4.15,4.16,-0.06,-1.4423,1.7873,446827,1836489.0,371377180.0,102500000.0
490,2006-04-19,sh600988,¶«·½±¦Áú,4.02,4.11,3.99,4.1,4.1,-0.08,-1.9512,1.8049,451227,1819331.0,364130796.0,100500000.0
491,2006-04-20,sh600988,¶«·½±¦Áú,3.93,4.04,3.89,4.02,4.02,-0.09,-2.2388,2.5971,649277,2559731.0,355978614.0,98250000.0
492,2006-04-21,sh600988,¶«·½±¦Áú,3.81,3.93,3.76,3.9,3.93,-0.12,-3.0534,3.1105,777613,2960377.0,345109038.0,95250000.0
493,2006-04-24,sh600988,¶«·½±¦Áú,3.6,3.83,3.59,3.81,3.81,-0.21,-5.5118,2.7091,677285,2483973.0,326087280.0,90000000.0
494,2006-04-25,sh600988,¶«·½±¦Áú,3.63,3.64,3.52,3.6,3.6,0.03,0.8333,1.9093,477326,1707628.0,328804674.0,90750000.0
495,2006-04-26,sh600988,¶«·½±¦Áú,3.66,3.67,3.57,3.63,3.63,0.03,0.8264,1.379,344746,1251601.0,331522068.0,91500000.0
496,2006-04-27,sh600988,¶«·½±¦Áú,3.62,3.67,3.6,3.66,3.66,-0.04,-1.0929,1.4008,350200,1271572.0,327898876.0,90500000.0
497,2006-04-28,sh600988,¶«·½±¦Áú,3.68,3.74,3.56,3.6,3.62,0.06,1.6575,1.481,370240,1362866.0,333333664.0,92000000.0
498,2006-05-08,sh600988,¶«·½±¦Áú,3.73,3.76,3.5,3.56,3.68,0.05,1.3587,2.9777,744428,2699663.0,337862654.0,93250000.0
499,2006-05-09,sh600988,¶«·½±¦Áú,3.81,3.88,3.6,3.69,3.73,0.08,2.1448,3.102,775491,2900898.0,345109038.0,95250000.0
500,2006-05-10,sh600988,¶«·½±¦Áú,3.9,3.98,3.76,3.81,3.81,0.09,2.3622,3.3802,845047,3254879.0,353261220.0,97500000.0
501,2006-05-11,sh600988,¶«·½±¦Áú,4.04,4.08,3.85,3.88,3.9,0.14,3.5897,5.5147,1378678,5492934.0,365942392.0,101000000.0
502,2006-05-12,sh600988,¶«·½±¦Áú,4.11,4.18,4.01,4.05,4.04,0.07,1.7327,5.2646,1316151,5389139.0,372282978.0,102750000.0
503,2006-05-15,sh600988,¶«·½±¦Áú,4.19,4.23,4.01,4.12,4.11,0.08,1.9465,5.978,1494500,6150650.0,379529362.0,104750000.0
504,2006-05-16,sh600988,¶«·½±¦Áú,4.53,4.61,4.09,4.2,4.19,0.34,8.1146,18.4587,4614683,20618602.0,410326494.0,113250000.0
505,2006-05-17,sh600988,¶«·½±¦Áú,4.96,4.98,4.39,4.55,4.53,0.43,9.4923,19.6967,4924185,23219080.0,449275808.0,124000000.0
506,2006-05-18,sh600988,¶«·½±¦Áú,4.73,4.94,4.64,4.89,4.96,-0.23,-4.6371,9.1332,2283302,10850514.0,428442454.0,118250000.0
507,2006-05-19,sh600988,¶«·½±¦Áú,4.75,4.82,4.67,4.7,4.73,0.02,0.4228,5.9689,1492234,7098141.0,430254050.0,118750000.0
508,2006-05-22,sh600988,¶«·½±¦Áú,4.92,4.98,4.74,4.74,4.75,0.17,3.5789,6.733,1683256,8224672.0,445652616.0,123000000.0
509,2006-05-23,sh600988,¶«·½±¦Áú,4.57,4.89,4.55,4.85,4.92,-0.35,-7.1138,5.1612,1290297,6081304.0,413949686.0,114250000.0
510,2006-05-24,sh600988,¶«·½±¦Áú,4.3,4.65,4.27,4.5,4.57,-0.27,-5.9081,5.9328,1483192,6559089.0,389493140.0,107500000.0
511,2006-05-25,sh600988,¶«·½±¦Áú,4.46,4.54,4.31,4.32,4.3,0.16,3.7209,2.8773,719313,3160225.0,403985908.0,111500000.0
512,2006-05-26,sh600988,¶«·½±¦Áú,4.63,4.69,4.42,4.42,4.46,0.17,3.8117,4.973,1243252,5718723.0,419384474.0,115750000.0
513,2006-05-29,sh600988,¶«·½±¦Áú,4.92,4.98,4.64,4.64,4.63,0.29,6.2635,7.7233,1930819,9394130.0,445652616.0,123000000.0
514,2006-05-30,sh600988,¶«·½±¦Áú,5.27,5.37,4.81,4.92,4.92,0.35,7.1138,8.7853,2196324,11152358.0,477355546.0,131750000.0
515,2006-05-31,sh600988,¶«·½±¦Áú,5.16,5.47,5.02,5.17,5.27,-0.11,-2.0873,9.8081,2452025,13006646.0,467391768.0,129000000.0
516,2006-06-01,sh600988,¶«·½±¦Áú,5.54,5.55,5.16,5.16,5.16,0.38,7.3643,8.2823,2070569,11204755.0,501812092.0,138500000.0
517,2006-06-02,sh600988,¶«·½±¦Áú,5.33,5.6,5.3,5.55,5.54,-0.21,-3.7906,7.8633,1965830,10707325.0,482790334.0,133250000.0
518,2006-06-05,sh600988,¶«·½±¦Áú,0.0,0.0,0.0,0.0,5.33,,,0.0,0,0.0,482790334.0,133250000.0
519,2006-06-06,sh600988,¶«·½±¦Áú,5.68,5.86,5.39,5.54,5.33,0.35,6.5666,8.4043,2101074,11911771.0,514493264.0,142000000.0
520,2006-06-07,sh600988,¶«·½±¦Áú,5.11,5.66,5.11,5.64,5.68,-0.57,-10.0352,7.6152,1903799,10126408.0,462862778.0,127750000.0
521,2006-06-08,sh600988,¶«·½±¦Áú,5.34,5.49,5.15,5.18,5.11,0.23,4.501,8.983,2245755,11912475.0,483696132.0,133500000.0
522,2006-06-09,sh600988,¶«·½±¦Áú,5.05,5.45,4.95,5.29,5.34,-0.29,-5.4307,5.2187,1304687,6774966.0,457427990.0,126250000.0
523,2006-06-12,sh600988,¶«·½±¦Áú,5.05,5.19,4.99,5.07,5.05,0.0,0.0,2.5051,626271,3182217.0,457427990.0,126250000.0
524,2006-06-13,sh600988,¶«·½±¦Áú,4.91,5.12,4.83,5.05,5.05,-0.14,-2.7723,2.9536,738399,3688510.0,444746818.0,122750000.0
525,2006-06-14,sh600988,¶«·½±¦Áú,4.8,4.95,4.69,4.91,4.91,-0.11,-2.2403,2.6569,664225,3174670.0,434783040.0,120000000.0
526,2006-06-15,sh600988,¶«·½±¦Áú,4.81,4.95,4.79,4.8,4.8,0.01,0.2083,2.1836,545910,2646765.0,435688838.0,120250000.0
527,2006-06-16,sh600988,¶«·½±¦Áú,4.91,4.95,4.79,4.8,4.81,0.1,2.079,3.1731,793284,3856037.0,444746818.0,122750000.0
528,2006-06-19,sh600988,¶«·½±¦Áú,4.97,5.0,4.83,4.9,4.91,0.06,1.222,2.4292,607288,2987203.0,450181606.0,124250000.0
529,2006-06-20,sh600988,¶«·½±¦Áú,5.16,5.21,4.9,4.97,4.97,0.19,3.8229,4.5975,1149369,5868588.0,467391768.0,129000000.0
530,2006-06-21,sh600988,¶«·½±¦Áú,5.08,5.19,5.02,5.17,5.16,-0.08,-1.5504,2.3146,578660,2957229.0,460145384.0,127000000.0
531,2006-06-22,sh600988,¶«·½±¦Áú,5.02,5.14,5.0,5.08,5.08,-0.06,-1.1811,1.6783,419577,2114630.0,454710596.0,125500000.0
532,2006-06-23,sh600988,¶«·½±¦Áú,5.03,5.09,4.9,5.02,5.02,0.01,0.1992,2.5329,633235,3149247.0,455616394.0,125750000.0
533,2006-06-26,sh600988,¶«·½±¦Áú,5.13,5.16,4.93,5.03,5.03,0.1,1.9881,2.1754,543842,2756881.0,464674374.0,128250000.0
534,2006-06-27,sh600988,¶«·½±¦Áú,5.11,5.23,5.07,5.13,5.13,-0.02,-0.3899,1.4576,364389,1868241.0,462862778.0,127750000.0
535,2006-06-28,sh600988,¶«·½±¦Áú,5.06,5.18,5.01,5.18,5.11,-0.05,-0.9785,1.5258,381460,1932392.0,458333788.0,126500000.0
536,2006-06-29,sh600988,¶«·½±¦Áú,5.2,5.21,5.08,5.11,5.06,0.14,2.7668,3.3925,848119,4372321.0,471014960.0,130000000.0
537,2006-06-30,sh600988,¶«·½±¦Áú,5.14,5.28,5.1,5.19,5.2,-0.06,-1.1538,2.4801,620025,3197558.0,465580172.0,128500000.0
538,2006-07-03,sh600988,¶«·½±¦Áú,5.15,5.18,5.07,5.18,5.14,0.01,0.1946,2.5273,631824,3222420.0,466485970.0,128750000.0
539,2006-07-04,sh600988,¶«·½±¦Áú,5.17,5.25,5.1,5.14,5.15,0.02,0.3883,3.622,905493,4701318.0,468297566.0,129250000.0
540,2006-07-05,sh600988,¶«·½±¦Áú,5.62,5.63,5.19,5.2,5.17,0.45,8.7041,10.459,2614748,14139447.0,509058476.0,140500000.0
541,2006-07-06,sh600988,¶«·½±¦Áú,5.38,5.44,5.08,5.44,5.62,-0.24,-4.2705,9.9266,2481640,13053211.0,487319324.0,134500000.0
542,2006-07-07,sh600988,¶«·½±¦Áú,5.22,5.31,5.16,5.31,5.38,-0.16,-2.974,4.7309,1182727,6186165.0,472826556.0,130500000.0
543,2006-07-10,sh600988,¶«·½±¦Áú,5.34,5.39,5.13,5.15,5.22,0.12,2.2989,3.1641,791017,4196168.0,483696132.0,133500000.0
544,2006-07-11,sh600988,¶«·½±¦Áú,5.3,5.33,5.21,5.33,5.34,-0.04,-0.7491,2.4679,616980,3250160.0,480072940.0,132500000.0
545,2006-07-12,sh600988,¶«·½±¦Áú,5.17,5.32,5.16,5.28,5.3,-0.13,-2.4528,3.9608,990191,5150541.0,468297566.0,129250000.0
546,2006-07-13,sh600988,¶«·½±¦Áú,4.73,5.15,4.7,5.15,5.17,-0.44,-8.5106,6.8864,1721600,8473686.0,428442454.0,118250000.0
547,2006-07-14,sh600988,¶«·½±¦Áú,4.74,4.82,4.61,4.68,4.73,0.01,0.2114,2.3283,582070,2750750.0,429348252.0,118500000.0
548,2006-07-17,sh600988,¶«·½±¦Áú,4.82,4.84,4.65,4.7,4.74,0.08,1.6878,1.2268,306707,1465580.0,436594636.0,120500000.0
549,2006-07-18,sh600988,¶«·½±¦Áú,4.88,4.91,4.8,4.81,4.82,0.06,1.2448,1.4784,369612,1798331.0,442029424.0,122000000.0
550,2006-07-19,sh600988,¶«·½±¦Áú,4.71,4.85,4.68,4.82,4.88,-0.17,-3.4836,1.4548,363705,1732668.0,426630858.0,117750000.0
551,2006-07-20,sh600988,¶«·½±¦Áú,4.79,4.86,4.62,4.68,4.71,0.08,1.6985,1.11,277500,1325956.0,433877242.0,119750000.0
552,2006-07-21,sh600988,¶«·½±¦Áú,4.87,4.87,4.79,4.79,4.79,0.08,1.6701,1.3789,344724,1666984.0,441123626.0,121750000.0
553,2006-07-24,sh600988,¶«·½±¦Áú,4.93,4.97,4.78,4.82,4.87,0.06,1.232,1.9915,497866,2428713.0,446558414.0,123250000.0
554,2006-07-25,sh600988,¶«·½±¦Áú,4.97,4.99,4.9,4.93,4.93,0.04,0.8114,1.1934,298350,1474796.0,450181606.0,124250000.0
555,2006-07-26,sh600988,¶«·½±¦Áú,4.95,5.01,4.9,4.95,4.97,-0.02,-0.4024,1.3033,325837,1613676.0,448370010.0,123750000.0
556,2006-07-27,sh600988,¶«·½±¦Áú,4.87,5.01,4.86,4.95,4.95,-0.08,-1.6162,1.1477,286916,1415670.0,441123626.0,121750000.0
557,2006-07-28,sh600988,¶«·½±¦Áú,4.82,4.96,4.76,4.86,4.87,-0.05,-1.0267,1.0787,269684,1302422.0,436594636.0,120500000.0
558,2006-07-31,sh600988,¶«·½±¦Áú,5.04,5.15,4.7,4.8,4.82,0.22,4.5643,6.5784,1644599,8214040.0,456522192.0,126000000.0
559,2006-08-01,sh600988,¶«·½±¦Áú,5.31,5.42,4.91,4.91,5.04,0.27,5.3571,14.3968,3599197,18902189.0,480978738.0,132750000.0
560,2006-08-02,sh600988,¶«·½±¦Áú,4.84,5.23,4.78,5.23,5.31,-0.47,-8.8512,8.3396,2084903,10463920.0,438406232.0,121000000.0
561,2006-08-03,sh600988,¶«·½±¦Áú,4.64,4.81,4.51,4.8,4.84,-0.2,-4.1322,5.3691,1342266,6211570.0,420290272.0,116000000.0
562,2006-08-04,sh600988,¶«·½±¦Áú,4.41,4.64,4.4,4.64,4.64,-0.23,-4.9569,2.7138,678460,3067077.0,399456918.0,110250000.0
563,2006-08-07,sh600988,¶«·½±¦Áú,4.3,4.38,4.26,4.38,4.41,-0.11,-2.4943,1.8796,469908,2033300.0,389493140.0,107500000.0
564,2006-08-08,sh600988,¶«·½±¦Áú,4.44,4.45,4.26,4.26,4.3,0.14,3.2558,1.2373,309314,1357944.0,402174312.0,111000000.0
565,2006-08-09,sh600988,¶«·½±¦Áú,4.39,4.43,4.35,4.41,4.44,-0.05,-1.1261,0.9041,226035,991508.0,397645322.0,109750000.0
566,2006-08-10,sh600988,¶«·½±¦Áú,4.5,4.52,4.37,4.38,4.39,0.11,2.5057,1.2015,300365,1338742.0,407609100.0,112500000.0
567,2006-08-11,sh600988,¶«·½±¦Áú,4.52,4.55,4.46,4.5,4.5,0.02,0.4444,0.9732,243311,1094638.0,409420696.0,113000000.0
568,2006-08-14,sh600988,¶«·½±¦Áú,4.45,4.57,4.4,4.51,4.52,-0.07,-1.5487,1.3601,340018,1522808.0,403080110.0,111250000.0
569,2006-08-15,sh600988,¶«·½±¦Áú,4.53,4.53,4.41,4.41,4.45,0.08,1.7978,0.5892,147300,659665.0,410326494.0,113250000.0
570,2006-08-16,sh600988,¶«·½±¦Áú,4.58,4.62,4.47,4.53,4.53,0.05,1.1038,0.9597,239928,1099334.0,414855484.0,114500000.0
571,2006-08-17,sh600988,¶«·½±¦Áú,4.56,4.59,4.51,4.51,4.58,-0.02,-0.4367,0.9754,243859,1106055.0,413043888.0,114000000.0
572,2006-08-18,sh600988,¶«·½±¦Áú,4.56,4.6,4.52,4.53,4.56,0.0,0.0,1.0309,257730,1175252.0,413043888.0,114000000.0
573,2006-08-21,sh600988,¶«·½±¦Áú,4.53,4.56,4.4,4.42,4.56,-0.03,-0.6579,0.7396,184900,827201.0,410326494.0,113250000.0
574,2006-08-22,sh600988,¶«·½±¦Áú,4.51,4.58,4.48,4.58,4.53,-0.02,-0.4415,1.048,261990,1185412.0,408514898.0,112750000.0
575,2006-08-23,sh600988,¶«·½±¦Áú,4.56,4.62,4.49,4.51,4.51,0.05,1.1086,1.3466,336650,1531640.0,413043888.0,114000000.0
576,2006-08-24,sh600988,¶«·½±¦Áú,4.55,4.58,4.42,4.53,4.56,-0.01,-0.2193,1.286,321501,1446653.0,412138090.0,113750000.0
577,2006-08-25,sh600988,¶«·½±¦Áú,4.59,4.65,4.55,4.57,4.55,0.04,0.8791,1.5493,387316,1778197.0,415761282.0,114750000.0
578,2006-08-28,sh600988,¶«·½±¦Áú,4.65,4.68,4.55,4.6,4.59,0.06,1.3072,1.8293,457329,2115902.0,421196070.0,116250000.0
579,2006-08-29,sh600988,¶«·½±¦Áú,4.7,4.77,4.63,4.67,4.65,0.05,1.0753,2.4547,613686,2891902.0,425725060.0,117500000.0
580,2006-08-30,sh600988,¶«·½±¦Áú,4.75,4.78,4.66,4.69,4.7,0.05,1.0638,1.1086,277140,1309658.0,430254050.0,118750000.0
581,2006-08-31,sh600988,¶«·½±¦Áú,4.71,4.77,4.63,4.77,4.75,-0.04,-0.8421,1.435,358758,1689178.0,426630858.0,117750000.0
582,2006-09-01,sh600988,¶«·½±¦Áú,4.63,4.71,4.59,4.68,4.71,-0.08,-1.6985,1.1671,291779,1351625.0,419384474.0,115750000.0
583,2006-09-04,sh600988,¶«·½±¦Áú,0.0,0.0,0.0,0.0,4.63,,,0.0,0,0.0,419384474.0,115750000.0
584,2006-09-05,sh600988,¶«·½±¦Áú,4.83,4.98,4.66,4.73,4.63,0.2,4.3197,3.3266,831660,4055104.0,437500434.0,120750000.0
585,2006-09-06,sh600988,¶«·½±¦Áú,4.82,4.86,4.78,4.79,4.83,-0.01,-0.207,1.2833,320830,1543956.0,436594636.0,120500000.0
586,2006-09-07,sh600988,¶«·½±¦Áú,4.94,5.01,4.79,4.82,4.82,0.12,2.4896,5.0632,1265800,6261800.0,447464212.0,123500000.0
587,2006-09-08,sh600988,¶«·½±¦Áú,5.05,5.25,4.95,4.95,4.94,0.11,2.2267,5.8075,1451871,7418283.0,457427990.0,126250000.0
588,2006-09-11,sh600988,¶«·½±¦Áú,5.05,5.15,4.95,5.09,5.05,0.0,0.0,3.1839,795980,4017423.0,457427990.0,126250000.0
589,2006-09-12,sh600988,¶«·½±¦Áú,5.07,5.07,4.9,5.05,5.05,0.02,0.396,1.7602,440058,2205358.0,459239586.0,126750000.0
590,2006-09-13,sh600988,¶«·½±¦Áú,5.0,5.13,4.96,5.06,5.07,-0.07,-1.3807,1.417,354251,1780080.0,452899000.0,125000000.0
591,2006-09-14,sh600988,¶«·½±¦Áú,4.93,5.03,4.86,5.03,5.0,-0.07,-1.4,1.5007,375175,1844742.0,446558414.0,123250000.0
592,2006-09-15,sh600988,¶«·½±¦Áú,5.09,5.17,4.92,4.94,4.93,0.16,3.2454,2.5236,630905,3186457.0,461051182.0,127250000.0
593,2006-09-18,sh600988,¶«·½±¦Áú,5.1,5.2,5.06,5.14,5.09,0.01,0.1965,2.4921,623014,3186124.0,461956980.0,127500000.0
594,2006-09-19,sh600988,¶«·½±¦Áú,5.07,5.16,5.05,5.09,5.1,-0.03,-0.5882,1.7084,427100,2174489.0,459239586.0,126750000.0
595,2006-09-20,sh600988,¶«·½±¦Áú,5.1,5.13,5.0,5.08,5.07,0.03,0.5917,2.2816,570400,2886280.0,461956980.0,127500000.0
596,2006-09-21,sh600988,¶«·½±¦Áú,5.25,5.25,5.08,5.12,5.1,0.15,2.9412,4.1616,1040403,5405643.0,475543950.0,131250000.0
597,2006-09-22,sh600988,¶«·½±¦Áú,5.11,5.32,5.1,5.27,5.25,-0.14,-2.6667,2.7732,693300,3614139.0,462862778.0,127750000.0
598,2006-09-25,sh600988,¶«·½±¦Áú,5.15,5.15,5.04,5.1,5.11,0.04,0.7828,1.788,446997,2280857.0,466485970.0,128750000.0
599,2006-09-26,sh600988,¶«·½±¦Áú,5.41,5.61,5.15,5.16,5.15,0.26,5.0485,9.3512,2337793,12690065.0,490036718.0,135250000.0
600,2006-09-27,sh600988,¶«·½±¦Áú,5.44,5.45,5.28,5.37,5.41,0.03,0.5545,2.853,713253,3834378.0,492754112.0,136000000.0
601,2006-09-28,sh600988,¶«·½±¦Áú,5.33,5.45,5.31,5.44,5.44,-0.11,-2.0221,2.7133,678330,3645179.0,482790334.0,133250000.0
602,2006-09-29,sh600988,¶«·½±¦Áú,5.43,5.52,5.34,5.38,5.33,0.1,1.8762,5.2607,1315186,7156185.0,491848314.0,135750000.0
603,2006-10-09,sh600988,S±¦Áú,5.53,5.58,5.39,5.43,5.43,0.1,1.8416,4.2826,1070639,5865627.0,500906294.0,138250000.0
604,2006-10-10,sh600988,S±¦Áú,5.39,5.57,5.38,5.52,5.53,-0.14,-2.5316,3.6264,906600,4965634.0,488225122.0,134750000.0
605,2006-10-11,sh600988,S±¦Áú,5.41,5.57,5.32,5.39,5.39,0.02,0.3711,3.6499,912480,4924564.0,490036718.0,135250000.0
606,2006-10-12,sh600988,S±¦Áú,5.33,5.48,5.32,5.46,5.41,-0.08,-1.4787,2.8392,709800,3822297.0,482790334.0,133250000.0
607,2006-10-13,sh600988,S±¦Áú,5.33,5.44,5.31,5.33,5.33,0.0,0.0,2.8364,709100,3795902.0,482790334.0,133250000.0
608,2006-10-16,sh600988,S±¦Áú,5.35,5.39,5.26,5.26,5.33,0.02,0.3752,1.92,480010,2559348.0,484601930.0,133750000.0
609,2006-10-17,sh600988,S±¦Áú,5.38,5.43,5.32,5.35,5.35,0.03,0.5607,1.6133,403320,2170175.0,487319324.0,134500000.0
610,2006-10-18,sh600988,S±¦Áú,5.37,5.41,5.29,5.41,5.38,-0.01,-0.1859,2.5109,627729,3344010.0,486413526.0,134250000.0
611,2006-10-19,sh600988,S±¦Áú,5.38,5.45,5.29,5.38,5.37,0.01,0.1862,2.7831,695775,3726862.0,487319324.0,134500000.0
612,2006-10-20,sh600988,S±¦Áú,5.17,5.4,5.13,5.4,5.38,-0.21,-3.9033,3.6588,914700,4773378.0,468297566.0,129250000.0
613,2006-10-23,sh600988,S±¦Áú,4.87,5.18,4.86,5.14,5.17,-0.3,-5.8027,3.5005,875130,4376113.0,441123626.0,121750000.0
614,2006-10-24,sh600988,S±¦Áú,5.02,5.06,4.9,4.9,4.87,0.15,3.0801,2.0907,522669,2596148.0,454710596.0,125500000.0
615,2006-10-25,sh600988,S±¦Áú,4.9,5.05,4.86,5.0,5.02,-0.12,-2.3904,1.734,433500,2137829.0,443841020.0,122500000.0
616,2006-10-26,sh600988,S±¦Áú,4.88,4.94,4.86,4.88,4.9,-0.02,-0.4082,1.1957,298920,1460227.0,442029424.0,122000000.0
617,2006-10-27,sh600988,S±¦Áú,4.7,4.85,4.65,4.85,4.88,-0.18,-3.6885,1.4401,360031,1704647.0,425725060.0,117500000.0
618,2006-10-30,sh600988,S±¦Áú,4.74,4.75,4.66,4.67,4.7,0.04,0.8511,0.9986,249651,1175267.0,429348252.0,118500000.0
619,2006-10-31,sh600988,S±¦Áú,4.8,4.83,4.71,4.73,4.74,0.06,1.2658,1.0622,265550,1269309.0,434783040.0,120000000.0
620,2006-11-01,sh600988,S±¦Áú,4.83,4.84,4.74,4.8,4.8,0.03,0.625,1.1222,280550,1346098.0,437500434.0,120750000.0
621,2006-11-02,sh600988,S±¦Áú,4.76,4.85,4.75,4.8,4.83,-0.07,-1.4493,0.7976,199404,951792.0,431159848.0,119000000.0
622,2006-11-03,sh600988,S±¦Áú,4.8,4.85,4.75,4.81,4.76,0.04,0.8403,1.1574,289350,1390935.0,434783040.0,120000000.0
623,2006-11-06,sh600988,S±¦Áú,4.8,4.81,4.75,4.8,4.8,0.0,0.0,0.9296,232396,1112157.0,434783040.0,120000000.0
624,2006-11-07,sh600988,S±¦Áú,4.64,4.78,4.61,4.78,4.8,-0.16,-3.3333,1.442,360504,1681013.0,420290272.0,116000000.0
625,2006-11-08,sh600988,S±¦Áú,4.77,4.94,4.55,4.56,4.64,0.13,2.8017,1.4967,374173,1775355.0,432065646.0,119250000.0
626,2006-11-09,sh600988,S±¦Áú,4.8,4.83,4.73,4.73,4.77,0.03,0.6289,0.9706,242649,1158865.0,434783040.0,120000000.0
627,2006-11-10,sh600988,S±¦Áú,4.68,4.84,4.65,4.84,4.8,-0.12,-2.5,0.835,208751,982238.0,423913464.0,117000000.0
628,2006-11-13,sh600988,S±¦Áú,4.55,4.75,4.52,4.7,4.68,-0.13,-2.7778,0.8984,224600,1034348.0,412138090.0,113750000.0
629,2006-11-14,sh600988,S±¦Áú,4.59,4.6,4.5,4.53,4.55,0.04,0.8791,0.8327,208184,944493.0,415761282.0,114750000.0
630,2006-11-15,sh600988,S±¦Áú,4.59,4.64,4.51,4.52,4.59,0.0,0.0,0.6663,166580,762980.0,415761282.0,114750000.0
631,2006-11-16,sh600988,S±¦Áú,4.61,4.7,4.57,4.64,4.59,0.02,0.4357,1.3027,325664,1507468.0,417572878.0,115250000.0
632,2006-11-17,sh600988,S±¦Áú,4.61,4.66,4.56,4.58,4.61,0.0,0.0,0.9287,232184,1071149.0,417572878.0,115250000.0
633,2006-11-20,sh600988,S±¦Áú,4.58,4.68,4.56,4.61,4.61,-0.03,-0.6508,1.066,266512,1227925.0,414855484.0,114500000.0
634,2006-11-21,sh600988,S±¦Áú,4.71,4.72,4.5,4.55,4.58,0.13,2.8384,2.1027,525669,2432370.0,426630858.0,117750000.0
635,2006-11-22,sh600988,S±¦Áú,4.7,4.82,4.63,4.63,4.71,-0.01,-0.2123,1.2848,321188,1507391.0,425725060.0,117500000.0
636,2006-11-23,sh600988,S±¦Áú,4.65,4.71,4.58,4.71,4.7,-0.05,-1.0638,1.0132,253304,1174948.0,421196070.0,116250000.0
637,2006-11-24,sh600988,S±¦Áú,4.73,4.78,4.6,4.65,4.65,0.08,1.7204,1.1127,278170,1307654.0,428442454.0,118250000.0
638,2006-11-27,sh600988,S±¦Áú,4.77,4.78,4.68,4.75,4.73,0.04,0.8457,1.0513,262819,1243639.0,432065646.0,119250000.0
639,2006-11-28,sh600988,S±¦Áú,4.82,4.84,4.72,4.74,4.77,0.05,1.0482,1.1512,287800,1378698.0,436594636.0,120500000.0
640,2006-11-29,sh600988,S±¦Áú,4.85,4.88,4.73,4.78,4.82,0.03,0.6224,2.1081,527020,2540189.0,439312030.0,121250000.0
641,2006-11-30,sh600988,S±¦Áú,4.85,4.92,4.8,4.84,4.85,0.0,0.0,1.7316,432898,2103958.0,439312030.0,121250000.0
642,2006-12-01,sh600988,S±¦Áú,4.73,4.94,4.69,4.84,4.85,-0.12,-2.4742,2.5368,634190,3029275.0,428442454.0,118250000.0
643,2006-12-04,sh600988,S±¦Áú,4.75,4.77,4.68,4.73,4.73,0.02,0.4228,2.0199,504979,2385616.0,430254050.0,118750000.0
644,2006-12-05,sh600988,S±¦Áú,4.79,4.82,4.71,4.77,4.75,0.04,0.8421,2.0181,504520,2406025.0,433877242.0,119750000.0
645,2006-12-06,sh600988,S±¦Áú,4.92,4.95,4.72,4.79,4.79,0.13,2.714,5.0784,1269600,6180584.0,445652616.0,123000000.0
646,2006-12-07,sh600988,S±¦Áú,4.94,5.08,4.86,4.89,4.92,0.02,0.4065,3.966,991512,4930469.0,447464212.0,123500000.0
647,2006-12-08,sh600988,S±¦Áú,4.72,4.96,4.71,4.87,4.94,-0.22,-4.4534,2.212,553000,2671137.0,427536656.0,118000000.0
648,2006-12-11,sh600988,S±¦Áú,4.81,4.87,4.68,4.68,4.72,0.09,1.9068,1.3343,333575,1583065.0,435688838.0,120250000.0
649,2006-12-12,sh600988,S±¦Áú,4.76,4.81,4.63,4.81,4.81,-0.05,-1.0395,1.4817,370415,1746731.0,431159848.0,119000000.0
650,2006-12-13,sh600988,S±¦Áú,4.78,4.84,4.65,4.72,4.76,0.02,0.4202,1.7465,436630,2062187.0,432971444.0,119500000.0
651,2006-12-14,sh600988,S±¦Áú,4.87,4.94,4.7,4.72,4.78,0.09,1.8828,2.8291,707271,3427682.0,441123626.0,121750000.0
652,2006-12-15,sh600988,S±¦Áú,4.85,4.89,4.76,4.88,4.87,-0.02,-0.4107,2.104,525990,2535710.0,439312030.0,121250000.0
653,2006-12-18,sh600988,S±¦Áú,0.0,0.0,0.0,0.0,4.85,,,0.0,0,0.0,439312030.0,121250000.0
654,2006-12-19,sh600988,S±¦Áú,0.0,0.0,0.0,0.0,4.85,,,0.0,0,0.0,439312030.0,121250000.0
655,2006-12-20,sh600988,S±¦Áú,0.0,0.0,0.0,0.0,4.85,,,0.0,0,0.0,439312030.0,121250000.0
656,2006-12-21,sh600988,S±¦Áú,0.0,0.0,0.0,0.0,4.85,,,0.0,0,0.0,439312030.0,121250000.0
657,2006-12-22,sh600988,S±¦Áú,0.0,0.0,0.0,0.0,4.85,,,0.0,0,0.0,439312030.0,121250000.0
658,2006-12-25,sh600988,S±¦Áú,0.0,0.0,0.0,0.0,4.85,,,0.0,0,0.0,439312030.0,121250000.0
659,2006-12-26,sh600988,S±¦Áú,0.0,0.0,0.0,0.0,4.85,,,0.0,0,0.0,439312030.0,121250000.0
660,2006-12-27,sh600988,S±¦Áú,0.0,0.0,0.0,0.0,4.85,,,0.0,0,0.0,439312030.0,121250000.0
661,2006-12-28,sh600988,S±¦Áú,0.0,0.0,0.0,0.0,4.85,,,0.0,0,0.0,439312030.0,121250000.0
662,2006-12-29,sh600988,S±¦Áú,0.0,0.0,0.0,0.0,4.85,,,0.0,0,0.0,439312030.0,121250000.0
663,2007-01-04,sh600988,S±¦Áú,0.0,0.0,0.0,0.0,4.85,,,0.0,0,0.0,439312030.0,121250000.0
664,2007-01-05,sh600988,S±¦Áú,0.0,0.0,0.0,0.0,4.85,,,0.0,0,0.0,439312030.0,121250000.0
665,2007-01-08,sh600988,S±¦Áú,0.0,0.0,0.0,0.0,4.85,,,0.0,0,0.0,439312030.0,121250000.0
666,2007-01-09,sh600988,S±¦Áú,0.0,0.0,0.0,0.0,4.85,,,0.0,0,0.0,439312030.0,121250000.0
667,2007-01-10,sh600988,S±¦Áú,0.0,0.0,0.0,0.0,4.85,,,0.0,0,0.0,439312030.0,121250000.0
668,2007-01-11,sh600988,S±¦Áú,0.0,0.0,0.0,0.0,4.85,,,0.0,0,0.0,439312030.0,121250000.0
669,2007-01-12,sh600988,S±¦Áú,0.0,0.0,0.0,0.0,4.85,,,0.0,0,0.0,439312030.0,121250000.0
670,2007-01-15,sh600988,S±¦Áú,0.0,0.0,0.0,0.0,4.85,,,0.0,0,0.0,439312030.0,121250000.0
671,2007-01-16,sh600988,S±¦Áú,0.0,0.0,0.0,0.0,4.85,,,0.0,0,0.0,439312030.0,121250000.0
672,2007-01-17,sh600988,S±¦Áú,0.0,0.0,0.0,0.0,4.85,,,0.0,0,0.0,439312030.0,121250000.0
673,2007-01-18,sh600988,S±¦Áú,0.0,0.0,0.0,0.0,4.85,,,0.0,0,0.0,439312030.0,121250000.0
674,2007-01-19,sh600988,S±¦Áú,5.09,5.09,5.09,5.09,4.85,0.24,4.9485,0.8054,201361,1024927.0,461051182.0,127250000.0
675,2007-01-22,sh600988,S±¦Áú,5.34,5.34,5.34,5.34,5.09,0.25,4.9116,0.241,60246,321714.0,483696132.0,133500000.0
676,2007-01-23,sh600988,S±¦Áú,5.61,5.61,5.5,5.61,5.34,0.27,5.0562,14.7385,3684614,20563452.0,508152678.0,140250000.0
677,2007-01-24,sh600988,S±¦Áú,5.37,5.58,5.33,5.34,5.61,-0.24,-4.2781,10.9106,2727641,14745729.0,486413526.0,134250000.0
678,2007-01-25,sh600988,S±¦Áú,5.38,5.48,5.28,5.35,5.37,0.01,0.1862,5.647,1411749,7616594.0,487319324.0,134500000.0
679,2007-01-26,sh600988,S±¦Áú,5.2,5.38,5.11,5.32,5.38,-0.18,-3.3457,5.9178,1479445,7692260.0,471014960.0,130000000.0
680,2007-01-29,sh600988,S±¦Áú,5.32,5.33,5.21,5.21,5.2,0.12,2.3077,4.1591,1039774,5484699.0,481884536.0,133000000.0
681,2007-01-30,sh600988,S±¦Áú,5.33,5.34,5.24,5.32,5.32,0.01,0.188,3.4673,866823,4586000.0,482790334.0,133250000.0
682,2007-01-31,sh600988,S±¦Áú,5.47,5.6,5.32,5.34,5.33,0.14,2.6266,10.4825,2620631,14517399.0,495471506.0,136750000.0
683,2007-02-01,sh600988,S±¦Áú,5.3,5.45,5.2,5.38,5.47,-0.17,-3.1079,4.1929,1048229,5554120.0,480072940.0,132500000.0
684,2007-02-02,sh600988,S±¦Áú,5.27,5.34,5.2,5.28,5.3,-0.03,-0.566,3.1078,776950,4094785.0,477355546.0,131750000.0
685,2007-02-05,sh600988,S±¦Áú,5.36,5.42,5.21,5.21,5.27,0.09,1.7078,2.2209,555223,2973882.0,485507728.0,134000000.0
686,2007-02-06,sh600988,S±¦Áú,5.44,5.5,5.32,5.37,5.36,0.08,1.4925,1.8141,453530,2460975.0,492754112.0,136000000.0
687,2007-02-07,sh600988,S±¦Áú,5.41,5.47,5.4,5.46,5.44,-0.03,-0.5515,3.6472,911789,4947387.0,490036718.0,135250000.0
688,2007-02-08,sh600988,S±¦Áú,5.52,5.52,5.4,5.4,5.41,0.11,2.0333,3.4922,873039,4777294.0,500000496.0,138000000.0
689,2007-02-09,sh600988,S±¦Áú,5.8,5.8,5.41,5.5,5.52,0.28,5.0725,9.6106,2402653,13814690.0,525362840.0,145000000.0
690,2007-02-12,sh600988,S±¦Áú,6.09,6.09,5.82,5.82,5.8,0.29,5.0,6.3747,1593675,9642214.0,551630982.0,152250000.0
691,2007-02-13,sh600988,S±¦Áú,6.39,6.39,6.19,6.19,6.09,0.3,4.9261,7.2964,1824109,11640331.0,578804922.0,159750000.0
692,2007-02-14,sh600988,S±¦Áú,6.25,6.69,6.15,6.69,6.39,-0.14,-2.1909,12.5428,3135702,20054676.0,566123750.0,156250000.0
693,2007-02-15,sh600988,S±¦Áú,6.48,6.56,6.15,6.25,6.25,0.23,3.68,9.1808,2295197,14539950.0,586957104.0,162000000.0
694,2007-02-16,sh600988,S±¦Áú,6.67,6.8,6.36,6.49,6.48,0.19,2.9321,7.1367,1784178,11765473.0,604167266.0,166750000.0
695,2007-02-26,sh600988,S±¦Áú,7.0,7.0,6.61,6.69,6.67,0.33,4.9475,6.5285,1632137,11225744.0,634058600.0,175000000.0
696,2007-02-27,sh600988,S±¦Áú,6.65,7.35,6.65,7.25,7.0,-0.35,-5.0,9.4878,2371955,16626506.0,602355670.0,166250000.0
697,2007-02-28,sh600988,S±¦Áú,6.81,6.86,6.36,6.5,6.65,0.16,2.406,6.7329,1683220,11130116.0,616848438.0,170250000.0
698,2007-03-01,sh600988,S±¦Áú,6.51,6.8,6.47,6.79,6.81,-0.3,-4.4053,6.191,1547740,10145368.0,589674498.0,162750000.0
699,2007-03-02,sh600988,S±¦Áú,6.84,6.84,6.5,6.51,6.51,0.33,5.0691,6.7206,1680143,11352026.0,619565832.0,171000000.0
700,2007-03-05,sh600988,S±¦Áú,7.18,7.18,7.02,7.17,6.84,0.34,4.9708,4.2176,1054403,7563828.0,650362964.0,179500000.0
701,2007-03-06,sh600988,S±¦Áú,7.54,7.54,7.54,7.54,7.18,0.36,5.0139,1.2792,319790,2411217.0,682971692.0,188500000.0
702,2007-03-07,sh600988,S±¦Áú,7.56,7.92,7.25,7.92,7.54,0.02,0.2653,15.63,3907496,30270528.0,684783288.0,189000000.0
703,2007-03-08,sh600988,S±¦Áú,7.94,7.94,7.35,7.35,7.56,0.38,5.0265,8.0076,2001899,15599253.0,719203612.0,198500000.0
704,2007-03-09,sh600988,S±¦Áú,8.34,8.34,8.09,8.18,7.94,0.4,5.0378,7.6313,1907820,15843177.0,755435532.0,208500000.0
705,2007-03-12,sh600988,S±¦Áú,8.76,8.76,8.6,8.75,8.34,0.42,5.036,9.3714,2342854,20508948.0,793479048.0,219000000.0
706,2007-03-13,sh600988,S±¦Áú,9.2,9.2,8.98,9.15,8.76,0.44,5.0228,5.978,1494500,13715890.0,833334160.0,230000000.0
707,2007-03-14,sh600988,S±¦Áú,9.66,9.66,9.65,9.65,9.2,0.46,5.0,1.3354,333858,3225022.0,875000868.0,241500000.0
708,2007-03-15,sh600988,S±¦Áú,10.14,10.14,10.14,10.14,9.66,0.48,4.9689,0.4386,109643,1111780.0,918479172.0,253500000.0
709,2007-03-16,sh600988,S±¦Áú,10.65,10.65,10.65,10.65,10.14,0.51,5.0296,1.1245,281136,2994098.0,964674870.0,266250000.0
710,2007-03-19,sh600988,S±¦Áú,11.18,11.18,11.18,11.18,10.65,0.53,4.9765,0.8049,201224,2249684.0,1012682164.0,279500000.0
711,2007-03-20,sh600988,S±¦Áú,11.74,11.74,11.74,11.74,11.18,0.56,5.0089,0.1659,41470,486858.0,1063406852.0,293500000.0
712,2007-03-21,sh600988,S±¦Áú,12.33,12.33,12.01,12.33,11.74,0.59,5.0256,11.6729,2918233,35941273.0,1116848934.0,308250000.0
713,2007-03-22,sh600988,S±¦Áú,11.98,12.93,11.78,12.78,12.33,-0.35,-2.8386,25.3935,6348387,78945179.0,1085146004.0,299500000.0
714,2007-03-23,sh600988,S±¦Áú,11.38,11.99,11.38,11.99,11.98,-0.6,-5.0083,19.3486,4837155,55757700.0,1030798124.0,284500000.0
715,2007-03-26,sh600988,S±¦Áú,0.0,0.0,0.0,0.0,11.38,,,0.0,0,0.0,1030798124.0,284500000.0
716,2007-03-27,sh600988,S±¦Áú,0.0,0.0,0.0,0.0,11.38,,,0.0,0,0.0,1030798124.0,284500000.0
717,2007-03-28,sh600988,S±¦Áú,0.0,0.0,0.0,0.0,11.38,,,0.0,0,0.0,1030798124.0,284500000.0
718,2007-03-29,sh600988,S±¦Áú,0.0,0.0,0.0,0.0,11.38,,,0.0,0,0.0,1030798124.0,284500000.0
719,2007-03-30,sh600988,S±¦Áú,0.0,0.0,0.0,0.0,11.38,,,0.0,0,0.0,1030798124.0,284500000.0
720,2007-04-02,sh600988,S±¦Áú,0.0,0.0,0.0,0.0,11.38,,,0.0,0,0.0,1030798124.0,284500000.0
721,2007-04-03,sh600988,S±¦Áú,0.0,0.0,0.0,0.0,11.38,,,0.0,0,0.0,1030798124.0,284500000.0
722,2007-04-04,sh600988,S±¦Áú,0.0,0.0,0.0,0.0,11.38,,,0.0,0,0.0,1030798124.0,284500000.0
723,2007-04-05,sh600988,S±¦Áú,0.0,0.0,0.0,0.0,11.38,,,0.0,0,0.0,1030798124.0,284500000.0
724,2007-04-06,sh600988,S±¦Áú,0.0,0.0,0.0,0.0,11.38,,,0.0,0,0.0,1030798124.0,284500000.0
725,2007-04-09,sh600988,S±¦Áú,0.0,0.0,0.0,0.0,11.38,,,0.0,0,0.0,1030798124.0,284500000.0
726,2007-04-10,sh600988,S±¦Áú,0.0,0.0,0.0,0.0,11.38,,,0.0,0,0.0,1030798124.0,284500000.0
727,2007-04-11,sh600988,S±¦Áú,0.0,0.0,0.0,0.0,11.38,,,0.0,0,0.0,1030798124.0,284500000.0
728,2007-04-12,sh600988,S±¦Áú,0.0,0.0,0.0,0.0,11.38,,,0.0,0,0.0,1030798124.0,284500000.0
729,2007-04-13,sh600988,S±¦Áú,0.0,0.0,0.0,0.0,11.38,,,0.0,0,0.0,1030798124.0,284500000.0
730,2007-04-16,sh600988,S±¦Áú,0.0,0.0,0.0,0.0,11.38,,,0.0,0,0.0,1030798124.0,284500000.0
731,2007-04-17,sh600988,S±¦Áú,0.0,0.0,0.0,0.0,11.38,,,0.0,0,0.0,1030798124.0,284500000.0
732,2007-04-18,sh600988,S±¦Áú,0.0,0.0,0.0,0.0,11.38,,,0.0,0,0.0,1030798124.0,284500000.0
733,2007-04-19,sh600988,XRS±¦Áú,0.0,0.0,0.0,0.0,10.35,,,0.0,0,0.0,937500930.0,258750000.0
734,2007-04-20,sh600988,¶«·½±¦Áú,10.4,11.5,9.92,11.0,10.35,0.05,0.4831,43.8541,14935818,158120609.0,1036233120.0,354203200.0
735,2007-04-23,sh600988,¶«·½±¦Áú,10.44,10.65,9.94,10.29,10.4,0.04,0.3846,22.9247,7807686,80048673.0,1040218632.0,355565520.0
736,2007-04-24,sh600988,¶«·½±¦Áú,10.0,10.44,9.98,10.44,10.44,-0.44,-4.2146,15.5333,5290342,53705698.0,996378000.0,340580000.0
737,2007-04-25,sh600988,¶«·½±¦Áú,9.58,9.99,9.48,9.99,10.0,-0.42,-4.2,15.4172,5250782,50731129.0,954530124.0,326275640.0
738,2007-04-26,sh600988,¶«·½±¦Áú,0.0,0.0,0.0,0.0,9.58,,,0.0,0,0.0,954530124.0,326275640.0
739,2007-04-27,sh600988,*ST±¦Áú,9.1,9.1,9.1,9.1,9.58,-0.48,-5.0104,1.3988,476400,4335240.0,906703980.0,309927800.0
740,2007-04-30,sh600988,*ST±¦Áú,8.65,8.65,8.65,8.65,9.1,-0.45,-4.9451,0.6095,207600,1795740.0,861866970.0,294601700.0
741,2007-05-08,sh600988,*ST±¦Áú,8.47,8.49,8.22,8.22,8.65,-0.18,-2.0809,14.5845,4967188,40862902.0,843932166.0,288471260.0
742,2007-05-09,sh600988,*ST±¦Áú,8.88,8.89,8.21,8.45,8.47,0.41,4.8406,24.8415,8460517,72902523.0,884783664.0,302435040.0
743,2007-05-10,sh600988,*ST±¦Áú,8.72,8.9,8.61,8.7,8.88,-0.16,-1.8018,13.1886,4491775,39233244.0,868841616.0,296985760.0
744,2007-05-11,sh600988,*ST±¦Áú,9.16,9.16,8.58,8.71,8.72,0.44,5.0459,17.8773,6088647,54380166.0,912682248.0,311971280.0
745,2007-05-14,sh600988,*ST±¦Áú,9.17,9.62,8.81,8.98,9.16,0.01,0.1092,16.4141,5590299,51600426.0,913678626.0,312311860.0
746,2007-05-15,sh600988,*ST±¦Áú,9.22,9.59,9.1,9.17,9.17,0.05,0.5453,15.3352,5222866,49018182.0,918660516.0,314014760.0
747,2007-05-16,sh600988,*ST±¦Áú,8.97,9.35,8.76,9.2,9.22,-0.25,-2.7115,12.3307,4199595,37637986.0,893751066.0,305500260.0
748,2007-05-17,sh600988,*ST±¦Áú,9.22,9.4,8.81,9.01,8.97,0.25,2.7871,11.8712,4043101,37034900.0,918660516.0,314014760.0
749,2007-05-18,sh600988,*ST±¦Áú,0.0,0.0,0.0,0.0,9.22,,,0.0,0,0.0,918660516.0,314014760.0
750,2007-05-21,sh600988,*ST±¦Áú,9.68,9.68,9.02,9.16,9.22,0.46,4.9892,12.9221,4401004,41906558.0,964493904.0,329681440.0
751,2007-05-22,sh600988,*ST±¦Áú,10.16,10.16,10.01,10.14,9.68,0.48,4.9587,3.9991,1362009,13821362.0,1012320048.0,346029280.0
752,2007-05-23,sh600988,*ST±¦Áú,10.67,10.67,10.03,10.67,10.16,0.51,5.0197,22.8663,7787819,81591544.0,1063135326.0,363398860.0
753,2007-05-24,sh600988,*ST±¦Áú,10.26,10.91,10.14,10.91,10.67,-0.41,-3.8425,17.7034,6029414,62731175.0,1022283828.0,349435080.0
754,2007-05-25,sh600988,*ST±¦Áú,9.75,10.13,9.75,10.13,10.26,-0.51,-4.9708,10.7709,3668341,35916800.0,971468550.0,332065500.0
755,2007-05-28,sh600988,*ST±¦Áú,9.98,10.03,9.41,9.41,9.75,0.23,2.359,14.0343,4779810,46674415.0,994385244.0,339898840.0
756,2007-05-29,sh600988,*ST±¦Áú,9.66,10.18,9.49,9.91,9.98,-0.32,-3.2064,11.2692,3838068,37537393.0,962501148.0,329000280.0
757,2007-05-30,sh600988,*ST±¦Áú,9.18,9.39,9.18,9.18,9.66,-0.48,-4.9689,3.5499,1209009,11113513.0,914675004.0,312652440.0
758,2007-05-31,sh600988,*ST±¦Áú,8.72,8.72,8.72,8.72,9.18,-0.46,-5.0109,0.6527,222300,1938456.0,868841616.0,296985760.0
759,2007-06-01,sh600988,*ST±¦Áú,8.28,8.28,8.28,8.28,8.72,-0.44,-5.0459,0.5599,190700,1578996.0,825000984.0,282000240.0
760,2007-06-04,sh600988,*ST±¦Áú,7.87,7.87,7.87,7.87,8.28,-0.41,-4.9517,0.1882,64100,504467.0,784149486.0,268036460.0
761,2007-06-05,sh600988,*ST±¦Áú,7.48,7.48,7.48,7.48,7.87,-0.39,-4.9555,0.064,21800,163064.0,745290744.0,254753840.0
762,2007-06-06,sh600988,*ST±¦Áú,7.11,7.67,7.11,7.11,7.48,-0.37,-4.9465,16.181,5510932,39729408.0,708424758.0,242152380.0
763,2007-06-07,sh600988,*ST±¦Áú,6.93,7.11,6.75,6.77,7.11,-0.18,-2.5316,13.0381,4440507,30369160.0,690489954.0,236021940.0
764,2007-06-08,sh600988,*ST±¦Áú,7.27,7.28,6.99,6.99,6.93,0.34,4.9062,11.8235,4026864,29057998.0,724366806.0,247601660.0
765,2007-06-11,sh600988,*ST±¦Áú,6.91,7.43,6.91,7.4,7.27,-0.36,-4.9519,9.2084,3136182,22011762.0,688497198.0,235340780.0
766,2007-06-12,sh600988,*ST±¦Áú,6.58,6.85,6.56,6.71,6.91,-0.33,-4.7757,9.5292,3245439,21358286.0,655616724.0,224101640.0
767,2007-06-13,sh600988,*ST±¦Áú,6.91,6.91,6.62,6.62,6.58,0.33,5.0152,10.0969,3438814,23507174.0,688497198.0,235340780.0
768,2007-06-14,sh600988,*ST±¦Áú,6.83,7.21,6.8,7.19,6.91,-0.08,-1.1577,9.5585,3255420,23073729.0,680526174.0,232616140.0
769,2007-06-15,sh600988,*ST±¦Áú,6.64,6.83,6.55,6.55,6.83,-0.19,-2.7818,6.6493,2264617,15086056.0,661594992.0,226145120.0
770,2007-06-18,sh600988,*ST±¦Áú,6.92,6.97,6.66,6.66,6.64,0.28,4.2169,6.5381,2226732,15191938.0,689493576.0,235681360.0
771,2007-06-19,sh600988,*ST±¦Áú,7.27,7.27,6.8,6.92,6.92,0.35,5.0578,8.0336,2736088,19622167.0,724366806.0,247601660.0
772,2007-06-20,sh600988,*ST±¦Áú,6.99,7.58,6.91,7.25,7.27,-0.28,-3.8514,8.26,2813193,20697098.0,696468222.0,238065420.0
773,2007-06-21,sh600988,*ST±¦Áú,6.95,7.1,6.7,7.0,6.99,-0.04,-0.5722,5.0925,1734401,11966887.0,692482710.0,236703100.0
774,2007-06-22,sh600988,*ST±¦Áú,7.3,7.3,6.8,6.95,6.95,0.35,5.036,13.2139,4500406,32274185.0,727355940.0,248623400.0
775,2007-06-25,sh600988,*ST±¦Áú,7.02,7.65,6.95,7.6,7.3,-0.28,-3.8356,11.3971,3881637,28861442.0,699457356.0,239087160.0
776,2007-06-26,sh600988,*ST±¦Áú,6.67,6.9,6.67,6.9,7.02,-0.35,-4.9858,3.7389,1273381,8504409.0,664584126.0,227166860.0
777,2007-06-27,sh600988,*ST±¦Áú,6.74,6.9,6.34,6.35,6.67,0.07,1.0495,6.3198,2152391,13890809.0,671558772.0,229550920.0
778,2007-06-28,sh600988,*ST±¦Áú,7.08,7.08,6.74,6.74,6.74,0.34,5.0445,4.5204,1539554,10876757.0,705435624.0,241130640.0
779,2007-06-29,sh600988,*ST±¦Áú,7.43,7.43,7.43,7.43,7.08,0.35,4.9435,3.1871,1085475,8065079.0,740308854.0,253050940.0
780,2007-07-02,sh600988,*ST±¦Áú,0.0,0.0,0.0,0.0,7.43,,,0.0,0,0.0,740308854.0,253050940.0
781,2007-07-03,sh600988,*ST±¦Áú,0.0,0.0,0.0,0.0,7.43,,,0.0,0,0.0,740308854.0,253050940.0
782,2007-07-04,sh600988,*ST±¦Áú,0.0,0.0,0.0,0.0,7.43,,,0.0,0,0.0,740308854.0,253050940.0
783,2007-07-05,sh600988,*ST±¦Áú,0.0,0.0,0.0,0.0,7.43,,,0.0,0,0.0,740308854.0,253050940.0
784,2007-07-06,sh600988,*ST±¦Áú,7.8,7.8,7.06,7.8,7.43,0.37,4.9798,2.1278,724684,5646541.0,777174840.0,265652400.0
785,2007-07-09,sh600988,*ST±¦Áú,8.19,8.19,8.19,8.19,7.8,0.39,5.0,0.4125,140494,1150646.0,816033582.0,278935020.0
786,2007-07-10,sh600988,*ST±¦Áú,0.0,0.0,0.0,0.0,8.19,,,0.0,0,0.0,816033582.0,278935020.0
787,2007-07-11,sh600988,*ST±¦Áú,0.0,0.0,0.0,0.0,8.19,,,0.0,0,0.0,816033582.0,278935020.0
788,2007-07-12,sh600988,*ST±¦Áú,0.0,0.0,0.0,0.0,8.19,,,0.0,0,0.0,816033582.0,278935020.0
789,2007-07-13,sh600988,*ST±¦Áú,0.0,0.0,0.0,0.0,8.19,,,0.0,0,0.0,816033582.0,278935020.0
790,2007-07-16,sh600988,*ST±¦Áú,0.0,0.0,0.0,0.0,8.19,,,0.0,0,0.0,816033582.0,278935020.0
791,2007-07-17,sh600988,*ST±¦Áú,0.0,0.0,0.0,0.0,8.19,,,0.0,0,0.0,816033582.0,278935020.0
792,2007-07-18,sh600988,*ST±¦Áú,0.0,0.0,0.0,0.0,8.19,,,0.0,0,0.0,816033582.0,278935020.0
793,2007-07-19,sh600988,*ST±¦Áú,0.0,0.0,0.0,0.0,8.19,,,0.0,0,0.0,816033582.0,278935020.0
794,2007-07-20,sh600988,*ST±¦Áú,0.0,0.0,0.0,0.0,8.19,,,0.0,0,0.0,816033582.0,278935020.0
795,2007-07-23,sh600988,*ST±¦Áú,0.0,0.0,0.0,0.0,8.19,,,0.0,0,0.0,816033582.0,278935020.0
796,2007-07-24,sh600988,*ST±¦Áú,0.0,0.0,0.0,0.0,8.19,,,0.0,0,0.0,816033582.0,278935020.0
797,2007-07-25,sh600988,*ST±¦Áú,0.0,0.0,0.0,0.0,8.19,,,0.0,0,0.0,816033582.0,278935020.0
798,2007-07-26,sh600988,*ST±¦Áú,0.0,0.0,0.0,0.0,8.19,,,0.0,0,0.0,816033582.0,278935020.0
799,2007-07-27,sh600988,*ST±¦Áú,0.0,0.0,0.0,0.0,8.19,,,0.0,0,0.0,816033582.0,278935020.0
800,2007-07-30,sh600988,*ST±¦Áú,0.0,0.0,0.0,0.0,8.19,,,0.0,0,0.0,816033582.0,278935020.0
801,2007-07-31,sh600988,*ST±¦Áú,0.0,0.0,0.0,0.0,8.19,,,0.0,0,0.0,816033582.0,278935020.0
802,2007-08-01,sh600988,*ST±¦Áú,0.0,0.0,0.0,0.0,8.19,,,0.0,0,0.0,816033582.0,278935020.0
803,2007-08-02,sh600988,*ST±¦Áú,0.0,0.0,0.0,0.0,8.19,,,0.0,0,0.0,816033582.0,278935020.0
804,2007-08-03,sh600988,*ST±¦Áú,0.0,0.0,0.0,0.0,8.19,,,0.0,0,0.0,816033582.0,278935020.0
805,2007-08-06,sh600988,*ST±¦Áú,0.0,0.0,0.0,0.0,8.19,,,0.0,0,0.0,816033582.0,278935020.0
806,2007-08-07,sh600988,*ST±¦Áú,0.0,0.0,0.0,0.0,8.19,,,0.0,0,0.0,816033582.0,278935020.0
807,2007-08-08,sh600988,*ST±¦Áú,0.0,0.0,0.0,0.0,8.19,,,0.0,0,0.0,816033582.0,278935020.0
808,2007-08-09,sh600988,*ST±¦Áú,0.0,0.0,0.0,0.0,8.19,,,0.0,0,0.0,816033582.0,278935020.0
809,2007-08-10,sh600988,*ST±¦Áú,0.0,0.0,0.0,0.0,8.19,,,0.0,0,0.0,816033582.0,278935020.0
810,2007-08-13,sh600988,*ST±¦Áú,0.0,0.0,0.0,0.0,8.19,,,0.0,0,0.0,816033582.0,278935020.0
811,2007-08-14,sh600988,*ST±¦Áú,0.0,0.0,0.0,0.0,8.19,,,0.0,0,0.0,816033582.0,278935020.0
812,2007-08-15,sh600988,*ST±¦Áú,0.0,0.0,0.0,0.0,8.19,,,0.0,0,0.0,816033582.0,278935020.0
813,2007-08-16,sh600988,*ST±¦Áú,0.0,0.0,0.0,0.0,8.19,,,0.0,0,0.0,816033582.0,278935020.0
814,2007-08-17,sh600988,*ST±¦Áú,8.6,8.6,8.6,8.6,8.19,0.41,5.0061,0.1608,54770,471022.0,856885080.0,292898800.0
815,2007-08-20,sh600988,*ST±¦Áú,9.03,9.03,9.03,9.03,8.6,0.43,5.0,0.1095,37288,336711.0,899729334.0,307543740.0
816,2007-08-21,sh600988,*ST±¦Áú,9.48,9.48,9.48,9.48,9.03,0.45,4.9834,0.0956,32557,308640.0,944566344.0,322869840.0
817,2007-08-22,sh600988,*ST±¦Áú,9.95,9.95,9.95,9.95,9.48,0.47,4.9578,0.2059,70142,697913.0,991396110.0,338877100.0
818,2007-08-23,sh600988,*ST±¦Áú,10.45,10.45,10.45,10.45,9.95,0.5,5.0251,0.2814,95831,1001434.0,1041215010.0,355906100.0
819,2007-08-24,sh600988,*ST±¦Áú,10.97,10.97,10.97,10.97,10.45,0.52,4.9761,0.2173,74020,811999.0,1093026666.0,373616260.0
820,2007-08-27,sh600988,*ST±¦Áú,11.52,11.52,11.52,11.52,10.97,0.55,5.0137,0.6124,208574,2402772.0,1147827456.0,392348160.0
821,2007-08-28,sh600988,*ST±¦Áú,12.1,12.1,12.1,12.1,11.52,0.58,5.0347,0.3926,133712,1617915.0,1205617380.0,412101800.0
822,2007-08-29,sh600988,*ST±¦Áú,12.71,12.71,12.71,12.71,12.1,0.61,5.0413,0.7095,241654,3071422.0,1266396438.0,432877180.0
823,2007-08-30,sh600988,*ST±¦Áú,13.35,13.35,13.35,13.35,12.71,0.64,5.0354,0.502,170965,2282383.0,1330164630.0,454674300.0
824,2007-08-31,sh600988,*ST±¦Áú,14.02,14.02,14.02,14.02,13.35,0.67,5.0187,0.1939,66023,925642.0,1396921956.0,477493160.0
825,2007-09-03,sh600988,*ST±¦Áú,14.0,14.72,13.32,14.72,14.02,-0.02,-0.1427,24.3282,8285713,117094788.0,1394929200.0,476812000.0
826,2007-09-04,sh600988,*ST±¦Áú,13.51,14.0,13.3,13.7,14.0,-0.49,-3.5,13.6057,4633841,62860701.0,1346106678.0,460123580.0
827,2007-09-05,sh600988,*ST±¦Áú,14.19,14.19,13.2,13.42,13.51,0.68,5.0333,10.0212,3413018,48180975.0,1413860382.0,483283020.0
828,2007-09-06,sh600988,*ST±¦Áú,13.87,14.6,13.52,14.0,14.19,-0.32,-2.2551,10.1229,3447662,48418254.0,1381976286.0,472384460.0
829,2007-09-07,sh600988,*ST±¦Áú,13.89,14.2,13.5,13.6,13.87,0.02,0.1442,5.81,1978783,27548630.0,1383969042.0,473065620.0
830,2007-09-10,sh600988,*ST±¦Áú,13.86,14.3,13.4,13.58,13.89,-0.03,-0.216,6.0555,2062368,28693096.0,1380979908.0,472043880.0
831,2007-09-11,sh600988,*ST±¦Áú,14.18,14.55,13.63,13.71,13.86,0.32,2.3088,10.3991,3541709,50536591.0,1412864004.0,482942440.0
832,2007-09-12,sh600988,*ST±¦Áú,13.87,14.83,13.47,14.29,14.18,-0.31,-2.1862,8.1221,2766208,38264438.0,1381976286.0,472384460.0
833,2007-09-13,sh600988,*ST±¦Áú,13.49,13.9,13.18,13.9,13.87,-0.38,-2.7397,3.033,1032994,13750141.0,1344113922.0,459442420.0
834,2007-09-14,sh600988,*ST±¦Áú,13.34,13.59,12.95,12.95,13.49,-0.15,-1.1119,2.6946,917742,12189585.0,1329168252.0,454333720.0
835,2007-09-17,sh600988,*ST±¦Áú,13.38,13.69,13.3,13.3,13.34,0.04,0.2999,1.8918,644319,8703777.0,1333153764.0,455696040.0
836,2007-09-18,sh600988,*ST±¦Áú,13.66,13.85,13.0,13.3,13.38,0.28,2.0927,3.0158,1027117,13778058.0,1361052348.0,465232280.0
837,2007-09-19,sh600988,*ST±¦Áú,14.16,14.34,13.39,13.75,13.66,0.5,3.6603,6.5843,2242480,31534150.0,1410871248.0,482261280.0
838,2007-09-20,sh600988,*ST±¦Áú,13.45,14.15,13.45,14.15,14.16,-0.71,-5.0141,6.6318,2258666,30552155.0,1340128410.0,458080100.0
839,2007-09-21,sh600988,*ST±¦Áú,12.79,13.24,12.78,12.78,13.45,-0.66,-4.9071,9.482,3229372,41365613.0,1274367462.0,435601820.0
840,2007-09-24,sh600988,*ST±¦Áú,12.15,12.4,12.15,12.15,12.79,-0.64,-5.0039,2.4417,831600,10116439.0,1210599270.0,413804700.0
841,2007-09-25,sh600988,*ST±¦Áú,0.0,0.0,0.0,0.0,12.15,,,0.0,0,0.0,1210599270.0,413804700.0
842,2007-09-26,sh600988,*ST±¦Áú,11.54,11.62,11.54,11.62,12.15,-0.61,-5.0206,1.5585,530800,6125494.0,1149820212.0,393029320.0
843,2007-09-27,sh600988,*ST±¦Áú,10.96,10.96,10.96,10.96,11.54,-0.58,-5.026,0.3532,120300,1318488.0,1092030288.0,373275680.0
844,2007-09-28,sh600988,*ST±¦Áú,11.02,11.51,10.5,10.5,10.96,0.06,0.5474,12.9719,4417953,47813665.0,1098008556.0,375319160.0
845,2007-10-08,sh600988,*ST±¦Áú,0.0,0.0,0.0,0.0,11.02,,,0.0,0,0.0,1098008556.0,375319160.0
846,2007-10-09,sh600988,*ST±¦Áú,0.0,0.0,0.0,0.0,11.02,,,0.0,0,0.0,1098008556.0,375319160.0
847,2007-10-10,sh600988,*ST±¦Áú,0.0,0.0,0.0,0.0,11.02,,,0.0,0,0.0,1098008556.0,375319160.0
848,2007-10-11,sh600988,*ST±¦Áú,0.0,0.0,0.0,0.0,11.02,,,0.0,0,0.0,1098008556.0,375319160.0
849,2007-10-12,sh600988,*ST±¦Áú,0.0,0.0,0.0,0.0,11.02,,,0.0,0,0.0,1098008556.0,375319160.0
850,2007-10-15,sh600988,*ST±¦Áú,0.0,0.0,0.0,0.0,11.02,,,0.0,0,0.0,1098008556.0,375319160.0
851,2007-10-16,sh600988,*ST±¦Áú,0.0,0.0,0.0,0.0,11.02,,,0.0,0,0.0,1098008556.0,375319160.0
852,2007-10-17,sh600988,*ST±¦Áú,0.0,0.0,0.0,0.0,11.02,,,0.0,0,0.0,1098008556.0,375319160.0
853,2007-10-18,sh600988,*ST±¦Áú,0.0,0.0,0.0,0.0,11.02,,,0.0,0,0.0,1098008556.0,375319160.0
854,2007-10-19,sh600988,*ST±¦Áú,0.0,0.0,0.0,0.0,11.02,,,0.0,0,0.0,1098008556.0,375319160.0
855,2007-10-22,sh600988,*ST±¦Áú,0.0,0.0,0.0,0.0,11.02,,,0.0,0,0.0,1098008556.0,375319160.0
856,2007-10-23,sh600988,*ST±¦Áú,0.0,0.0,0.0,0.0,11.02,,,0.0,0,0.0,1098008556.0,375319160.0
857,2007-10-24,sh600988,*ST±¦Áú,0.0,0.0,0.0,0.0,11.02,,,0.0,0,0.0,1098008556.0,375319160.0
858,2007-10-25,sh600988,*ST±¦Áú,0.0,0.0,0.0,0.0,11.02,,,0.0,0,0.0,1098008556.0,375319160.0
859,2007-10-26,sh600988,*ST±¦Áú,0.0,0.0,0.0,0.0,11.02,,,0.0,0,0.0,1098008556.0,375319160.0
860,2007-10-29,sh600988,*ST±¦Áú,0.0,0.0,0.0,0.0,11.02,,,0.0,0,0.0,1098008556.0,375319160.0
861,2007-10-30,sh600988,*ST±¦Áú,0.0,0.0,0.0,0.0,11.02,,,0.0,0,0.0,1098008556.0,375319160.0
862,2007-10-31,sh600988,*ST±¦Áú,0.0,0.0,0.0,0.0,11.02,,,0.0,0,0.0,1098008556.0,375319160.0
863,2007-11-01,sh600988,*ST±¦Áú,0.0,0.0,0.0,0.0,11.02,,,0.0,0,0.0,1098008556.0,375319160.0
864,2007-11-02,sh600988,*ST±¦Áú,0.0,0.0,0.0,0.0,11.02,,,0.0,0,0.0,1098008556.0,375319160.0
865,2007-11-05,sh600988,*ST±¦Áú,0.0,0.0,0.0,0.0,11.02,,,0.0,0,0.0,1098008556.0,375319160.0
866,2007-11-06,sh600988,*ST±¦Áú,10.47,10.47,10.47,10.47,11.02,-0.55,-4.9909,0.1917,65300,683691.0,1043207766.0,356587260.0
867,2007-11-07,sh600988,*ST±¦Áú,9.95,9.95,9.95,9.95,10.47,-0.52,-4.9666,0.1213,41300,410935.0,991396110.0,338877100.0
868,2007-11-08,sh600988,*ST±¦Áú,9.45,9.45,9.45,9.45,9.95,-0.5,-5.0251,0.1063,36200,342090.0,941577210.0,321848100.0
869,2007-11-09,sh600988,*ST±¦Áú,8.98,8.98,8.98,8.98,9.45,-0.47,-4.9735,0.2011,68500,615130.0,894747444.0,305840840.0
870,2007-11-12,sh600988,*ST±¦Áú,8.53,8.53,8.53,8.53,8.98,-0.45,-5.0111,0.1081,36800,313904.0,849910434.0,290514740.0
871,2007-11-13,sh600988,*ST±¦Áú,8.1,8.5,8.1,8.1,8.53,-0.43,-5.041,17.9863,6125770,50005792.0,807066180.0,275869800.0
872,2007-11-14,sh600988,*ST±¦Áú,8.22,8.31,7.7,7.9,8.1,0.12,1.4815,10.5792,3603051,29032647.0,819022716.0,279956760.0
873,2007-11-15,sh600988,*ST±¦Áú,7.97,8.37,7.85,8.18,8.22,-0.25,-3.0414,6.2221,2119120,17297868.0,794113266.0,271442260.0
874,2007-11-16,sh600988,*ST±¦Áú,7.6,7.96,7.57,7.96,7.97,-0.37,-4.6424,6.3934,2177461,16578734.0,757247280.0,258840800.0
875,2007-11-19,sh600988,*ST±¦Áú,7.98,7.98,7.62,7.79,7.6,0.38,5.0,2.3796,810440,6406771.0,795109644.0,271782840.0
876,2007-11-20,sh600988,*ST±¦Áú,8.38,8.38,8.22,8.38,7.98,0.4,5.0125,7.1018,2418721,20245831.0,834964764.0,285406040.0
877,2007-11-21,sh600988,*ST±¦Áú,8.8,8.8,8.5,8.69,8.38,0.42,5.0119,15.3943,5243000,45591885.0,876812640.0,299710400.0
878,2007-11-22,sh600988,*ST±¦Áú,9.01,9.24,8.75,8.8,8.8,0.21,2.3864,10.707,3646587,33427881.0,897736578.0,306862580.0
879,2007-11-23,sh600988,*ST±¦Áú,8.56,8.6,8.56,8.6,9.01,-0.45,-4.9945,2.6035,886700,7593606.0,852899568.0,291536480.0
880,2007-11-26,sh600988,*ST±¦Áú,8.98,8.99,8.34,8.34,8.56,0.42,4.9065,11.1221,3787962,33571511.0,894747444.0,305840840.0
881,2007-11-27,sh600988,*ST±¦Áú,9.24,9.42,8.7,8.8,8.98,0.26,2.8953,9.3805,3194807,29409884.0,920653272.0,314695920.0
882,2007-11-28,sh600988,*ST±¦Áú,8.83,9.65,8.78,9.29,9.24,-0.41,-4.4372,7.8043,2657999,24258269.0,879801774.0,300732140.0
883,2007-11-29,sh600988,*ST±¦Áú,8.67,8.9,8.39,8.8,8.83,-0.16,-1.812,5.3417,1819289,15596867.0,863859726.0,295282860.0
884,2007-11-30,sh600988,*ST±¦Áú,8.82,9.07,8.51,8.69,8.67,0.15,1.7301,5.0012,1703296,15104755.0,878805396.0,300391560.0
885,2007-12-03,sh600988,*ST±¦Áú,8.68,9.17,8.51,8.89,8.82,-0.14,-1.5873,3.9809,1355798,11878077.0,864856104.0,295623440.0
886,2007-12-04,sh600988,*ST±¦Áú,8.63,8.78,8.41,8.54,8.68,-0.05,-0.576,3.0135,1026331,8770883.0,859874214.0,293920540.0
887,2007-12-05,sh600988,*ST±¦Áú,8.74,8.75,8.56,8.63,8.63,0.11,1.2746,3.2547,1108498,9616011.0,870834372.0,297666920.0
888,2007-12-06,sh600988,*ST±¦Áú,9.18,9.18,8.65,8.84,8.74,0.44,5.0343,5.4871,1868804,17005357.0,914675004.0,312652440.0
889,2007-12-07,sh600988,*ST±¦Áú,9.64,9.64,9.45,9.6,9.18,0.46,5.0109,3.1155,1061088,10197589.0,960508392.0,328319120.0
890,2007-12-10,sh600988,*ST±¦Áú,9.7,10.12,9.26,10.12,9.64,0.06,0.6224,15.4547,5263565,51672212.0,966486660.0,330362600.0
891,2007-12-11,sh600988,*ST±¦Áú,9.51,9.97,9.32,9.38,9.7,-0.19,-1.9588,6.4178,2185784,20902870.0,947555478.0,323891580.0
892,2007-12-12,sh600988,*ST±¦Áú,9.64,9.66,9.24,9.59,9.51,0.13,1.367,4.6167,1572350,14819639.0,960508392.0,328319120.0
893,2007-12-13,sh600988,*ST±¦Áú,9.18,9.85,9.17,9.59,9.64,-0.46,-4.7718,4.319,1470949,14050851.0,914675004.0,312652440.0
894,2007-12-14,sh600988,*ST±¦Áú,0.0,0.0,0.0,0.0,9.18,,,0.0,0,0.0,914675004.0,312652440.0
895,2007-12-17,sh600988,*ST±¦Áú,8.95,9.48,8.91,9.3,9.18,-0.23,-2.5054,3.1029,1056799,9665567.0,891758310.0,304819100.0
896,2007-12-18,sh600988,*ST±¦Áú,8.51,9.1,8.5,9.1,8.95,-0.44,-4.9162,4.4456,1514096,13101231.0,847917678.0,289833580.0
897,2007-12-19,sh600988,*ST±¦Áú,8.94,8.94,8.46,8.48,8.51,0.43,5.0529,3.2175,1095807,9534369.0,890761932.0,304478520.0
898,2007-12-20,sh600988,*ST±¦Áú,9.18,9.39,9.0,9.19,8.94,0.24,2.6846,5.0977,1736159,16060511.0,914675004.0,312652440.0
899,2007-12-21,sh600988,*ST±¦Áú,9.25,9.42,9.02,9.03,9.18,0.07,0.7625,3.3853,1152969,10724046.0,921649650.0,315036500.0
900,2007-12-24,sh600988,*ST±¦Áú,9.28,9.41,9.1,9.17,9.25,0.03,0.3243,6.3021,2146372,19926620.0,924638784.0,316058240.0
901,2007-12-25,sh600988,*ST±¦Áú,9.74,9.74,9.21,9.34,9.28,0.46,4.9569,7.299,2485891,23892532.0,970472172.0,331724920.0
902,2007-12-26,sh600988,*ST±¦Áú,10.23,10.23,9.85,9.95,9.74,0.49,5.0308,7.1971,2451184,24949331.0,1019294694.0,348413340.0
903,2007-12-27,sh600988,*ST±¦Áú,10.02,10.72,9.89,10.72,10.23,-0.21,-2.0528,12.5898,4287831,43989387.0,998370756.0,341261160.0
904,2007-12-28,sh600988,*ST±¦Áú,10.05,10.3,9.76,10.09,10.02,0.03,0.2994,6.6415,2261960,22721250.0,1001359890.0,342282900.0
905,2008-01-02,sh600988,*ST±¦Áú,10.55,10.55,10.0,10.03,10.05,0.5,4.9751,9.541,3249485,34098771.0,1051178790.0,359311900.0
906,2008-01-03,sh600988,*ST±¦Áú,10.75,11.02,10.3,10.65,10.55,0.2,1.8957,8.8021,2997808,32204255.0,1071106350.0,366123500.0
907,2008-01-04,sh600988,*ST±¦Áú,11.29,11.29,10.73,10.75,10.75,0.54,5.0233,8.2934,2824564,31605509.0,1124910762.0,384514820.0
908,2008-01-07,sh600988,*ST±¦Áú,11.09,11.46,11.01,11.39,11.29,-0.2,-1.7715,6.4715,2204063,24645892.0,1104983202.0,377703220.0
909,2008-01-08,sh600988,*ST±¦Áú,10.63,11.48,10.54,11.05,11.09,-0.46,-4.1479,6.7989,2315578,25269507.0,1059149814.0,362036540.0
910,2008-01-09,sh600988,*ST±¦Áú,10.76,10.82,10.28,10.53,10.63,0.13,1.223,5.5017,1873775,19830134.0,1072102728.0,366464080.0
911,2008-01-10,sh600988,*ST±¦Áú,10.74,11.1,10.66,10.8,10.76,-0.02,-0.1859,4.7222,1608293,17513283.0,1070109972.0,365782920.0
912,2008-01-11,sh600988,*ST±¦Áú,10.85,10.99,10.5,10.7,10.74,0.11,1.0242,5.414,1843905,19824665.0,1081070130.0,369529300.0
913,2008-01-14,sh600988,*ST±¦Áú,11.17,11.38,10.7,10.85,10.85,0.32,2.9493,5.6466,1923103,21458111.0,1112954226.0,380427860.0
914,2008-01-15,sh600988,*ST±¦Áú,11.31,11.5,11.1,11.24,11.17,0.14,1.2534,5.2947,1803276,20339824.0,1126903518.0,385195980.0
915,2008-01-16,sh600988,*ST±¦Áú,11.88,11.88,11.1,11.31,11.31,0.57,5.0398,9.3252,3175986,36944991.0,1183697064.0,404609040.0
916,2008-01-17,sh600988,*ST±¦Áú,11.34,12.12,11.29,11.6,11.88,-0.54,-4.5455,6.9077,2352613,27198722.0,1129892652.0,386217720.0
917,2008-01-18,sh600988,*ST±¦Áú,11.11,11.59,10.81,11.35,11.34,-0.23,-2.0282,3.3729,1148736,12746427.0,1106975958.0,378384380.0
918,2008-01-21,sh600988,*ST±¦Áú,10.55,11.06,10.55,11.0,11.11,-0.56,-5.0405,3.63,1236304,13242079.0,1051178790.0,359311900.0
919,2008-01-22,sh600988,*ST±¦Áú,10.02,10.1,10.02,10.07,10.55,-0.53,-5.0237,1.0632,362100,3631330.0,998370756.0,341261160.0
920,2008-01-23,sh600988,*ST±¦Áú,9.61,9.92,9.52,9.52,10.02,-0.41,-4.0918,7.529,2564212,24475121.0,957519258.0,327297380.0
921,2008-01-24,sh600988,*ST±¦Áú,9.71,9.98,9.61,9.98,9.61,0.1,1.0406,2.9331,998956,9743239.0,967483038.0,330703180.0
922,2008-01-25,sh600988,*ST±¦Áú,9.81,10.08,9.55,9.68,9.71,0.1,1.0299,2.3404,797103,7817617.0,977446818.0,334108980.0
923,2008-01-28,sh600988,*ST±¦Áú,9.32,9.87,9.32,9.8,9.81,-0.49,-4.9949,1.5779,537400,5061006.0,928624296.0,317420560.0
924,2008-01-29,sh600988,*ST±¦Áú,0.0,0.0,0.0,0.0,9.32,,,0.0,0,0.0,928624296.0,317420560.0
925,2008-01-30,sh600988,*ST±¦Áú,0.0,0.0,0.0,0.0,9.32,,,0.0,0,0.0,928624296.0,317420560.0
926,2008-01-31,sh600988,*ST±¦Áú,0.0,0.0,0.0,0.0,9.32,,,0.0,0,0.0,928624296.0,317420560.0
927,2008-02-01,sh600988,*ST±¦Áú,0.0,0.0,0.0,0.0,9.32,,,0.0,0,0.0,928624296.0,317420560.0
928,2008-02-04,sh600988,*ST±¦Áú,0.0,0.0,0.0,0.0,9.32,,,0.0,0,0.0,928624296.0,317420560.0
929,2008-02-05,sh600988,*ST±¦Áú,9.79,9.79,9.5,9.5,9.32,0.47,5.0429,1.04,354217,3445221.0,975454062.0,333427820.0
930,2008-02-13,sh600988,*ST±¦Áú,9.84,10.12,9.8,10.0,9.79,0.05,0.5107,2.7863,948967,9420638.0,980435952.0,335130720.0
931,2008-02-14,sh600988,*ST±¦Áú,10.16,10.2,9.78,9.94,9.84,0.32,3.252,1.5738,536017,5342285.0,1012320048.0,346029280.0
932,2008-02-15,sh600988,*ST±¦Áú,9.91,10.15,9.75,10.15,10.16,-0.25,-2.4606,1.3266,451823,4487800.0,987410598.0,337514780.0
933,2008-02-18,sh600988,*ST±¦Áú,10.0,10.14,9.87,9.91,9.91,0.09,0.9082,1.6615,565888,5665233.0,996378000.0,340580000.0
934,2008-02-19,sh600988,*ST±¦Áú,10.06,10.08,9.9,9.99,10.0,0.06,0.6,1.8403,626782,6265955.0,1002356268.0,342623480.0
935,2008-02-20,sh600988,*ST±¦Áú,10.21,10.24,10.0,10.23,10.06,0.15,1.4911,2.019,687614,6956300.0,1017301938.0,347732180.0
936,2008-02-21,sh600988,*ST±¦Áú,10.18,10.22,10.0,10.1,10.21,-0.03,-0.2938,1.8742,638304,6457823.0,1014312804.0,346710440.0
937,2008-02-22,sh600988,*ST±¦Áú,10.02,10.27,9.67,10.15,10.18,-0.16,-1.5717,1.9326,658215,6568936.0,998370756.0,341261160.0
938,2008-02-25,sh600988,*ST±¦Áú,9.6,10.08,9.52,10.02,10.02,-0.42,-4.1916,2.2959,781939,7560095.0,956522880.0,326956800.0
939,2008-02-26,sh600988,*ST±¦Áú,9.48,9.97,9.25,9.7,9.6,-0.12,-1.25,1.2873,438418,4193296.0,944566344.0,322869840.0
940,2008-02-27,sh600988,*ST±¦Áú,9.7,9.74,9.4,9.52,9.48,0.22,2.3207,1.0548,359229,3462556.0,966486660.0,330362600.0
941,2008-02-28,sh600988,*ST±¦Áú,9.81,9.9,9.64,9.7,9.7,0.11,1.134,1.1314,385317,3761259.0,977446818.0,334108980.0
942,2008-02-29,sh600988,*ST±¦Áú,10.3,10.3,9.8,9.9,9.81,0.49,4.9949,3.7654,1282420,12933237.0,1026269340.0,350797400.0
943,2008-03-03,sh600988,*ST±¦Áú,10.66,10.82,10.18,10.36,10.3,0.36,3.4951,3.2353,1101878,11740276.0,1062138948.0,363058280.0
944,2008-03-04,sh600988,*ST±¦Áú,10.86,11.0,10.49,10.81,10.66,0.2,1.8762,4.11,1399797,14999005.0,1082066508.0,369869880.0
945,2008-03-05,sh600988,*ST±¦Áú,10.93,11.04,10.6,10.7,10.86,0.07,0.6446,3.4479,1174299,12725138.0,1089041154.0,372253940.0
946,2008-03-06,sh600988,*ST±¦Áú,11.01,11.1,10.81,11.0,10.93,0.08,0.7319,4.0408,1376207,15116731.0,1097012178.0,374978580.0
947,2008-03-07,sh600988,*ST±¦Áú,10.73,11.05,10.48,11.02,11.01,-0.28,-2.5431,3.2344,1101578,11787098.0,1069113594.0,365442340.0
948,2008-03-10,sh600988,*ST±¦Áú,10.56,10.78,10.2,10.69,10.73,-0.17,-1.5843,3.3719,1148406,11958628.0,1052175168.0,359652480.0
949,2008-03-11,sh600988,*ST±¦Áú,10.74,10.85,10.11,10.52,10.56,0.18,1.7045,1.8775,639446,6699388.0,1070109972.0,365782920.0
950,2008-03-12,sh600988,*ST±¦Áú,11.28,11.28,10.86,10.98,10.74,0.54,5.0279,5.2,1771000,19887007.0,1123914384.0,384174240.0
951,2008-03-13,sh600988,*ST±¦Áú,10.72,11.4,10.72,11.4,11.28,-0.56,-4.9645,5.4644,1861078,20458136.0,1068117216.0,365101760.0
952,2008-03-14,sh600988,*ST±¦Áú,10.6,10.72,10.23,10.41,10.72,-0.12,-1.1194,2.0474,697295,7331141.0,1056160680.0,361014800.0
953,2008-03-17,sh600988,*ST±¦Áú,10.07,10.6,10.07,10.41,10.6,-0.53,-5.0,1.7182,585191,6026443.0,1003352646.0,342964060.0
954,2008-03-18,sh600988,*ST±¦Áú,9.57,9.85,9.57,9.62,10.07,-0.5,-4.9652,0.8592,292636,2815572.0,953533746.0,325935060.0
955,2008-03-19,sh600988,*ST±¦Áú,9.2,9.56,9.09,9.09,9.57,-0.37,-3.8662,3.6201,1232933,11321322.0,916667760.0,313333600.0
956,2008-03-20,sh600988,*ST±¦Áú,9.19,9.45,8.74,8.74,9.2,-0.01,-0.1087,2.528,860979,7723690.0,915671382.0,312993020.0
957,2008-03-21,sh600988,*ST±¦Áú,9.29,9.56,9.09,9.56,9.19,0.1,1.0881,3.2558,1108872,10244076.0,925635162.0,316398820.0
958,2008-03-24,sh600988,*ST±¦Áú,9.24,9.73,9.18,9.28,9.29,-0.05,-0.5382,1.9191,653618,6114187.0,920653272.0,314695920.0
959,2008-03-25,sh600988,*ST±¦Áú,9.55,9.68,9.0,9.09,9.24,0.31,3.355,1.7298,589149,5530363.0,951540990.0,325253900.0
960,2008-03-26,sh600988,*ST±¦Áú,9.64,9.98,9.45,9.55,9.55,0.09,0.9424,1.2752,434302,4217757.0,960508392.0,328319120.0
961,2008-03-27,sh600988,*ST±¦Áú,9.16,9.86,9.16,9.72,9.64,-0.48,-4.9793,1.619,551400,5172886.0,912682248.0,311971280.0
962,2008-03-28,sh600988,*ST±¦Áú,9.1,9.18,8.7,9.1,9.16,-0.06,-0.655,1.3691,466279,4165876.0,906703980.0,309927800.0
963,2008-03-31,sh600988,*ST±¦Áú,8.65,8.99,8.65,8.99,9.1,-0.45,-4.9451,2.1822,743204,6478513.0,861866970.0,294601700.0
964,2008-04-01,sh600988,*ST±¦Áú,8.22,9.05,8.22,8.22,8.65,-0.43,-4.9711,1.43,487023,4118061.0,819022716.0,279956760.0
965,2008-04-02,sh600988,*ST±¦Áú,7.81,8.31,7.81,8.1,8.22,-0.41,-4.9878,1.7763,604980,4735980.0,778171218.0,265992980.0
966,2008-04-03,sh600988,*ST±¦Áú,7.42,7.55,7.42,7.55,7.81,-0.39,-4.9936,1.8756,638805,4742517.0,739312476.0,252710360.0
967,2008-04-07,sh600988,*ST±¦Áú,7.79,7.79,7.32,7.57,7.42,0.37,4.9865,2.3835,811760,6259345.0,776178462.0,265311820.0
968,2008-04-08,sh600988,*ST±¦Áú,8.16,8.18,7.71,7.9,7.79,0.37,4.7497,2.675,911035,7357381.0,813044448.0,277913280.0
969,2008-04-09,sh600988,*ST±¦Áú,8.03,8.42,7.75,8.09,8.16,-0.13,-1.5931,2.291,780276,6292139.0,800091534.0,273485740.0
970,2008-04-10,sh600988,*ST±¦Áú,8.11,8.2,7.7,7.7,8.03,0.08,0.9963,0.9325,317596,2551966.0,808062558.0,276210380.0
971,2008-04-11,sh600988,*ST±¦Áú,8.35,8.36,8.04,8.2,8.11,0.24,2.9593,1.4087,479760,3951039.0,831975630.0,284384300.0
972,2008-04-14,sh600988,*ST±¦Áú,7.93,8.44,7.93,8.06,8.35,-0.42,-5.0299,1.2532,426800,3428137.0,790127754.0,270079940.0
973,2008-04-15,sh600988,*ST±¦Áú,7.79,7.9,7.53,7.77,7.93,-0.14,-1.7654,1.046,356230,2719092.0,776178462.0,265311820.0
974,2008-04-16,sh600988,*ST±¦Áú,8.0,8.17,7.42,7.72,7.79,0.21,2.6958,1.7558,597981,4666474.0,797102400.0,272464000.0
975,2008-04-17,sh600988,*ST±¦Áú,7.68,8.32,7.65,8.03,8.0,-0.32,-4.0,0.9433,321255,2577604.0,765218304.0,261565440.0
976,2008-04-18,sh600988,*ST±¦Áú,7.31,7.65,7.3,7.62,7.68,-0.37,-4.8177,0.8701,296333,2189593.0,728352318.0,248963980.0
977,2008-04-21,sh600988,*ST±¦Áú,7.68,7.68,6.95,7.68,7.31,0.37,5.0616,2.8702,977520,7326046.0,765218304.0,261565440.0
978,2008-04-22,sh600988,*ST±¦Áú,8.05,8.06,7.52,7.83,7.68,0.37,4.8177,2.6017,886078,6980229.0,802084290.0,274166900.0
979,2008-04-23,sh600988,*ST±¦Áú,8.13,8.3,7.81,8.0,8.05,0.08,0.9938,1.735,590917,4793484.0,810055314.0,276891540.0
980,2008-04-24,sh600988,*ST±¦Áú,8.54,8.54,8.38,8.54,8.13,0.41,5.0431,5.0444,1718017,14642581.0,850906812.0,290855320.0
981,2008-04-25,sh600988,*ST±¦Áú,8.56,8.78,8.23,8.49,8.54,0.02,0.2342,2.7519,937247,7882815.0,852899568.0,291536480.0
982,2008-04-28,sh600988,*ST±¦Áú,0.0,0.0,0.0,0.0,8.56,,,0.0,0,0.0,852899568.0,291536480.0
983,2008-04-29,sh600988,*ST±¦Áú,8.81,8.99,8.61,8.88,8.56,0.25,2.9206,2.4981,850804,7547849.0,877809018.0,300050980.0
984,2008-04-30,sh600988,*ST±¦Áú,9.05,9.25,8.7,8.88,8.81,0.24,2.7242,3.1457,1071360,9697122.0,901722090.0,308224900.0
985,2008-05-05,sh600988,*ST±¦Áú,9.06,9.13,8.88,9.1,9.05,0.01,0.1105,1.7705,602987,5406977.0,902718468.0,308565480.0
986,2008-05-06,sh600988,*ST±¦Áú,9.45,9.48,8.95,9.07,9.06,0.39,4.3046,3.5161,1197524,11094274.0,941577210.0,321848100.0
987,2008-05-07,sh600988,*ST±¦Áú,9.18,9.48,9.03,9.48,9.45,-0.27,-2.8571,1.5831,539188,5012496.0,914675004.0,312652440.0
988,2008-05-08,sh600988,*ST±¦Áú,9.36,9.44,8.92,8.92,9.18,0.18,1.9608,1.4206,483837,4470799.0,932609808.0,318782880.0
989,2008-05-09,sh600988,*ST±¦Áú,9.38,9.63,9.18,9.63,9.36,0.02,0.2137,1.5864,540309,5040814.0,934602564.0,319464040.0
990,2008-05-12,sh600988,*ST±¦Áú,9.37,9.48,9.2,9.47,9.38,-0.01,-0.1066,1.3352,454755,4281571.0,933606186.0,319123460.0
991,2008-05-13,sh600988,*ST±¦Áú,9.03,9.19,8.92,9.19,9.37,-0.34,-3.6286,1.904,648452,5879085.0,899729334.0,307543740.0
992,2008-05-14,sh600988,*ST±¦Áú,9.34,9.38,8.96,8.97,9.03,0.31,3.433,1.2206,415701,3842974.0,930617052.0,318101720.0
993,2008-05-15,sh600988,*ST±¦Áú,9.37,9.45,9.22,9.22,9.34,0.03,0.3212,1.4625,498103,4640105.0,933606186.0,319123460.0
994,2008-05-16,sh600988,*ST±¦Áú,9.35,9.47,9.2,9.37,9.37,-0.02,-0.2134,1.1165,380250,3559575.0,931613430.0,318442300.0
995,2008-05-19,sh600988,*ST±¦Áú,0.0,0.0,0.0,0.0,9.35,,,0.0,0,0.0,931613430.0,318442300.0
996,2008-05-20,sh600988,*ST±¦Áú,8.88,9.36,8.88,9.36,9.35,-0.47,-5.0267,1.0303,350899,3175722.0,884783664.0,302435040.0
997,2008-05-21,sh600988,*ST±¦Áú,8.67,8.85,8.44,8.58,8.88,-0.21,-2.3649,1.3818,470617,3997038.0,863859726.0,295282860.0
998,2008-05-22,sh600988,*ST±¦Áú,8.58,8.73,8.5,8.63,8.67,-0.09,-1.0381,0.6715,228686,1976422.0,854892324.0,292217640.0
999,2008-05-23,sh600988,*ST±¦Áú,8.35,8.66,8.21,8.59,8.58,-0.23,-2.6807,0.8455,287951,2412395.0,831975630.0,284384300.0
1000,2008-05-26,sh600988,*ST±¦Áú,8.13,8.43,8.01,8.35,8.35,-0.22,-2.6347,0.5344,181998,1493710.0,810055314.0,276891540.0
1001,2008-05-27,sh600988,*ST±¦Áú,8.35,8.47,8.08,8.2,8.13,0.22,2.706,0.5806,197757,1643312.0,831975630.0,284384300.0
1002,2008-05-28,sh600988,*ST±¦Áú,8.49,8.55,8.22,8.4,8.35,0.14,1.6766,1.1714,398972,3350933.0,845924922.0,289152420.0
1003,2008-05-29,sh600988,*ST±¦Áú,8.25,8.54,8.21,8.4,8.49,-0.24,-2.8269,0.5796,197386,1642249.0,822011850.0,280978500.0
1004,2008-05-30,sh600988,*ST±¦Áú,8.18,8.31,8.12,8.31,8.25,-0.07,-0.8485,0.5293,180277,1477455.0,815037204.0,278594440.0
1005,2008-06-02,sh600988,*ST±¦Áú,8.02,8.21,7.77,8.2,8.18,-0.16,-1.956,1.057,360002,2862218.0,799095156.0,273145160.0
1006,2008-06-03,sh600988,*ST±¦Áú,0.0,0.0,0.0,0.0,8.02,,,0.0,0,0.0,799095156.0,273145160.0
1007,2008-06-04,sh600988,ST±¦Áú,8.24,8.42,8.06,8.3,8.02,0.22,2.7431,2.7885,949711,7919029.0,821015472.0,280637920.0
1008,2008-06-05,sh600988,ST±¦Áú,7.85,8.15,7.83,7.98,8.24,-0.39,-4.733,1.7522,596768,4701425.0,782156730.0,267355300.0
1009,2008-06-06,sh600988,ST±¦Áú,7.63,7.87,7.6,7.87,7.85,-0.22,-2.8025,0.891,303462,2334948.0,760236414.0,259862540.0
1010,2008-06-10,sh600988,ST±¦Áú,7.25,7.49,7.25,7.49,7.63,-0.38,-4.9803,0.3582,122000,886157.0,722374050.0,246920500.0
1011,2008-06-11,sh600988,ST±¦Áú,6.89,6.99,6.89,6.89,7.25,-0.36,-4.9655,0.8474,288600,1989739.0,686504442.0,234659620.0
1012,2008-06-12,sh600988,ST±¦Áú,6.59,6.88,6.55,6.56,6.89,-0.3,-4.3541,1.0398,354149,2327697.0,656613102.0,224442220.0
1013,2008-06-13,sh600988,ST±¦Áú,0.0,0.0,0.0,0.0,6.59,,,0.0,0,0.0,656613102.0,224442220.0
1014,2008-06-16,sh600988,ST±¦Áú,6.26,6.46,6.26,6.29,6.59,-0.33,-5.0076,0.8327,283600,1790895.0,623732628.0,213203080.0
1015,2008-06-17,sh600988,ST±¦Áú,5.95,6.23,5.95,6.01,6.26,-0.31,-4.9521,0.764,260200,1573059.0,592844910.0,202645100.0
1016,2008-06-18,sh600988,ST±¦Áú,6.03,6.13,5.65,5.65,5.95,0.08,1.3445,1.4977,510084,3025810.0,600815934.0,205369740.0
1017,2008-06-19,sh600988,ST±¦Áú,5.73,5.95,5.73,5.88,6.03,-0.3,-4.9751,0.7296,248500,1441718.0,570924594.0,195152340.0
1018,2008-06-20,sh600988,ST±¦Áú,5.73,6.0,5.44,5.44,5.73,0.0,0.0,1.7158,584379,3305044.0,570924594.0,195152340.0
1019,2008-06-23,sh600988,ST±¦Áú,5.44,5.6,5.44,5.46,5.73,-0.29,-5.0611,0.8039,273800,1496120.0,542029632.0,185275520.0
1020,2008-06-24,sh600988,ST±¦Áú,0.0,0.0,0.0,0.0,5.44,,,0.0,0,0.0,542029632.0,185275520.0
1021,2008-06-25,sh600988,ST±¦Áú,5.71,5.71,5.44,5.67,5.44,0.27,4.9632,2.0838,709715,3957637.0,568931838.0,194471180.0
1022,2008-06-26,sh600988,ST±¦Áú,5.84,5.96,5.67,5.67,5.71,0.13,2.2767,1.6807,572401,3334431.0,581884752.0,198898720.0
1023,2008-06-27,sh600988,ST±¦Áú,5.55,5.78,5.55,5.78,5.84,-0.29,-4.9658,1.4348,488666,2733846.0,552989790.0,189021900.0
1024,2008-06-30,sh600988,ST±¦Áú,5.27,5.5,5.27,5.28,5.55,-0.28,-5.045,0.8368,285000,1511854.0,525091206.0,179485660.0
1025,2008-07-01,sh600988,ST±¦Áú,5.01,5.27,5.01,5.27,5.27,-0.26,-4.9336,1.4643,498700,2507141.0,499185378.0,170630580.0
1026,2008-07-02,sh600988,ST±¦Áú,0.0,0.0,0.0,0.0,5.01,,,0.0,0,0.0,499185378.0,170630580.0
1027,2008-07-03,sh600988,ST±¦Áú,5.26,5.26,4.8,4.88,5.01,0.25,4.99,1.2985,442253,2218800.0,524094828.0,179145080.0
1028,2008-07-04,sh600988,ST±¦Áú,5.52,5.52,5.52,5.52,5.26,0.26,4.943,0.7722,262984,1451672.0,550000656.0,188000160.0
1029,2008-07-07,sh600988,ST±¦Áú,5.8,5.8,5.8,5.8,5.52,0.28,5.0725,1.8565,632294,3667305.0,577899240.0,197536400.0
1030,2008-07-08,sh600988,ST±¦Áú,0.0,0.0,0.0,0.0,5.8,,,0.0,0,0.0,577899240.0,197536400.0
1031,2008-07-09,sh600988,ST±¦Áú,6.09,6.09,5.8,5.8,5.8,0.29,5.0,2.489,847703,5064685.0,606794202.0,207413220.0
1032,2008-07-10,sh600988,ST±¦Áú,6.07,6.39,6.01,6.39,6.09,-0.02,-0.3284,5.0478,1719173,10786740.0,604801446.0,206732060.0
1033,2008-07-11,sh600988,ST±¦Áú,6.02,6.08,5.88,5.98,6.07,-0.05,-0.8237,1.1142,379485,2266002.0,599819556.0,205029160.0
1034,2008-07-14,sh600988,ST±¦Áú,6.29,6.31,5.91,6.06,6.02,0.27,4.485,1.8159,618457,3767059.0,626721762.0,214224820.0
1035,2008-07-15,sh600988,ST±¦Áú,6.28,6.38,6.0,6.34,6.29,-0.01,-0.159,2.2434,764071,4745367.0,625725384.0,213884240.0
1036,2008-07-16,sh600988,ST±¦Áú,5.97,6.33,5.97,6.2,6.28,-0.31,-4.9363,1.4558,495800,2990841.0,594837666.0,203326260.0
1037,2008-07-17,sh600988,ST±¦Áú,5.9,6.09,5.69,5.97,5.97,-0.07,-1.1725,1.0476,356800,2096574.0,587863020.0,200942200.0
1038,2008-07-18,sh600988,ST±¦Áú,5.92,6.03,5.7,5.87,5.9,0.02,0.339,0.9358,318709,1863868.0,589855776.0,201623360.0
1039,2008-07-21,sh600988,ST±¦Áú,6.22,6.22,5.83,6.09,5.92,0.3,5.0676,2.2069,751626,4563725.0,619747116.0,211840760.0
1040,2008-07-22,sh600988,ST±¦Áú,6.53,6.53,6.32,6.32,6.22,0.31,4.9839,3.9987,1361887,8859176.0,650634834.0,222398740.0
1041,2008-07-23,sh600988,ST±¦Áú,6.64,6.77,6.48,6.77,6.53,0.11,1.6845,3.1972,1088900,7193073.0,661594992.0,226145120.0
1042,2008-07-24,sh600988,ST±¦Áú,6.97,6.97,6.53,6.65,6.64,0.33,4.9699,3.7505,1277362,8717671.0,694475466.0,237384260.0
1043,2008-07-25,sh600988,ST±¦Áú,6.62,6.95,6.62,6.8,6.97,-0.35,-5.0215,3.4996,1191890,7949440.0,659602236.0,225463960.0
1044,2008-07-28,sh600988,ST±¦Áú,6.56,6.67,6.4,6.64,6.62,-0.06,-0.9063,1.8607,633710,4152455.0,653623968.0,223420480.0
1045,2008-07-29,sh600988,ST±¦Áú,6.42,6.66,6.33,6.66,6.56,-0.14,-2.1341,1.216,414153,2676739.0,639674676.0,218652360.0
1046,2008-07-30,sh600988,ST±¦Áú,6.61,6.66,6.34,6.44,6.42,0.19,2.9595,2.1498,732178,4736175.0,658605858.0,225123380.0
1047,2008-07-31,sh600988,ST±¦Áú,6.44,6.67,6.41,6.58,6.61,-0.17,-2.5719,0.8027,273385,1775783.0,641667432.0,219333520.0
1048,2008-08-01,sh600988,ST±¦Áú,6.32,6.46,6.12,6.35,6.44,-0.12,-1.8634,1.5797,538029,3368769.0,629710896.0,215246560.0
1049,2008-08-04,sh600988,ST±¦Áú,6.31,6.35,6.04,6.31,6.32,-0.01,-0.1582,1.755,597714,3719162.0,628714518.0,214905980.0
1050,2008-08-05,sh600988,ST±¦Áú,6.27,6.3,6.1,6.3,6.31,-0.04,-0.6339,0.7241,246623,1540810.0,624729006.0,213543660.0
1051,2008-08-06,sh600988,ST±¦Áú,6.19,6.34,6.13,6.23,6.27,-0.08,-1.2759,0.7765,264450,1640404.0,616757982.0,210819020.0
1052,2008-08-07,sh600988,ST±¦Áú,6.11,6.36,6.06,6.14,6.19,-0.08,-1.2924,0.8418,286703,1783956.0,608786958.0,208094380.0
1053,2008-08-08,sh600988,ST±¦Áú,0.0,0.0,0.0,0.0,6.11,,,0.0,0,0.0,608786958.0,208094380.0
1054,2008-08-11,sh600988,ST±¦Áú,0.0,0.0,0.0,0.0,6.11,,,0.0,0,0.0,608786958.0,208094380.0
1055,2008-08-12,sh600988,ST±¦Áú,5.8,5.8,5.8,5.8,6.11,-0.31,-5.0736,0.0144,4900,28420.0,577899240.0,197536400.0
1056,2008-08-13,sh600988,ST±¦Áú,5.51,5.51,5.51,5.51,5.8,-0.29,-5.0,0.0015,500,2755.0,549004278.0,187659580.0
1057,2008-08-14,sh600988,ST±¦Áú,5.23,5.31,5.23,5.23,5.51,-0.28,-5.0817,0.8556,291400,1524527.0,521105694.0,178123340.0
1058,2008-08-15,sh600988,ST±¦Áú,0.0,0.0,0.0,0.0,5.23,,,0.0,0,0.0,521105694.0,178123340.0
1059,2008-08-18,sh600988,ST±¦Áú,4.97,5.01,4.97,5.01,5.23,-0.26,-4.9713,0.2789,95000,472416.0,495199866.0,169268260.0
1060,2008-08-19,sh600988,ST±¦Áú,4.72,4.93,4.72,4.72,4.97,-0.25,-5.0302,0.9548,325200,1535620.0,470290416.0,160753760.0
1061,2008-08-20,sh600988,ST±¦Áú,4.96,4.96,4.48,4.72,4.72,0.24,5.0847,4.5646,1554627,7522942.0,494203488.0,168927680.0
1062,2008-08-21,sh600988,ST±¦Áú,0.0,0.0,0.0,0.0,4.96,,,0.0,0,0.0,494203488.0,168927680.0
1063,2008-08-22,sh600988,ST±¦Áú,4.71,4.77,4.71,4.71,4.96,-0.25,-5.0403,1.1128,379000,1785522.0,469294038.0,160413180.0
1064,2008-08-25,sh600988,ST±¦Áú,4.67,4.85,4.52,4.6,4.71,-0.04,-0.8493,1.3797,469901,2179553.0,465308526.0,159050860.0
1065,2008-08-26,sh600988,ST±¦Áú,4.44,4.69,4.44,4.69,4.67,-0.23,-4.9251,1.1285,384335,1727223.0,442391832.0,151217520.0
1066,2008-08-27,sh600988,ST±¦Áú,4.29,4.37,4.22,4.34,4.44,-0.15,-3.3784,1.5546,529458,2252356.0,427446162.0,146108820.0
1067,2008-08-28,sh600988,ST±¦Áú,4.29,4.41,4.21,4.37,4.29,0.0,0.0,0.799,272130,1174424.0,427446162.0,146108820.0
1068,2008-08-29,sh600988,ST±¦Áú,4.33,4.41,4.13,4.26,4.29,0.04,0.9324,1.2788,435537,1875826.0,431431674.0,147471140.0
1069,2008-09-01,sh600988,ST±¦Áú,4.25,4.31,4.18,4.31,4.33,-0.08,-1.8476,0.607,206743,878315.0,423460650.0,144746500.0
1070,2008-09-02,sh600988,ST±¦Áú,4.22,4.3,4.18,4.25,4.25,-0.03,-0.7059,0.4304,146600,621640.0,420471516.0,143724760.0
1071,2008-09-03,sh600988,ST±¦Áú,4.22,4.24,4.1,4.22,4.22,0.0,0.0,0.6288,214150,894730.0,420471516.0,143724760.0
1072,2008-09-04,sh600988,ST±¦Áú,4.23,4.28,4.17,4.18,4.22,0.01,0.237,0.6174,210273,890420.0,421467894.0,144065340.0
1073,2008-09-05,sh600988,ST±¦Áú,4.12,4.24,4.02,4.18,4.23,-0.11,-2.6005,0.9077,309160,1283524.0,410507736.0,140318960.0
1074,2008-09-08,sh600988,ST±¦Áú,3.91,4.19,3.91,4.19,4.12,-0.21,-5.0971,0.4284,145900,577093.0,389583798.0,133166780.0
1075,2008-09-09,sh600988,ST±¦Áú,3.71,3.97,3.71,3.72,3.91,-0.2,-5.1151,1.0613,361455,1347570.0,369656238.0,126355180.0
1076,2008-09-10,sh600988,ST±¦Áú,3.52,3.72,3.52,3.59,3.71,-0.19,-5.1213,2.2612,770110,2755952.0,350725056.0,119884160.0
1077,2008-09-11,sh600988,ST±¦Áú,3.34,3.5,3.34,3.48,3.52,-0.18,-5.1136,1.3618,463800,1554351.0,332790252.0,113753720.0
1078,2008-09-12,sh600988,ST±¦Áú,3.17,3.28,3.17,3.17,3.34,-0.17,-5.0898,2.2737,774364,2465329.0,315851826.0,107963860.0
1079,2008-09-16,sh600988,ST±¦Áú,3.01,3.1,3.01,3.03,3.17,-0.16,-5.0473,1.6604,565491,1715266.0,299909778.0,102514580.0
1080,2008-09-17,sh600988,ST±¦Áú,3.05,3.15,2.91,2.96,3.01,0.04,1.3289,1.9425,661574,2006126.0,303895290.0,103876900.0
1081,2008-09-18,sh600988,ST±¦Áú,2.99,3.05,2.9,2.96,3.05,-0.06,-1.9672,1.5949,543179,1612091.0,297917022.0,101833420.0
1082,2008-09-19,sh600988,ST±¦Áú,3.14,3.14,3.13,3.14,2.99,0.15,5.0167,0.7769,264601,830756.0,312862692.0,106942120.0
1083,2008-09-22,sh600988,ST±¦Áú,3.25,3.3,3.16,3.3,3.14,0.11,3.5032,4.5713,1556905,5049603.0,323822850.0,110688500.0
1084,2008-09-23,sh600988,ST±¦Áú,3.18,3.22,3.09,3.18,3.25,-0.07,-2.1538,2.852,971320,3050981.0,316848204.0,108304440.0
1085,2008-09-24,sh600988,ST±¦Áú,3.24,3.25,3.06,3.15,3.18,0.06,1.8868,1.8518,630701,2003770.0,322826472.0,110347920.0
1086,2008-09-25,sh600988,ST±¦Áú,3.35,3.39,3.23,3.28,3.24,0.11,3.3951,2.4388,830622,2747521.0,333786630.0,114094300.0
1087,2008-09-26,sh600988,ST±¦Áú,3.48,3.49,3.31,3.35,3.35,0.13,3.8806,3.3439,1138851,3869983.0,346739544.0,118521840.0
1088,2008-10-06,sh600988,ST±¦Áú,3.65,3.65,3.35,3.44,3.48,0.17,4.8851,5.8169,1981124,7080532.0,363677970.0,124311700.0
1089,2008-10-07,sh600988,ST±¦Áú,3.55,3.83,3.52,3.66,3.65,-0.1,-2.7397,5.5694,1896818,7134579.0,353714190.0,120905900.0
1090,2008-10-08,sh600988,ST±¦Áú,3.37,3.44,3.37,3.44,3.55,-0.18,-5.0704,1.8128,617400,2081689.0,335779386.0,114775460.0
1091,2008-10-09,sh600988,ST±¦Áú,3.21,3.37,3.2,3.23,3.37,-0.16,-4.7478,3.1316,1066568,3426377.0,319837338.0,109326180.0
1092,2008-10-10,sh600988,ST±¦Áú,3.05,3.12,3.05,3.08,3.21,-0.16,-4.9844,1.7133,583500,1787049.0,303895290.0,103876900.0
1093,2008-10-13,sh600988,ST±¦Áú,3.18,3.19,2.91,2.91,3.05,0.13,4.2623,0.7988,272050,832500.0,316848204.0,108304440.0
1094,2008-10-14,sh600988,ST±¦Áú,3.2,3.32,3.15,3.32,3.18,0.02,0.6289,1.1895,405120,1303087.0,318840960.0,108985600.0
1095,2008-10-15,sh600988,ST±¦Áú,3.33,3.36,3.17,3.18,3.2,0.13,4.0625,2.0308,691637,2303454.0,331793874.0,113413140.0
1096,2008-10-16,sh600988,ST±¦Áú,3.33,3.46,3.16,3.22,3.33,0.0,0.0,1.3303,453070,1506953.0,331793874.0,113413140.0
1097,2008-10-17,sh600988,ST±¦Áú,3.39,3.45,3.26,3.38,3.33,0.06,1.8018,0.8938,304425,1027346.0,337772142.0,115456620.0
1098,2008-10-20,sh600988,ST±¦Áú,3.42,3.44,3.29,3.31,3.39,0.03,0.885,1.0463,356350,1208921.0,340761276.0,116478360.0
1099,2008-10-21,sh600988,ST±¦Áú,3.36,3.45,3.33,3.38,3.42,-0.06,-1.7544,0.5552,189086,639743.0,334783008.0,114434880.0
1100,2008-10-22,sh600988,ST±¦Áú,3.19,3.4,3.19,3.36,3.36,-0.17,-5.0595,0.9697,330250,1069400.0,317844582.0,108645020.0
1101,2008-10-23,sh600988,ST±¦Áú,3.17,3.19,3.05,3.19,3.19,-0.02,-0.627,0.4769,162431,502258.0,315851826.0,107963860.0
1102,2008-10-24,sh600988,ST±¦Áú,3.33,3.33,3.12,3.18,3.17,0.16,5.0473,1.5928,542465,1792246.0,331793874.0,113413140.0
1103,2008-10-27,sh600988,ST±¦Áú,3.16,3.32,3.16,3.28,3.33,-0.17,-5.1051,1.0376,353400,1130668.0,314855448.0,107623280.0
1104,2008-10-28,sh600988,ST±¦Áú,3.0,3.08,3.0,3.01,3.16,-0.16,-5.0633,1.2311,419292,1263499.0,298913400.0,102174000.0
1105,2008-10-29,sh600988,ST±¦Áú,2.96,3.1,2.91,3.01,3.0,-0.04,-1.3333,0.6156,209672,624606.0,294927888.0,100811680.0
1106,2008-10-30,sh600988,ST±¦Áú,3.03,3.05,2.81,2.96,2.96,0.07,2.3649,1.1841,403276,1206000.0,301902534.0,103195740.0
1107,2008-10-31,sh600988,ST±¦Áú,3.18,3.18,2.99,3.0,3.03,0.15,4.9505,1.5958,543486,1695162.0,316848204.0,108304440.0
1108,2008-11-03,sh600988,ST±¦Áú,3.34,3.34,3.21,3.34,3.18,0.16,5.0314,2.9843,1016407,3381315.0,332790252.0,113753720.0
1109,2008-11-04,sh600988,ST±¦Áú,3.17,3.34,3.17,3.29,3.34,-0.17,-5.0898,0.971,330700,1063692.0,315851826.0,107963860.0
1110,2008-11-05,sh600988,ST±¦Áú,3.11,3.17,3.01,3.01,3.17,-0.06,-1.8927,1.8984,646560,1994637.0,309873558.0,105920380.0
1111,2008-11-06,sh600988,ST±¦Áú,3.14,3.16,3.04,3.1,3.11,0.03,0.9646,0.7206,245410,757402.0,312862692.0,106942120.0
1112,2008-11-07,sh600988,ST±¦Áú,3.13,3.16,3.05,3.1,3.14,-0.01,-0.3185,1.0573,360080,1119777.0,311866314.0,106601540.0
1113,2008-11-10,sh600988,ST±¦Áú,3.27,3.29,3.12,3.15,3.13,0.14,4.4728,5.5602,1893686,6105235.0,325815606.0,111369660.0
1114,2008-11-11,sh600988,ST±¦Áú,3.24,3.35,3.18,3.3,3.27,-0.03,-0.9174,2.1223,722810,2349267.0,322826472.0,110347920.0
1115,2008-11-12,sh600988,ST±¦Áú,3.37,3.4,3.15,3.2,3.24,0.13,4.0123,3.0924,1053205,3494673.0,335779386.0,114775460.0
1116,2008-11-13,sh600988,ST±¦Áú,3.52,3.53,3.3,3.34,3.37,0.15,4.451,3.4756,1183721,4084254.0,350725056.0,119884160.0
1117,2008-11-14,sh600988,ST±¦Áú,3.58,3.65,3.46,3.51,3.52,0.06,1.7045,3.1391,1069103,3774300.0,356703324.0,121927640.0
1118,2008-11-17,sh600988,ST±¦Áú,3.65,3.66,3.4,3.58,3.58,0.07,1.9553,4.0367,1374815,4816202.0,363677970.0,124311700.0
1119,2008-11-18,sh600988,ST±¦Áú,3.47,3.83,3.47,3.83,3.65,-0.18,-4.9315,4.4288,1508357,5487942.0,345743166.0,118181260.0
1120,2008-11-19,sh600988,ST±¦Áú,3.59,3.62,3.35,3.36,3.47,0.12,3.4582,2.2782,775900,2702898.0,357699702.0,122268220.0
1121,2008-11-20,sh600988,ST±¦Áú,3.62,3.68,3.41,3.51,3.59,0.03,0.8357,2.2019,749935,2673390.0,360688836.0,123289960.0
1122,2008-11-21,sh600988,ST±¦Áú,3.53,3.61,3.44,3.54,3.62,-0.09,-2.4862,2.1437,730113,2564167.0,351721434.0,120224740.0
1123,2008-11-24,sh600988,ST±¦Áú,3.49,3.64,3.36,3.48,3.53,-0.04,-1.1331,1.954,665500,2344628.0,347735922.0,118862420.0
1124,2008-11-25,sh600988,ST±¦Áú,3.47,3.51,3.4,3.49,3.49,-0.02,-0.5731,0.9528,324501,1126711.0,345743166.0,118181260.0
1125,2008-11-26,sh600988,ST±¦Áú,3.46,3.56,3.4,3.4,3.47,-0.01,-0.2882,1.4729,501630,1745246.0,344746788.0,117840680.0
1126,2008-11-27,sh600988,ST±¦Áú,3.52,3.62,3.47,3.61,3.46,0.06,1.7341,2.3105,786900,2791099.0,350725056.0,119884160.0
1127,2008-11-28,sh600988,ST±¦Áú,3.39,3.52,3.34,3.45,3.52,-0.13,-3.6932,1.6654,567200,1914337.0,337772142.0,115456620.0
1128,2008-12-01,sh600988,ST±¦Áú,3.45,3.45,3.31,3.38,3.39,0.06,1.7699,1.4288,486611,1658603.0,343750410.0,117500100.0
1129,2008-12-02,sh600988,ST±¦Áú,3.53,3.58,3.34,3.34,3.45,0.08,2.3188,1.7091,582100,2025918.0,351721434.0,120224740.0
1130,2008-12-03,sh600988,ST±¦Áú,3.61,3.64,3.5,3.53,3.53,0.08,2.2663,2.1868,744780,2678592.0,359692458.0,122949380.0
1131,2008-12-04,sh600988,ST±¦Áú,3.68,3.74,3.58,3.61,3.61,0.07,1.9391,2.9682,1010917,3699505.0,366667104.0,125333440.0
1132,2008-12-05,sh600988,ST±¦Áú,3.84,3.85,3.56,3.58,3.68,0.16,4.3478,3.4956,1190523,4414984.0,382609152.0,130782720.0
1133,2008-12-08,sh600988,ST±¦Áú,4.01,4.03,3.8,3.85,3.84,0.17,4.4271,2.9444,1002811,3952352.0,399547578.0,136572580.0
1134,2008-12-09,sh600988,ST±¦Áú,3.95,4.1,3.87,4.1,4.01,-0.06,-1.4963,2.6826,913636,3599667.0,393569310.0,134529100.0
1135,2008-12-10,sh600988,ST±¦Áú,4.04,4.09,3.9,3.95,3.95,0.09,2.2785,2.8012,954024,3826771.0,402536712.0,137594320.0
1136,2008-12-11,sh600988,ST±¦Áú,3.99,4.24,3.97,4.07,4.04,-0.05,-1.2376,3.2693,1113460,4550607.0,397554822.0,135891420.0
1137,2008-12-12,sh600988,ST±¦Áú,3.79,4.04,3.79,4.04,3.99,-0.2,-5.0125,2.6964,918344,3549853.0,377627262.0,129079820.0
1138,2008-12-15,sh600988,ST±¦Áú,3.74,3.78,3.6,3.61,3.79,-0.05,-1.3193,3.0461,1037445,3784457.0,372645372.0,127376920.0
1139,2008-12-16,sh600988,ST±¦Áú,3.7,3.73,3.55,3.72,3.74,-0.04,-1.0695,1.2547,427320,1556035.0,368659860.0,126014600.0
1140,2008-12-17,sh600988,ST±¦Áú,3.75,3.84,3.53,3.84,3.7,0.05,1.3514,1.4637,498523,1859072.0,373641750.0,127717500.0
1141,2008-12-18,sh600988,ST±¦Áú,3.83,3.9,3.68,3.78,3.75,0.08,2.1333,2.779,946473,3612467.0,381612774.0,130442140.0
1142,2008-12-19,sh600988,ST±¦Áú,3.85,3.98,3.83,3.98,3.83,0.02,0.5222,1.4271,486051,1882298.0,383605530.0,131123300.0
1143,2008-12-22,sh600988,ST±¦Áú,3.9,3.96,3.76,3.86,3.85,0.05,1.2987,1.397,475801,1839018.0,388587420.0,132826200.0
1144,2008-12-23,sh600988,ST±¦Áú,3.77,3.99,3.71,3.89,3.9,-0.13,-3.3333,2.6638,907223,3479184.0,375634506.0,128398660.0
1145,2008-12-24,sh600988,ST±¦Áú,3.65,3.76,3.58,3.76,3.77,-0.12,-3.183,1.588,540836,1952406.0,363677970.0,124311700.0
1146,2008-12-25,sh600988,ST±¦Áú,3.6,3.71,3.53,3.64,3.65,-0.05,-1.3699,1.1495,391480,1423551.0,358696080.0,122608800.0
1147,2008-12-26,sh600988,ST±¦Áú,3.64,3.68,3.59,3.66,3.6,0.04,1.1111,0.798,271780,987216.0,362681592.0,123971120.0
1148,2008-12-29,sh600988,ST±¦Áú,3.64,3.7,3.54,3.61,3.64,0.0,0.0,2.2654,771550,2778175.0,362681592.0,123971120.0
1149,2008-12-30,sh600988,ST±¦Áú,3.81,3.82,3.61,3.68,3.64,0.17,4.6703,3.8822,1322196,4948672.0,379620018.0,129760980.0
1150,2008-12-31,sh600988,ST±¦Áú,3.75,3.85,3.67,3.76,3.81,-0.06,-1.5748,1.5259,519700,1957931.0,373641750.0,127717500.0
1151,2009-01-05,sh600988,ST±¦Áú,3.88,3.89,3.73,3.78,3.75,0.13,3.4667,1.3695,466421,1782275.0,386594664.0,132145040.0
1152,2009-01-06,sh600988,ST±¦Áú,4.01,4.07,3.8,3.89,3.88,0.13,3.3505,4.4581,1518333,5971463.0,399547578.0,136572580.0
1153,2009-01-07,sh600988,ST±¦Áú,3.96,4.03,3.91,3.93,4.01,-0.05,-1.2469,1.8405,626851,2471984.0,394565688.0,134869680.0
1154,2009-01-08,sh600988,ST±¦Áú,3.85,3.99,3.78,3.99,3.96,-0.11,-2.7778,1.9019,647757,2501469.0,383605530.0,131123300.0
1155,2009-01-09,sh600988,ST±¦Áú,3.97,3.99,3.76,3.83,3.85,0.12,3.1169,3.5933,1223808,4794296.0,395562066.0,135210260.0
1156,2009-01-12,sh600988,ST±¦Áú,4.04,4.14,3.85,3.94,3.97,0.07,1.7632,3.6529,1244109,4999440.0,402536712.0,137594320.0
1157,2009-01-13,sh600988,ST±¦Áú,3.94,4.08,3.93,3.99,4.04,-0.1,-2.4752,1.8756,638787,2560920.0,392572932.0,134188520.0
1158,2009-01-14,sh600988,ST±¦Áú,4.1,4.11,3.89,3.93,3.94,0.16,4.0609,2.9763,1013670,4058273.0,408514980.0,139637800.0
1159,2009-01-15,sh600988,ST±¦Áú,4.2,4.23,4.03,4.1,4.1,0.1,2.439,4.0054,1364170,5629666.0,418478760.0,143043600.0
1160,2009-01-16,sh600988,ST±¦Áú,4.2,4.22,4.1,4.2,4.2,0.0,0.0,2.2552,768090,3211527.0,418478760.0,143043600.0
1161,2009-01-19,sh600988,ST±¦Áú,0.0,0.0,0.0,0.0,4.2,,,0.0,0,0.0,418478760.0,143043600.0
1162,2009-01-20,sh600988,ST±¦Áú,4.13,4.28,4.01,4.24,4.2,-0.07,-1.6667,1.7411,593000,2433685.0,411504114.0,140659540.0
1163,2009-01-21,sh600988,ST±¦Áú,4.34,4.34,4.11,4.18,4.13,0.21,5.0847,3.473,1182847,5075750.0,432428052.0,147811720.0
1164,2009-01-22,sh600988,ST±¦Áú,4.36,4.5,4.28,4.4,4.34,0.02,0.4608,2.15,732236,3181314.0,434420808.0,148492880.0
1165,2009-01-23,sh600988,ST±¦Áú,4.31,4.4,4.22,4.4,4.36,-0.05,-1.1468,0.9998,340500,1464850.0,429438918.0,146789980.0
1166,2009-02-02,sh600988,ST±¦Áú,4.48,4.49,4.22,4.22,4.31,0.17,3.9443,1.518,517000,2292318.0,446377344.0,152579840.0
1167,2009-02-03,sh600988,ST±¦Áú,4.51,4.54,4.44,4.53,4.48,0.03,0.6696,1.3944,474900,2128451.0,449366478.0,153601580.0
1168,2009-02-04,sh600988,ST±¦Áú,4.57,4.61,4.47,4.61,4.51,0.06,1.3304,2.9506,1004904,4571907.0,455344746.0,155645060.0
1169,2009-02-05,sh600988,ST±¦Áú,4.55,4.65,4.5,4.56,4.57,-0.02,-0.4376,2.3475,799523,3662221.0,453351990.0,154963900.0
1170,2009-02-06,sh600988,ST±¦Áú,4.74,4.77,4.52,4.52,4.55,0.19,4.1758,3.1074,1058318,4963116.0,472283172.0,161434920.0
1171,2009-02-09,sh600988,ST±¦Áú,4.79,4.81,4.68,4.78,4.74,0.05,1.0549,1.8311,623636,2957758.0,477265062.0,163137820.0
1172,2009-02-10,sh600988,ST±¦Áú,4.89,4.95,4.75,4.8,4.79,0.1,2.0877,1.895,645411,3119552.0,487228842.0,166543620.0
1173,2009-02-11,sh600988,ST±¦Áú,4.93,5.13,4.8,4.87,4.89,0.04,0.818,3.2073,1092350,5425351.0,491214354.0,167905940.0
1174,2009-02-12,sh600988,ST±¦Áú,5.18,5.18,4.94,4.98,4.93,0.25,5.071,4.2706,1454488,7475651.0,516123804.0,176420440.0
1175,2009-02-13,sh600988,ST±¦Áú,5.44,5.44,5.21,5.3,5.18,0.26,5.0193,3.292,1121194,6056352.0,542029632.0,185275520.0
1176,2009-02-16,sh600988,ST±¦Áú,5.49,5.65,5.31,5.65,5.44,0.05,0.9191,2.9172,993527,5395968.0,547011522.0,186978420.0
1177,2009-02-17,sh600988,ST±¦Áú,5.22,5.68,5.22,5.41,5.49,-0.27,-4.918,3.1487,1072379,5817131.0,520109316.0,177782760.0
1178,2009-02-18,sh600988,ST±¦Áú,4.96,5.15,4.96,5.01,5.22,-0.26,-4.9808,3.5567,1211335,6053842.0,494203488.0,168927680.0
1179,2009-02-19,sh600988,ST±¦Áú,4.88,4.97,4.71,4.73,4.96,-0.08,-1.6129,4.563,1554062,7437663.0,486232464.0,166203040.0
1180,2009-02-20,sh600988,ST±¦Áú,5.1,5.11,4.77,4.88,4.88,0.22,4.5082,2.3264,792334,3950612.0,508152780.0,173695800.0
1181,2009-02-23,sh600988,ST±¦Áú,5.19,5.22,5.02,5.1,5.1,0.09,1.7647,1.8198,619771,3180822.0,517120182.0,176761020.0
1182,2009-02-24,sh600988,ST±¦Áú,4.93,5.18,4.93,5.15,5.19,-0.26,-5.0096,2.5716,875836,4391050.0,491214354.0,167905940.0
1183,2009-02-25,sh600988,ST±¦Áú,4.93,4.96,4.79,4.85,4.93,0.0,0.0,2.4005,817557,3978376.0,491214354.0,167905940.0
1184,2009-02-26,sh600988,ST±¦Áú,4.68,5.1,4.68,4.97,4.93,-0.25,-5.071,1.6396,558410,2761164.0,466304904.0,159391440.0
1185,2009-02-27,sh600988,ST±¦Áú,4.45,4.65,4.45,4.63,4.68,-0.23,-4.9145,2.5451,866798,3873339.0,443388210.0,151558100.0
1186,2009-03-02,sh600988,ST±¦Áú,4.46,4.47,4.28,4.32,4.45,0.01,0.2247,2.069,704650,3100244.0,444384588.0,151898680.0
1187,2009-03-03,sh600988,ST±¦Áú,4.47,4.5,4.24,4.4,4.46,0.01,0.2242,1.9934,678902,2941311.0,445380966.0,152239260.0
1188,2009-03-04,sh600988,ST±¦Áú,4.68,4.68,4.41,4.41,4.47,0.21,4.698,3.3922,1155316,5330518.0,466304904.0,159391440.0
1189,2009-03-05,sh600988,ST±¦Áú,4.87,4.89,4.55,4.71,4.68,0.19,4.0598,4.8979,1668114,7835795.0,485236086.0,165862460.0
1190,2009-03-06,sh600988,ST±¦Áú,4.95,5.06,4.8,5.02,4.87,0.08,1.6427,4.5674,1555562,7727744.0,493207110.0,168587100.0
1191,2009-03-09,sh600988,ST±¦Áú,4.74,5.05,4.7,4.95,4.95,-0.21,-4.2424,3.4254,1166627,5605423.0,472283172.0,161434920.0
1192,2009-03-10,sh600988,ST±¦Áú,4.86,4.87,4.58,4.6,4.74,0.12,2.5316,1.0313,351252,1672089.0,484239708.0,165521880.0
1193,2009-03-11,sh600988,ST±¦Áú,4.93,4.99,4.81,4.88,4.86,0.07,1.4403,2.086,710436,3487559.0,491214354.0,167905940.0
1194,2009-03-12,sh600988,ST±¦Áú,4.92,4.99,4.81,4.9,4.93,-0.01,-0.2028,1.6872,574625,2809679.0,490217976.0,167565360.0
1195,2009-03-13,sh600988,ST±¦Áú,5.17,5.17,4.87,4.89,4.92,0.25,5.0813,5.6668,1929995,9934919.0,515127426.0,176079860.0
1196,2009-03-16,sh600988,ST±¦Áú,5.16,5.2,5.0,5.17,5.17,-0.01,-0.1934,2.4832,845742,4335271.0,514131048.0,175739280.0
1197,2009-03-17,sh600988,ST±¦Áú,5.21,5.25,5.09,5.2,5.16,0.05,0.969,2.7477,935800,4858889.0,519112938.0,177442180.0
1198,2009-03-18,sh600988,ST±¦Áú,5.3,5.3,5.16,5.18,5.21,0.09,1.7274,2.7323,930569,4868106.0,528080340.0,180507400.0
1199,2009-03-19,sh600988,ST±¦Áú,5.36,5.55,5.25,5.25,5.3,0.06,1.1321,3.0645,1043720,5612348.0,534058608.0,182550880.0
1200,2009-03-20,sh600988,ST±¦Áú,5.33,5.37,5.09,5.37,5.36,-0.03,-0.5597,4.1056,1398279,7250687.0,531069474.0,181529140.0
1201,2009-03-23,sh600988,ST±¦Áú,5.26,5.33,5.13,5.25,5.33,-0.07,-1.3133,3.3442,1138974,5978697.0,524094828.0,179145080.0
1202,2009-03-24,sh600988,ST±¦Áú,5.3,5.35,5.23,5.26,5.26,0.04,0.7605,2.324,791514,4186307.0,528080340.0,180507400.0
1203,2009-03-25,sh600988,ST±¦Áú,5.31,5.5,5.26,5.26,5.3,0.01,0.1887,3.1273,1065102,5742697.0,529076718.0,180847980.0
1204,2009-03-26,sh600988,ST±¦Áú,5.58,5.58,5.1,5.35,5.31,0.27,5.0847,4.7561,1619819,8735427.0,555978924.0,190043640.0
1205,2009-03-27,sh600988,ST±¦Áú,5.86,5.86,5.6,5.78,5.58,0.28,5.0179,6.3686,2169008,12678023.0,583877508.0,199579880.0
1206,2009-03-30,sh600988,ST±¦Áú,6.15,6.15,5.65,5.89,5.86,0.29,4.9488,5.2011,1771402,10505021.0,612772470.0,209456700.0
1207,2009-03-31,sh600988,ST±¦Áú,6.28,6.36,5.86,5.9,6.15,0.13,2.1138,4.5167,1538311,9489276.0,625725384.0,213884240.0
1208,2009-04-01,sh600988,ST±¦Áú,6.19,6.36,6.16,6.24,6.28,-0.09,-1.4331,3.6203,1232991,7693678.0,616757982.0,210819020.0
1209,2009-04-02,sh600988,ST±¦Áú,5.99,6.2,5.93,6.19,6.19,-0.2,-3.231,3.8505,1311392,7911369.0,596830422.0,204007420.0
1210,2009-04-03,sh600988,ST±¦Áú,5.99,6.15,5.86,5.96,5.99,0.0,0.0,2.1073,717689,4285749.0,596830422.0,204007420.0
1211,2009-04-07,sh600988,ST±¦Áú,5.99,6.05,5.86,6.05,5.99,0.0,0.0,2.8352,965616,5728677.0,596830422.0,204007420.0
1212,2009-04-08,sh600988,ST±¦Áú,5.84,6.1,5.7,5.97,5.99,-0.15,-2.5042,2.3563,802524,4808950.0,581884752.0,198898720.0
1213,2009-04-09,sh600988,ST±¦Áú,5.96,5.98,5.8,5.8,5.84,0.12,2.0548,1.5988,544519,3192944.0,593841288.0,202985680.0
1214,2009-04-10,sh600988,ST±¦Áú,6.19,6.26,5.98,5.99,5.96,0.23,3.8591,3.7762,1286086,7930419.0,616757982.0,210819020.0
1215,2009-04-13,sh600988,ST±¦Áú,6.28,6.39,6.11,6.11,6.19,0.09,1.454,3.1466,1071667,6680535.0,625725384.0,213884240.0
1216,2009-04-14,sh600988,ST±¦Áú,6.44,6.55,6.24,6.28,6.28,0.16,2.5478,2.6387,898681,5755419.0,641667432.0,219333520.0
1217,2009-04-15,sh600988,ST±¦Áú,6.31,6.46,6.24,6.34,6.44,-0.13,-2.0186,2.9976,1020919,6441674.0,628714518.0,214905980.0
1218,2009-04-16,sh600988,ST±¦Áú,6.47,6.52,6.23,6.23,6.31,0.16,2.5357,2.7963,952350,6096765.0,644656566.0,220355260.0
1219,2009-04-17,sh600988,ST±¦Áú,6.28,6.52,6.28,6.5,6.47,-0.19,-2.9366,2.1397,728740,4619091.0,625725384.0,213884240.0
1220,2009-04-20,sh600988,ST±¦Áú,6.41,6.44,6.23,6.3,6.28,0.13,2.0701,1.8554,631900,4036810.0,638678298.0,218311780.0
1221,2009-04-21,sh600988,ST±¦Áú,6.73,6.73,6.37,6.41,6.41,0.32,4.9922,3.5059,1194038,7799364.0,670562394.0,229210340.0
1222,2009-04-22,sh600988,ST±¦Áú,6.67,7.07,6.49,6.88,6.73,-0.06,-0.8915,6.697,2280875,15722251.0,664584126.0,227166860.0
1223,2009-04-23,sh600988,ST±¦Áú,6.68,6.97,6.44,6.45,6.67,0.01,0.1499,3.2024,1090681,7322105.0,665580504.0,227507440.0
1224,2009-04-24,sh600988,ST±¦Áú,6.6,6.7,6.36,6.68,6.68,-0.08,-1.1976,3.0007,1021965,6640701.0,657609480.0,224782800.0
1225,2009-04-27,sh600988,ST±¦Áú,6.27,6.56,6.27,6.52,6.6,-0.33,-5.0,2.5474,867586,5495133.0,624729006.0,213543660.0
1226,2009-04-28,sh600988,ST±¦Áú,0.0,0.0,0.0,0.0,6.27,,,0.0,0,0.0,624729006.0,213543660.0
1227,2009-04-29,sh600988,ST±¦Áú,0.0,0.0,0.0,0.0,6.27,,,0.0,0,0.0,624729006.0,213543660.0
1228,2009-04-30,sh600988,ST±¦Áú,0.0,0.0,0.0,0.0,6.27,,,0.0,0,0.0,624729006.0,213543660.0
1229,2009-05-04,sh600988,ST±¦Áú,0.0,0.0,0.0,0.0,6.27,,,0.0,0,0.0,624729006.0,213543660.0
1230,2009-05-05,sh600988,ST±¦Áú,0.0,0.0,0.0,0.0,6.27,,,0.0,0,0.0,624729006.0,213543660.0
1231,2009-05-06,sh600988,ST±¦Áú,0.0,0.0,0.0,0.0,6.27,,,0.0,0,0.0,624729006.0,213543660.0
1232,2009-05-07,sh600988,ST±¦Áú,0.0,0.0,0.0,0.0,6.27,,,0.0,0,0.0,624729006.0,213543660.0
1233,2009-05-08,sh600988,ST±¦Áú,0.0,0.0,0.0,0.0,6.27,,,0.0,0,0.0,624729006.0,213543660.0
1234,2009-05-11,sh600988,ST±¦Áú,0.0,0.0,0.0,0.0,6.27,,,0.0,0,0.0,624729006.0,213543660.0
1235,2009-05-12,sh600988,ST±¦Áú,0.0,0.0,0.0,0.0,6.27,,,0.0,0,0.0,624729006.0,213543660.0
1236,2009-05-13,sh600988,ST±¦Áú,0.0,0.0,0.0,0.0,6.27,,,0.0,0,0.0,624729006.0,213543660.0
1237,2009-05-14,sh600988,ST±¦Áú,0.0,0.0,0.0,0.0,6.27,,,0.0,0,0.0,624729006.0,213543660.0
1238,2009-05-15,sh600988,ST±¦Áú,0.0,0.0,0.0,0.0,6.27,,,0.0,0,0.0,624729006.0,213543660.0
1239,2009-05-18,sh600988,ST±¦Áú,0.0,0.0,0.0,0.0,6.27,,,0.0,0,0.0,624729006.0,213543660.0
1240,2009-05-19,sh600988,ST±¦Áú,6.58,6.58,6.58,6.58,6.27,0.31,4.9442,0.2001,68151,448434.0,655616724.0,224101640.0
1241,2009-05-20,sh600988,ST±¦Áú,0.0,0.0,0.0,0.0,6.58,,,0.0,0,0.0,655616724.0,224101640.0
1242,2009-05-21,sh600988,ST±¦Áú,6.91,6.91,6.91,6.91,6.58,0.33,5.0152,0.7903,269172,1859979.0,688497198.0,235340780.0
1243,2009-05-22,sh600988,ST±¦Áú,7.05,7.26,6.6,7.22,6.91,0.14,2.026,11.5137,3921322,28011234.0,702446490.0,240108900.0
1244,2009-05-25,sh600988,ST±¦Áú,6.8,6.95,6.7,6.76,7.05,-0.25,-3.5461,4.1238,1404485,9479891.0,677537040.0,231594400.0
1245,2009-05-26,sh600988,ST±¦Áú,6.69,6.91,6.68,6.72,6.8,-0.11,-1.6176,2.4951,849779,5762767.0,666576882.0,227848020.0
1246,2009-05-27,sh600988,ST±¦Áú,6.59,6.75,6.56,6.72,6.69,-0.1,-1.4948,1.8982,646499,4282378.0,656613102.0,224442220.0
1247,2009-06-01,sh600988,ST±¦Áú,6.67,6.76,6.51,6.63,6.59,0.08,1.214,2.7267,928663,6186776.0,664584126.0,227166860.0
1248,2009-06-02,sh600988,ST±¦Áú,6.72,6.87,6.6,6.69,6.67,0.05,0.7496,1.6938,576868,3874919.0,669566016.0,228869760.0
1249,2009-06-03,sh600988,ST±¦Áú,6.88,6.92,6.65,6.72,6.72,0.16,2.381,2.6474,901662,6117212.0,685508064.0,234319040.0
1250,2009-06-04,sh600988,ST±¦Áú,6.72,6.87,6.68,6.87,6.88,-0.16,-2.3256,2.6918,916761,6176307.0,669566016.0,228869760.0
1251,2009-06-05,sh600988,ST±¦Áú,6.74,6.78,6.65,6.7,6.72,0.02,0.2976,2.5967,884367,5949240.0,671558772.0,229550920.0
1252,2009-06-08,sh600988,ST±¦Áú,6.97,7.0,6.69,6.74,6.74,0.23,3.4125,5.3267,1814158,12421009.0,694475466.0,237384260.0
1253,2009-06-09,sh600988,ST±¦Áú,6.95,7.02,6.75,6.97,6.97,-0.02,-0.2869,4.2153,1435652,9881636.0,692482710.0,236703100.0
1254,2009-06-10,sh600988,ST±¦Áú,7.3,7.3,6.91,6.92,6.95,0.35,5.036,5.09,1733536,12623372.0,727355940.0,248623400.0
1255,2009-06-11,sh600988,ST±¦Áú,7.67,7.67,7.32,7.35,7.3,0.37,5.0685,2.9607,1008348,7673673.0,764221926.0,261224860.0
1256,2009-06-12,sh600988,ST±¦Áú,0.0,0.0,0.0,0.0,7.67,,,0.0,0,0.0,764221926.0,261224860.0
1257,2009-06-15,sh600988,ST±¦Áú,0.0,0.0,0.0,0.0,7.67,,,0.0,0,0.0,764221926.0,261224860.0
1258,2009-06-16,sh600988,ST±¦Áú,0.0,0.0,0.0,0.0,7.67,,,0.0,0,0.0,764221926.0,261224860.0
1259,2009-06-17,sh600988,ST±¦Áú,0.0,0.0,0.0,0.0,7.67,,,0.0,0,0.0,764221926.0,261224860.0
1260,2009-06-18,sh600988,ST±¦Áú,0.0,0.0,0.0,0.0,7.67,,,0.0,0,0.0,764221926.0,261224860.0
1261,2009-06-19,sh600988,ST±¦Áú,0.0,0.0,0.0,0.0,7.67,,,0.0,0,0.0,764221926.0,261224860.0
1262,2009-06-22,sh600988,ST±¦Áú,0.0,0.0,0.0,0.0,7.67,,,0.0,0,0.0,764221926.0,261224860.0
1263,2009-06-23,sh600988,ST±¦Áú,0.0,0.0,0.0,0.0,7.67,,,0.0,0,0.0,764221926.0,261224860.0
1264,2009-06-24,sh600988,ST±¦Áú,0.0,0.0,0.0,0.0,7.67,,,0.0,0,0.0,764221926.0,261224860.0
1265,2009-06-25,sh600988,ST±¦Áú,0.0,0.0,0.0,0.0,7.67,,,0.0,0,0.0,764221926.0,261224860.0
1266,2009-06-26,sh600988,ST±¦Áú,0.0,0.0,0.0,0.0,7.67,,,0.0,0,0.0,764221926.0,261224860.0
1267,2009-06-29,sh600988,ST±¦Áú,0.0,0.0,0.0,0.0,7.67,,,0.0,0,0.0,764221926.0,261224860.0
1268,2009-06-30,sh600988,ST±¦Áú,0.0,0.0,0.0,0.0,7.67,,,0.0,0,0.0,764221926.0,261224860.0
1269,2009-07-01,sh600988,ST±¦Áú,0.0,0.0,0.0,0.0,7.67,,,0.0,0,0.0,764221926.0,261224860.0
1270,2009-07-02,sh600988,ST±¦Áú,0.0,0.0,0.0,0.0,7.67,,,0.0,0,0.0,764221926.0,261224860.0
1271,2009-07-03,sh600988,ST±¦Áú,0.0,0.0,0.0,0.0,7.67,,,0.0,0,0.0,764221926.0,261224860.0
1272,2009-07-06,sh600988,ST±¦Áú,0.0,0.0,0.0,0.0,7.67,,,0.0,0,0.0,764221926.0,261224860.0
1273,2009-07-07,sh600988,ST±¦Áú,0.0,0.0,0.0,0.0,7.67,,,0.0,0,0.0,764221926.0,261224860.0
1274,2009-07-08,sh600988,ST±¦Áú,0.0,0.0,0.0,0.0,7.67,,,0.0,0,0.0,764221926.0,261224860.0
1275,2009-07-09,sh600988,ST±¦Áú,0.0,0.0,0.0,0.0,7.67,,,0.0,0,0.0,764221926.0,261224860.0
1276,2009-07-10,sh600988,ST±¦Áú,0.0,0.0,0.0,0.0,7.67,,,0.0,0,0.0,764221926.0,261224860.0
1277,2009-07-13,sh600988,ST±¦Áú,8.05,8.05,7.9,8.0,7.67,0.38,4.9544,3.8707,1318272,10578852.0,802084290.0,274166900.0
1278,2009-07-14,sh600988,ST±¦Áú,8.45,8.45,8.45,8.45,8.05,0.4,4.9689,0.2817,95957,810837.0,841939410.0,287790100.0
1279,2009-07-15,sh600988,ST±¦Áú,8.87,8.87,8.87,8.87,8.45,0.42,4.9704,0.279,95028,842898.0,883787286.0,302094460.0
1280,2009-07-16,sh600988,ST±¦Áú,0.0,0.0,0.0,0.0,8.87,,,0.0,0,0.0,883787286.0,302094460.0
1281,2009-07-17,sh600988,ST±¦Áú,8.53,9.31,8.43,9.31,8.87,-0.34,-3.8331,17.0247,5798265,51681684.0,849910434.0,290514740.0
1282,2009-07-20,sh600988,ST±¦Áú,8.77,8.96,8.4,8.52,8.53,0.24,2.8136,7.5815,2582121,22297642.0,873823506.0,298688660.0
1283,2009-07-21,sh600988,ST±¦Áú,9.21,9.21,8.63,8.76,8.77,0.44,5.0171,6.4543,2198208,19906139.0,917664138.0,313674180.0
1284,2009-07-22,sh600988,ST±¦Áú,9.67,9.67,9.31,9.66,9.21,0.46,4.9946,2.0437,696047,6726715.0,963497526.0,329340860.0
1285,2009-07-23,sh600988,ST±¦Áú,9.76,10.14,9.47,10.08,9.67,0.09,0.9307,9.388,3197357,31470790.0,972464928.0,332406080.0
1286,2009-07-24,sh600988,ST±¦Áú,9.62,9.79,9.4,9.7,9.76,-0.14,-1.4344,5.4703,1863073,17827315.0,958515636.0,327637960.0
1287,2009-07-27,sh600988,ST±¦Áú,9.78,10.01,9.63,10.01,9.62,0.16,1.6632,3.3679,1147042,11228895.0,974457684.0,333087240.0
1288,2009-07-28,sh600988,ST±¦Áú,9.79,9.8,9.3,9.75,9.78,0.01,0.1022,4.7008,1600991,15130622.0,975454062.0,333427820.0
1289,2009-07-29,sh600988,ST±¦Áú,9.3,10.05,9.3,9.6,9.79,-0.49,-5.0051,4.0825,1390415,13351737.0,926631540.0,316739400.0
1290,2009-07-30,sh600988,ST±¦Áú,8.96,9.42,8.84,9.12,9.3,-0.34,-3.6559,3.9952,1360669,12166032.0,892754688.0,305159680.0
1291,2009-07-31,sh600988,ST±¦Áú,9.17,9.2,8.92,8.92,8.96,0.21,2.3438,2.9757,1013478,9207838.0,913678626.0,312311860.0
1292,2009-08-03,sh600988,ST±¦Áú,9.13,9.31,9.02,9.31,9.17,-0.04,-0.4362,2.3432,798056,7272145.0,909693114.0,310949540.0
1293,2009-08-04,sh600988,ST±¦Áú,9.07,9.2,8.8,9.18,9.13,-0.06,-0.6572,2.56,871871,7830658.0,903714846.0,308906060.0
1294,2009-08-05,sh600988,ST±¦Áú,9.11,9.27,9.01,9.01,9.07,0.04,0.441,1.616,550368,5027128.0,907700358.0,310268380.0
1295,2009-08-06,sh600988,ST±¦Áú,8.98,9.12,8.9,9.12,9.11,-0.13,-1.427,1.1544,393151,3538593.0,894747444.0,305840840.0
1296,2009-08-07,sh600988,ST±¦Áú,8.96,9.21,8.53,9.01,8.98,-0.02,-0.2227,4.3269,1473657,13035273.0,892754688.0,305159680.0
1297,2009-08-10,sh600988,ST±¦Áú,8.8,9.0,8.54,8.9,8.96,-0.16,-1.7857,2.7881,949576,8311542.0,876812640.0,299710400.0
1298,2009-08-11,sh600988,ST±¦Áú,8.63,8.81,8.53,8.77,8.8,-0.17,-1.9318,3.2561,1108956,9556046.0,859874214.0,293920540.0
1299,2009-08-12,sh600988,ST±¦Áú,8.2,8.69,8.2,8.65,8.63,-0.43,-4.9826,2.3335,794749,6581928.0,817029960.0,279275600.0
1300,2009-08-13,sh600988,ST±¦Áú,7.9,8.12,7.79,8.1,8.2,-0.3,-3.6585,4.3701,1488379,11692509.0,787138620.0,269058200.0
1301,2009-08-14,sh600988,ST±¦Áú,8.04,8.22,7.67,7.7,7.9,0.14,1.7722,4.2788,1457289,11540777.0,801087912.0,273826320.0
1302,2009-08-17,sh600988,ST±¦Áú,7.7,7.97,7.69,7.97,8.04,-0.34,-4.2289,3.2359,1102083,8581198.0,767211060.0,262246600.0
1303,2009-08-18,sh600988,ST±¦Áú,7.6,7.66,7.39,7.5,7.7,-0.1,-1.2987,1.7656,601324,4505433.0,757247280.0,258840800.0
1304,2009-08-19,sh600988,ST±¦Áú,7.98,7.98,7.56,7.63,7.6,0.38,5.0,6.1341,2089142,16634022.0,795109644.0,271782840.0
1305,2009-08-20,sh600988,ST±¦Áú,8.38,8.38,7.87,7.89,7.98,0.4,5.0125,5.4908,1870056,15518944.0,834964764.0,285406040.0
1306,2009-08-21,sh600988,ST±¦Áú,8.47,8.48,7.96,8.42,8.38,0.09,1.074,2.9192,994234,8224078.0,843932166.0,288471260.0
1307,2009-08-24,sh600988,ST±¦Áú,8.67,8.77,8.16,8.4,8.47,0.2,2.3613,2.1032,716305,6102412.0,863859726.0,295282860.0
1308,2009-08-25,sh600988,ST±¦Áú,8.27,8.67,8.24,8.67,8.67,-0.4,-4.6136,2.9132,992183,8260247.0,824004606.0,281659660.0
1309,2009-08-26,sh600988,ST±¦Áú,8.34,8.48,8.13,8.13,8.27,0.07,0.8464,2.2469,765255,6386968.0,830979252.0,284043720.0
1310,2009-08-27,sh600988,ST±¦Áú,8.39,8.54,8.1,8.54,8.34,0.05,0.5995,1.8586,632996,5272603.0,835961142.0,285746620.0
1311,2009-08-28,sh600988,ST±¦Áú,8.32,8.45,8.14,8.45,8.39,-0.07,-0.8343,1.5036,512099,4278215.0,828986496.0,283362560.0
1312,2009-08-31,sh600988,ST±¦Áú,7.9,8.3,7.9,8.3,8.32,-0.42,-5.0481,1.7218,586400,4660405.0,787138620.0,269058200.0
1313,2009-09-01,sh600988,ST±¦Áú,7.86,7.9,7.51,7.85,7.9,-0.04,-0.5063,1.6515,562478,4321126.0,783153108.0,267695880.0
1314,2009-09-02,sh600988,ST±¦Áú,8.1,8.1,7.71,7.71,7.86,0.24,3.0534,1.3343,454446,3629785.0,807066180.0,275869800.0
1315,2009-09-03,sh600988,ST±¦Áú,8.4,8.47,7.9,7.9,8.1,0.3,3.7037,1.9653,669348,5496913.0,836957520.0,286087200.0
1316,2009-09-04,sh600988,ST±¦Áú,8.64,8.68,8.2,8.25,8.4,0.24,2.8571,2.3232,791220,6704909.0,860870592.0,294261120.0
1317,2009-09-07,sh600988,ST±¦Áú,9.03,9.07,8.8,8.82,8.64,0.39,4.5139,2.1773,741530,6623951.0,899729334.0,307543740.0
1318,2009-09-08,sh600988,ST±¦Áú,9.13,9.24,8.9,8.9,9.03,0.1,1.1074,2.1712,739484,6694087.0,909693114.0,310949540.0
1319,2009-09-09,sh600988,ST±¦Áú,9.09,9.13,8.85,9.13,9.13,-0.04,-0.4381,2.0339,692698,6238163.0,905707602.0,309587220.0
1320,2009-09-10,sh600988,ST±¦Áú,9.11,9.25,9.0,9.25,9.09,0.02,0.22,1.2735,433722,3940863.0,907700358.0,310268380.0
1321,2009-09-11,sh600988,ST±¦Áú,9.16,9.2,8.87,9.01,9.11,0.05,0.5488,2.8776,980050,8824175.0,912682248.0,311971280.0
1322,2009-09-14,sh600988,ST±¦Áú,8.98,9.15,8.7,9.15,9.16,-0.18,-1.9651,4.4501,1515627,13421087.0,894747444.0,305840840.0
1323,2009-09-15,sh600988,ST±¦Áú,9.43,9.43,8.83,8.95,8.98,0.45,5.0111,3.063,1043206,9687264.0,939584454.0,321166940.0
1324,2009-09-16,sh600988,ST±¦Áú,9.9,9.9,9.5,9.88,9.43,0.47,4.9841,5.3537,1823352,18003050.0,986414220.0,337174200.0
1325,2009-09-17,sh600988,ST±¦Áú,10.4,10.4,10.13,10.2,9.9,0.5,5.0505,2.7953,952022,9845279.0,1036233120.0,354203200.0
1326,2009-09-18,sh600988,ST±¦Áú,9.88,10.88,9.88,10.88,10.4,-0.52,-5.0,5.7546,1959914,20273140.0,984421464.0,336493040.0
1327,2009-09-21,sh600988,ST±¦Áú,10.37,10.37,9.8,9.8,9.88,0.49,4.9595,1.8035,614226,6353214.0,1033243986.0,353181460.0
1328,2009-09-22,sh600988,ST±¦Áú,10.89,10.89,10.8,10.86,10.37,0.52,5.0145,0.9148,311547,3390573.0,1085055642.0,370891620.0
1329,2009-09-23,sh600988,ST±¦Áú,10.83,11.42,10.4,11.42,10.89,-0.06,-0.551,4.8914,1665905,18251445.0,1079077374.0,368848140.0
1330,2009-09-24,sh600988,ST±¦Áú,10.29,10.85,10.29,10.85,10.83,-0.54,-4.9861,3.5254,1200690,12396790.0,1025272962.0,350456820.0
1331,2009-09-25,sh600988,ST±¦Áú,9.85,10.29,9.78,10.29,10.29,-0.44,-4.276,3.9221,1335803,13143868.0,981432330.0,335471300.0
1332,2009-09-28,sh600988,ST±¦Áú,0.0,0.0,0.0,0.0,9.85,,,0.0,0,0.0,981432330.0,335471300.0
1333,2009-09-29,sh600988,ST±¦Áú,9.68,9.99,9.36,9.36,9.85,-0.17,-1.7259,2.2179,755373,7370106.0,964493904.0,329681440.0
1334,2009-09-30,sh600988,ST±¦Áú,10.16,10.16,9.75,9.75,9.68,0.48,4.9587,2.869,977136,9917581.0,1012320048.0,346029280.0
1335,2009-10-09,sh600988,ST±¦Áú,10.67,10.67,10.4,10.58,10.16,0.51,5.0197,0.8617,293485,3122388.0,1063135326.0,363398860.0
1336,2009-10-12,sh600988,ST±¦Áú,11.2,11.2,10.85,11.2,10.67,0.53,4.9672,8.8638,3018827,33678039.0,1115943360.0,381449600.0
1337,2009-10-13,sh600988,ST±¦Áú,10.98,11.66,10.8,11.21,11.2,-0.22,-1.9643,3.214,1094622,12105400.0,1094023044.0,373956840.0
1338,2009-10-14,sh600988,ST±¦Áú,11.03,11.32,10.81,11.03,10.98,0.05,0.4554,2.0037,682436,7568831.0,1099004934.0,375659740.0
1339,2009-10-15,sh600988,ST±¦Áú,11.16,11.22,10.9,10.9,11.03,0.13,1.1786,1.8581,632842,6999327.0,1111957848.0,380087280.0
1340,2009-10-16,sh600988,ST±¦Áú,11.16,11.36,11.0,11.36,11.16,0.0,0.0,1.8666,635738,7082631.0,1111957848.0,380087280.0
1341,2009-10-19,sh600988,ST±¦Áú,11.47,11.47,11.06,11.26,11.16,0.31,2.7778,2.0308,691640,7758168.0,1142845566.0,390645260.0
1342,2009-10-20,sh600988,ST±¦Áú,12.04,12.04,11.38,11.38,11.47,0.57,4.9695,2.5544,869970,10265604.0,1199639112.0,410058320.0
1343,2009-10-21,sh600988,ST±¦Áú,12.16,12.64,12.15,12.42,12.04,0.12,0.9967,4.8448,1650057,20601676.0,1211595648.0,414145280.0
1344,2009-10-22,sh600988,ST±¦Áú,12.39,12.77,11.8,12.03,12.16,0.23,1.8914,2.3865,812784,10018905.0,1234512342.0,421978620.0
1345,2009-10-23,sh600988,ST±¦Áú,12.18,13.0,11.9,12.89,12.39,-0.21,-1.6949,3.6187,1232446,15047433.0,1213588404.0,414826440.0
1346,2009-10-26,sh600988,ST±¦Áú,12.04,12.18,11.7,12.0,12.18,-0.14,-1.1494,2.0805,708582,8467110.0,1199639112.0,410058320.0
1347,2009-10-27,sh600988,ST±¦Áú,12.02,12.28,11.83,12.0,12.04,-0.02,-0.1661,1.9672,669984,8112283.0,1197646356.0,409377160.0
1348,2009-10-28,sh600988,ST±¦Áú,12.05,12.2,11.91,12.0,12.02,0.03,0.2496,2.395,815677,9833171.0,1200635490.0,410398900.0
1349,2009-10-29,sh600988,ST±¦Áú,12.28,12.65,11.88,12.04,12.05,0.23,1.9087,3.9678,1351370,16825545.0,1223552184.0,418232240.0
1350,2009-10-30,sh600988,ST±¦Áú,12.29,12.48,12.23,12.3,12.28,0.01,0.0814,2.2276,758663,9385721.0,1224548562.0,418572820.0
1351,2009-11-02,sh600988,ST±¦Áú,12.52,12.53,11.95,12.1,12.29,0.23,1.8714,1.9597,667451,8231454.0,1247465256.0,426406160.0
1352,2009-11-03,sh600988,ST±¦Áú,12.47,12.7,12.3,12.52,12.52,-0.05,-0.3994,2.7172,925435,11534403.0,1242483366.0,424703260.0
1353,2009-11-04,sh600988,ST±¦Áú,12.46,12.52,12.28,12.47,12.47,-0.01,-0.0802,2.0496,698058,8625853.0,1241486988.0,424362680.0
1354,2009-11-05,sh600988,ST±¦Áú,12.38,12.49,12.1,12.49,12.46,-0.08,-0.6421,1.7193,585557,7211748.0,1233515964.0,421638040.0
1355,2009-11-06,sh600988,ST±¦Áú,12.74,13.0,12.45,12.45,12.38,0.36,2.9079,5.1203,1743881,22437949.0,1269385572.0,433898920.0
1356,2009-11-09,sh600988,ST±¦Áú,13.07,13.24,12.56,12.6,12.74,0.33,2.5903,4.3958,1497122,19336465.0,1302266046.0,445138060.0
1357,2009-11-10,sh600988,ST±¦Áú,13.67,13.72,12.95,12.95,13.07,0.6,4.5907,3.5371,1204658,16216266.0,1362048726.0,465572860.0
1358,2009-11-11,sh600988,ST±¦Áú,13.46,13.98,13.42,13.5,13.67,-0.21,-1.5362,5.2074,1773545,24243663.0,1341124788.0,458420680.0
1359,2009-11-12,sh600988,ST±¦Áú,13.0,13.59,12.9,13.54,13.46,-0.46,-3.4175,5.9596,2029730,26695071.0,1295291400.0,442754000.0
1360,2009-11-13,sh600988,ST±¦Áú,13.05,13.25,12.8,13.13,13.0,0.05,0.3846,5.202,1771694,23031581.0,1300273290.0,444456900.0
1361,2009-11-16,sh600988,ST±¦Áú,13.09,13.2,12.86,13.11,13.05,0.04,0.3065,3.8378,1307093,17043857.0,1304258802.0,445819220.0
1362,2009-11-17,sh600988,ST±¦Áú,13.24,13.38,13.05,13.08,13.09,0.15,1.1459,2.9127,992021,13134022.0,1319204472.0,450927920.0
1363,2009-11-18,sh600988,ST±¦Áú,13.2,13.41,13.08,13.35,13.24,-0.04,-0.3021,2.1804,742609,9859225.0,1315218960.0,449565600.0
1364,2009-11-19,sh600988,ST±¦Áú,13.29,13.39,13.14,13.15,13.2,0.09,0.6818,2.9331,998967,13259048.0,1324186362.0,452630820.0
1365,2009-11-20,sh600988,ST±¦Áú,13.09,13.39,12.95,13.24,13.29,-0.2,-1.5049,4.6644,1588600,20834519.0,1304258802.0,445819220.0
1366,2009-11-23,sh600988,ST±¦Áú,13.16,13.29,13.02,13.22,13.09,0.07,0.5348,3.6392,1239449,16291656.0,1311233448.0,448203280.0
1367,2009-11-24,sh600988,ST±¦Áú,13.17,13.38,13.08,13.15,13.16,0.01,0.076,5.7267,1950385,25827788.0,1312229826.0,448543860.0
1368,2009-11-25,sh600988,ST±¦Áú,13.35,13.4,13.02,13.02,13.17,0.18,1.3667,3.3957,1156498,15313330.0,1330164630.0,454674300.0
1369,2009-11-26,sh600988,ST±¦Áú,12.68,13.48,12.68,13.35,13.35,-0.67,-5.0187,5.5147,1878200,24341683.0,1263407304.0,431855440.0
1370,2009-11-27,sh600988,ST±¦Áú,12.05,12.52,12.05,12.52,12.68,-0.63,-4.9685,5.644,1922249,23228156.0,1200635490.0,410398900.0
1371,2009-11-30,sh600988,ST±¦Áú,12.36,12.44,12.1,12.1,12.05,0.31,2.5726,2.4569,836781,10272837.0,1231523208.0,420956880.0
1372,2009-12-01,sh600988,ST±¦Áú,12.31,12.42,12.11,12.36,12.36,-0.05,-0.4045,1.666,567391,6964511.0,1226541318.0,419253980.0
1373,2009-12-02,sh600988,ST±¦Áú,12.4,12.68,12.3,12.43,12.31,0.09,0.7311,2.9287,997463,12417818.0,1235508720.0,422319200.0
1374,2009-12-03,sh600988,ST±¦Áú,12.35,12.66,12.15,12.38,12.4,-0.05,-0.4032,2.2789,776144,9545495.0,1230526830.0,420616300.0
1375,2009-12-04,sh600988,ST±¦Áú,11.98,12.39,11.73,12.18,12.35,-0.37,-2.996,5.262,1792140,21579285.0,1193660844.0,408014840.0
1376,2009-12-07,sh600988,ST±¦Áú,12.11,12.18,12.0,12.0,11.98,0.13,1.0851,2.5035,852637,10298831.0,1206613758.0,412442380.0
1377,2009-12-08,sh600988,ST±¦Áú,12.72,12.72,12.13,12.18,12.11,0.61,5.0372,3.1001,1055848,13147202.0,1267392816.0,433217760.0
1378,2009-12-09,sh600988,ST±¦Áú,13.36,13.36,12.78,12.78,12.72,0.64,5.0314,8.6048,2930632,39112864.0,1331161008.0,455014880.0
1379,2009-12-10,sh600988,ST±¦Áú,13.58,13.98,13.3,13.56,13.36,0.22,1.6467,5.9906,2040273,27689292.0,1353081324.0,462507640.0
1380,2009-12-11,sh600988,ST±¦Áú,13.13,13.6,13.0,13.58,13.58,-0.45,-3.3137,4.4794,1525598,20163586.0,1308244314.0,447181540.0
1381,2009-12-14,sh600988,ST±¦Áú,12.86,13.28,12.5,13.12,13.13,-0.27,-2.0564,2.318,789462,10046047.0,1281342108.0,437985880.0
1382,2009-12-15,sh600988,ST±¦Áú,12.71,12.98,12.58,12.58,12.86,-0.15,-1.1664,2.1954,747699,9581365.0,1266396438.0,432877180.0
1383,2009-12-16,sh600988,ST±¦Áú,13.35,13.35,12.66,12.73,12.71,0.64,5.0354,3.8348,1306041,17220203.0,1330164630.0,454674300.0
1384,2009-12-17,sh600988,ST±¦Áú,13.34,13.66,13.05,13.46,13.35,-0.01,-0.0749,3.9903,1359013,18159591.0,1329168252.0,454333720.0
1385,2009-12-18,sh600988,ST±¦Áú,12.67,13.13,12.67,13.11,13.34,-0.67,-5.0225,5.5629,1894617,24082008.0,1262410926.0,431514860.0
1386,2009-12-21,sh600988,ST±¦Áú,12.54,12.69,12.11,12.65,12.67,-0.13,-1.026,1.209,411751,5108899.0,1249458012.0,427087320.0
1387,2009-12-22,sh600988,ST±¦Áú,12.17,12.83,12.05,12.38,12.54,-0.37,-2.9506,1.0547,359200,4440578.0,1212592026.0,414485860.0
1388,2009-12-23,sh600988,ST±¦Áú,12.31,12.32,12.09,12.17,12.17,0.14,1.1504,0.578,196851,2404436.0,1226541318.0,419253980.0
1389,2009-12-24,sh600988,ST±¦Áú,12.71,12.8,12.31,12.59,12.31,0.4,3.2494,0.7345,250142,3155569.0,1266396438.0,432877180.0
1390,2009-12-25,sh600988,ST±¦Áú,13.19,13.35,12.51,12.7,12.71,0.48,3.7766,3.7614,1281045,16922185.0,1314222582.0,449225020.0
1391,2009-12-28,sh600988,ST±¦Áú,13.29,13.38,12.96,13.19,13.19,0.1,0.7582,2.3922,814729,10742662.0,1324186362.0,452630820.0
1392,2009-12-29,sh600988,ST±¦Áú,13.0,13.29,12.9,13.29,13.29,-0.29,-2.1821,2.5689,874903,11390866.0,1295291400.0,442754000.0
1393,2009-12-30,sh600988,ST±¦Áú,12.79,13.05,12.51,13.01,13.0,-0.21,-1.6154,1.0253,349196,4474733.0,1274367462.0,435601820.0
1394,2009-12-31,sh600988,ST±¦Áú,12.88,12.94,12.15,12.15,12.79,0.09,0.7037,3.1419,1070058,13333926.0,1283334864.0,438667040.0
1395,2010-01-04,sh600988,ST±¦Áú,12.62,12.84,12.48,12.58,12.88,-0.26,-2.0186,2.261,770058,9710748.0,1257429036.0,429811960.0
1396,2010-01-05,sh600988,ST±¦Áú,12.37,12.6,12.24,12.6,12.62,-0.25,-1.981,1.4831,505111,6247876.0,1232519586.0,421297460.0
1397,2010-01-06,sh600988,ST±¦Áú,12.39,12.46,12.3,12.31,12.37,0.02,0.1617,0.9359,505250,6257067.0,1234512342.0,668881088.4
1398,2010-01-07,sh600988,ST±¦Áú,12.16,12.48,12.05,12.4,12.39,-0.23,-1.8563,1.8695,1009255,12248632.0,1211595648.0,656464409.6
1399,2010-01-08,sh600988,ST±¦Áú,12.06,12.19,11.98,12.16,12.16,-0.1,-0.8224,0.6903,372656,4484555.0,1201631868.0,651065853.6
1400,2010-01-11,sh600988,ST±¦Áú,0.0,0.0,0.0,0.0,12.06,0.0,0.0,0.0,0,0.0,1201631868.0,651065853.6
1401,2010-01-12,sh600988,ST±¦Áú,0.0,0.0,0.0,0.0,12.06,0.0,0.0,0.0,0,0.0,1201631868.0,651065853.6
1402,2010-01-13,sh600988,ST±¦Áú,0.0,0.0,0.0,0.0,12.06,0.0,0.0,0.0,0,0.0,1201631868.0,651065853.6
1403,2010-01-14,sh600988,ST±¦Áú,0.0,0.0,0.0,0.0,12.06,0.0,0.0,0.0,0,0.0,1201631868.0,651065853.6
1404,2010-01-15,sh600988,ST±¦Áú,0.0,0.0,0.0,0.0,12.06,0.0,0.0,0.0,0,0.0,1201631868.0,651065853.6
1405,2010-01-18,sh600988,ST±¦Áú,12.66,12.66,12.66,12.66,12.06,0.6,4.9751,0.5705,307998,3899255.0,1261414548.0,683457189.6
1406,2010-01-19,sh600988,ST±¦Áú,12.5,13.29,12.09,13.29,12.66,-0.16,-1.2638,5.8573,3162115,41654186.0,1245472500.0,674819500.0
1407,2010-01-20,sh600988,ST±¦Áú,0.0,0.0,0.0,0.0,12.5,0.0,0.0,0.0,0,0.0,1245472500.0,674819500.0
1408,2010-01-21,sh600988,ST±¦Áú,0.0,0.0,0.0,0.0,12.5,0.0,0.0,0.0,0,0.0,1245472500.0,674819500.0
1409,2010-01-22,sh600988,ST±¦Áú,12.59,13.13,11.88,11.88,12.5,0.09,0.72,4.2708,2305622,28713899.0,1254439902.0,679678200.4
1410,2010-01-25,sh600988,ST±¦Áú,12.22,12.85,12.2,12.37,12.59,-0.37,-2.9388,1.8597,1003973,12551282.0,1217573916.0,659703543.2
1411,2010-01-26,sh600988,ST±¦Áú,12.28,12.5,12.05,12.05,12.22,0.06,0.491,0.8934,482320,5898585.0,1223552184.0,662942676.8
1412,2010-01-27,sh600988,ST±¦Áú,12.16,12.45,12.0,12.23,12.28,-0.12,-0.9772,0.8653,467132,5689159.0,1211595648.0,656464409.6
1413,2010-01-28,sh600988,ST±¦Áú,11.71,12.27,11.6,11.6,12.16,-0.45,-3.7007,2.3477,1267441,15074794.0,1166758638.0,632170907.6
1414,2010-01-29,sh600988,ST±¦Áú,11.49,11.7,11.28,11.6,11.71,-0.22,-1.8787,1.9993,1079324,12330914.0,1144838322.0,620294084.4
1415,2010-02-01,sh600988,ST±¦Áú,11.34,11.47,11.2,11.43,11.49,-0.15,-1.3055,1.1867,640668,7239598.0,1129892652.0,612196250.4
1416,2010-02-02,sh600988,ST±¦Áú,11.41,11.58,11.11,11.35,11.34,0.07,0.6173,0.7745,418100,4750226.0,1136867298.0,615975239.6
1417,2010-02-03,sh600988,ST±¦Áú,11.52,11.79,11.2,11.5,11.41,0.11,0.9641,0.9269,500407,5675907.0,1147827456.0,621913651.2
1418,2010-02-04,sh600988,ST±¦Áú,11.72,11.93,11.4,11.45,11.52,0.2,1.7361,0.7087,382600,4495575.0,1167755016.0,632710763.2
1419,2010-02-05,sh600988,ST±¦Áú,11.53,12.18,11.5,11.69,11.72,-0.19,-1.6212,2.0533,1108474,12969364.0,1148823834.0,622453506.8
1420,2010-02-08,sh600988,ST±¦Áú,11.84,11.93,11.45,11.45,11.53,0.31,2.6886,1.0938,590502,6955646.0,1179711552.0,639189030.4
1421,2010-02-09,sh600988,ST±¦Áú,12.17,12.32,11.7,11.97,11.84,0.33,2.7872,1.2077,651995,7921073.0,1212592026.0,657004265.2
1422,2010-02-10,sh600988,ST±¦Áú,11.94,12.77,11.85,12.28,12.17,-0.23,-1.8899,1.862,1005218,12501976.0,1189675332.0,644587586.4
1423,2010-02-11,sh600988,ST±¦Áú,11.98,12.4,11.85,12.05,11.94,0.04,0.335,1.9413,1048036,12683745.0,1193660844.0,646747008.8
1424,2010-02-12,sh600988,ST±¦Áú,12.0,12.24,11.72,12.1,11.98,0.02,0.1669,1.81,977123,11753462.0,1195653600.0,647826720.0
1425,2010-02-22,sh600988,ST±¦Áú,12.0,12.1,11.97,12.1,12.0,0.0,0.0,0.4729,255318,3067135.0,1195653600.0,647826720.0
1426,2010-02-23,sh600988,ST±¦Áú,12.38,12.41,11.96,12.05,12.0,0.38,3.1667,0.6133,331104,4039082.0,1233515964.0,668341232.8
1427,2010-02-24,sh600988,ST±¦Áú,12.67,12.68,12.25,12.48,12.38,0.29,2.3425,0.9581,517247,6481505.0,1262410926.0,683997045.2
1428,2010-02-25,sh600988,ST±¦Áú,12.9,12.94,12.51,12.52,12.67,0.23,1.8153,1.0917,589342,7553508.0,1285327620.0,696413724.0
1429,2010-02-26,sh600988,ST±¦Áú,12.98,13.01,12.69,12.69,12.9,0.08,0.6202,1.1539,622930,8050262.0,1293298644.0,700732568.8
1430,2010-03-01,sh600988,ST±¦Áú,13.63,13.63,13.05,13.63,12.98,0.65,5.0077,1.6539,892870,12159651.0,1358063214.0,735823182.8
1431,2010-03-02,sh600988,ST±¦Áú,14.31,14.31,13.71,14.2,13.63,0.68,4.989,6.6287,3578550,50887730.0,1425816918.0,772533363.6
1432,2010-03-03,sh600988,ST±¦Áú,14.31,14.5,14.13,14.4,14.31,0.0,0.0,2.5157,1358097,19482105.0,1425816918.0,772533363.6
1433,2010-03-04,sh600988,ST±¦Áú,14.34,14.8,14.21,14.31,14.31,0.03,0.2096,1.3765,743107,10749503.0,1428806052.0,774152930.4
1434,2010-03-05,sh600988,ST±¦Áú,15.06,15.06,14.5,14.55,14.34,0.72,5.0209,1.6762,904899,13516017.0,1500545268.0,813022533.6
1435,2010-03-08,sh600988,ST±¦Áú,15.81,15.81,15.42,15.43,15.06,0.75,4.9801,0.6567,354510,5577921.0,1575273618.0,853511703.6
1436,2010-03-09,sh600988,ST±¦Áú,15.99,16.6,15.35,16.6,15.81,0.18,1.1385,7.095,3830273,62240911.0,1593208422.0,863229104.4
1437,2010-03-10,sh600988,ST±¦Áú,0.0,0.0,0.0,0.0,15.99,0.0,0.0,0.0,0,0.0,1593208422.0,863229104.4
1438,2010-03-11,sh600988,ST±¦Áú,0.0,0.0,0.0,0.0,15.99,0.0,0.0,0.0,0,0.0,1593208422.0,863229104.4
1439,2010-03-12,sh600988,ST±¦Áú,0.0,0.0,0.0,0.0,15.99,0.0,0.0,0.0,0,0.0,1593208422.0,863229104.4
1440,2010-03-15,sh600988,ST±¦Áú,0.0,0.0,0.0,0.0,15.99,0.0,0.0,0.0,0,0.0,1593208422.0,863229104.4
1441,2010-03-16,sh600988,ST±¦Áú,15.7,15.98,15.19,15.19,15.99,-0.29,-1.8136,5.0879,2746725,42408900.0,1564313460.0,847573292.0
1442,2010-03-17,sh600988,ST±¦Áú,15.98,16.0,15.4,15.68,15.7,0.28,1.7834,1.6009,864254,13668305.0,1592212044.0,862689248.8
1443,2010-03-18,sh600988,ST±¦Áú,15.98,16.23,15.51,16.1,15.98,0.0,0.0,0.757,408697,6517458.0,1592212044.0,862689248.8
1444,2010-03-19,sh600988,ST±¦Áú,15.88,16.28,15.6,15.98,15.98,-0.1,-0.6258,0.9308,502506,7948154.0,1582248264.0,857290692.8
1445,2010-03-22,sh600988,ST±¦Áú,0.0,0.0,0.0,0.0,15.88,,,0.0,0,0.0,1582248264.0,857290692.8
1446,2010-03-23,sh600988,ST±¦Áú,16.17,16.38,15.55,15.55,15.88,0.29,1.8262,1.6099,869124,14008443.0,1611143226.0,872946505.2
1447,2010-03-24,sh600988,ST±¦Áú,16.0,16.98,15.91,16.2,16.17,-0.17,-1.0513,5.447,2940605,48452367.0,1594204800.0,863768960.0
1448,2010-03-25,sh600988,ST±¦Áú,15.77,16.19,15.35,15.67,16.0,-0.23,-1.4375,2.3259,1255659,19891451.0,1571288106.0,851352281.2
1449,2010-03-26,sh600988,ST±¦Áú,15.78,15.99,15.65,15.66,15.77,0.01,0.0634,1.649,890203,14018606.0,1572284484.0,851892136.8
1450,2010-03-29,sh600988,ST±¦Áú,15.65,16.16,15.35,15.9,15.78,-0.13,-0.8238,1.6621,897291,14086145.0,1559331570.0,844874014.0
1451,2010-03-30,sh600988,ST±¦Áú,15.78,16.09,15.51,15.7,15.65,0.13,0.8307,1.3307,718370,11326561.0,1572284484.0,851892136.8
1452,2010-03-31,sh600988,ST±¦Áú,15.74,15.9,15.56,15.84,15.78,-0.04,-0.2535,1.7626,951570,14974100.0,1568298972.0,849732714.4
1453,2010-04-01,sh600988,ST±¦Áú,15.89,16.1,15.57,15.66,15.74,0.15,0.953,1.6436,887280,14104799.0,1583244642.0,857830548.4
1454,2010-04-02,sh600988,ST±¦Áú,0.0,0.0,0.0,0.0,15.89,,,0.0,0,0.0,1583244642.0,857830548.4
1455,2010-04-06,sh600988,ST±¦Áú,16.68,16.68,16.16,16.56,15.89,0.79,4.9717,3.0427,1642623,27136972.0,1661958504.0,900479140.8
1456,2010-04-07,sh600988,ST±¦Áú,17.51,17.51,16.81,16.81,16.68,0.83,4.976,3.4803,1878841,32542018.0,1744657878.0,945287155.6
1457,2010-04-08,sh600988,ST±¦Áú,17.48,17.55,17.05,17.51,17.51,-0.03,-0.1713,1.3693,739229,12787358.0,1741668744.0,943667588.8
1458,2010-04-09,sh600988,ST±¦Áú,16.82,17.53,16.7,17.53,17.48,-0.66,-3.7757,2.3296,1257638,21402068.0,1675907796.0,908037119.2
1459,2010-04-12,sh600988,ST±¦Áú,16.51,17.07,16.28,16.75,16.82,-0.31,-1.843,2.4521,1323774,21968867.0,1645020078.0,891301595.6
1460,2010-04-13,sh600988,ST±¦Áú,15.91,16.6,15.68,16.41,16.51,-0.6,-3.6342,3.0189,1629784,25909014.0,1585237398.0,858910259.6
1461,2010-04-14,sh600988,ST±¦Áú,15.95,16.2,15.71,15.98,15.91,0.04,0.2514,0.8995,485594,7776110.0,1589222910.0,861069682.0
1462,2010-04-15,sh600988,ST±¦Áú,16.18,16.35,15.95,15.95,15.95,0.23,1.442,1.6284,879107,14224330.0,1612139604.0,873486360.8
1463,2010-04-16,sh600988,ST±¦Áú,16.58,16.59,16.1,16.11,16.18,0.4,2.4722,1.1001,593920,9702299.0,1651994724.0,895080584.8
1464,2010-04-19,sh600988,ST±¦Áú,15.81,16.69,15.77,16.69,16.58,-0.77,-4.6441,2.3608,1274500,20641257.0,1575273618.0,853511703.6
1465,2010-04-20,sh600988,ST±¦Áú,15.84,16.09,15.02,15.02,15.81,0.03,0.1898,0.7828,422613,6666193.0,1578262752.0,855131270.4
1466,2010-04-21,sh600988,ST±¦Áú,16.0,16.05,15.75,15.75,15.84,0.16,1.0101,0.882,476172,7559071.0,1594204800.0,863768960.0
1467,2010-04-22,sh600988,ST±¦Áú,15.97,16.08,15.8,15.81,16.0,-0.03,-0.1875,0.9864,532511,8485246.0,1591215666.0,862149393.2
1468,2010-04-23,sh600988,ST±¦Áú,15.62,16.04,15.62,15.81,15.97,-0.35,-2.1916,1.2869,694755,10965737.0,1556342436.0,843254447.2
1469,2010-04-26,sh600988,ST±¦Áú,14.84,15.64,14.84,15.64,15.62,-0.78,-4.9936,2.8199,1522323,22770380.0,1478624952.0,801145710.4
1470,2010-04-27,sh600988,ST±¦Áú,14.75,14.84,14.1,14.65,14.84,-0.09,-0.6065,1.6367,883559,12717429.0,1469657550.0,796287010.0
1471,2010-04-28,sh600988,ST±¦Áú,0.0,0.0,0.0,0.0,14.75,,,0.0,0,0.0,1469657550.0,796287010.0
1472,2010-04-29,sh600988,*ST±¦Áú,15.46,15.49,14.58,14.69,14.75,0.71,4.8136,3.0052,1622375,24961478.0,1540400388.0,834616757.6
1473,2010-04-30,sh600988,*ST±¦Áú,15.77,15.84,14.88,15.02,15.46,0.31,2.0052,2.2905,1236540,19025672.0,1571288106.0,851352281.2
1474,2010-05-04,sh600988,*ST±¦Áú,15.76,15.93,15.12,15.12,15.77,-0.01,-0.0634,0.6481,349862,5486927.0,1570291728.0,850812425.6
1475,2010-05-05,sh600988,*ST±¦Áú,15.96,16.0,15.37,15.76,15.76,0.2,1.269,1.1563,624255,9771095.0,1590219288.0,861609537.6
1476,2010-05-06,sh600988,*ST±¦Áú,15.56,16.31,15.38,16.28,15.96,-0.4,-2.5063,0.8158,440390,6856831.0,1550364168.0,840015313.6
1477,2010-05-07,sh600988,*ST±¦Áú,16.26,16.29,15.18,15.28,15.56,0.7,4.4987,2.8201,1522432,24202677.0,1620110628.0,877805205.6
1478,2010-05-10,sh600988,*ST±¦Áú,16.27,16.5,16.01,16.22,16.26,0.01,0.0615,2.3608,1274507,20832365.0,1621107006.0,878345061.2
1479,2010-05-11,sh600988,*ST±¦Áú,16.6,16.81,16.38,16.38,16.27,0.33,2.0283,2.554,1378780,22957533.0,1653987480.0,896160296.0
1480,2010-05-12,sh600988,*ST±¦Áú,16.7,16.7,16.4,16.57,16.6,0.1,0.6024,2.5541,1378838,22928220.0,1663951260.0,901558852.0
1481,2010-05-13,sh600988,*ST±¦Áú,16.71,17.33,16.68,16.73,16.7,0.01,0.0599,3.2608,1760334,30042136.0,1664947638.0,902098707.6
1482,2010-05-14,sh600988,*ST±¦Áú,16.5,16.66,15.87,16.62,16.71,-0.21,-1.2567,1.9711,1064133,17215633.0,1644023700.0,890761740.0
1483,2010-05-17,sh600988,*ST±¦Áú,16.03,16.33,15.96,16.33,16.5,-0.47,-2.8485,1.7747,958106,15459519.0,1597193934.0,865388526.8
1484,2010-05-18,sh600988,*ST±¦Áú,16.1,16.2,15.23,15.23,16.03,0.07,0.4367,1.2681,684567,10827478.0,1604168580.0,869167516.0
1485,2010-05-19,sh600988,*ST±¦Áú,16.47,16.68,15.69,16.1,16.1,0.37,2.2981,1.057,570645,9342749.0,1641034566.0,889142173.2
1486,2010-05-20,sh600988,*ST±¦Áú,0.0,0.0,0.0,0.0,16.47,,,0.0,0,0.0,1641034566.0,889142173.2
1487,2010-05-21,sh600988,*ST±¦Áú,17.29,17.29,15.71,16.1,16.47,0.82,4.9787,3.5056,1892518,32323722.0,1722737562.0,933410332.4
1488,2010-05-24,sh600988,*ST±¦Áú,16.43,16.75,16.43,16.43,17.29,-0.86,-4.974,5.7417,3099700,50961772.0,1637049054.0,886982750.8
1489,2010-05-25,sh600988,*ST±¦Áú,15.61,15.61,15.61,15.61,16.43,-0.82,-4.9909,0.8989,485300,7575533.0,1555346058.0,842714591.6
1490,2010-05-26,sh600988,*ST±¦Áú,14.83,14.83,14.83,14.83,15.61,-0.78,-4.9968,2.3004,1241900,18417377.0,1477628574.0,800605854.8
1491,2010-05-27,sh600988,*ST±¦Áú,14.5,15.57,14.09,14.15,14.83,-0.33,-2.2252,8.1805,4416273,63897958.0,1444748100.0,782790620.0
1492,2010-05-28,sh600988,*ST±¦Áú,14.85,14.89,14.21,14.45,14.5,0.35,2.4138,3.9778,2147435,31387825.0,1479621330.0,801685566.0
1493,2010-05-31,sh600988,*ST±¦Áú,15.59,15.59,15.1,15.2,14.85,0.74,4.9832,4.7127,2544191,39340359.0,1553353302.0,841634880.4
1494,2010-06-01,sh600988,*ST±¦Áú,15.18,15.88,14.82,15.88,15.59,-0.41,-2.6299,2.295,1238952,18943145.0,1512501804.0,819500800.8
1495,2010-06-02,sh600988,*ST±¦Áú,15.9,15.9,15.09,15.09,15.18,0.72,4.7431,2.7904,1506398,23773732.0,1584241020.0,858370404.0
1496,2010-06-03,sh600988,*ST±¦Áú,15.87,15.9,15.62,15.85,15.9,-0.03,-0.1887,1.0897,588297,9289022.0,1581251886.0,856750837.2
1497,2010-06-04,sh600988,*ST±¦Áú,15.75,16.14,15.61,16.0,15.87,-0.12,-0.7561,0.7425,400851,6312397.0,1569295350.0,850272570.0
1498,2010-06-07,sh600988,*ST±¦Áú,15.9,16.3,15.55,15.56,15.75,0.15,0.9524,1.8882,1019378,16256675.0,1584241020.0,858370404.0
1499,2010-06-08,sh600988,*ST±¦Áú,15.79,16.02,15.62,15.71,15.9,-0.11,-0.6918,1.232,665101,10524729.0,1573280862.0,852431992.4
1500,2010-06-09,sh600988,*ST±¦Áú,15.56,16.09,15.0,15.44,15.79,-0.23,-1.4566,4.2919,2317032,35577775.0,1550364168.0,840015313.6
1501,2010-06-10,sh600988,*ST±¦Áú,14.9,15.25,14.83,15.18,15.56,-0.66,-4.2416,3.217,1736702,25993071.0,1484603220.0,804384844.0
1502,2010-06-11,sh600988,*ST±¦Áú,14.99,15.4,14.31,14.92,14.9,0.09,0.604,2.9461,1590459,23867304.0,1493570622.0,809243544.4
1503,2010-06-17,sh600988,*ST±¦Áú,14.55,15.1,14.31,15.03,14.99,-0.44,-2.9353,2.1294,1149587,16774302.0,1449729990.0,785489898.0
1504,2010-06-18,sh600988,*ST±¦Áú,14.05,14.69,13.82,14.69,14.55,-0.5,-3.4364,1.4407,777749,11072105.0,1399911090.0,758497118.0
1505,2010-06-21,sh600988,*ST±¦Áú,13.99,14.16,13.7,13.91,14.05,-0.06,-0.427,1.1333,611823,8568288.0,1393932822.0,755257984.4
1506,2010-06-22,sh600988,*ST±¦Áú,14.3,14.59,13.9,14.0,13.99,0.31,2.2159,1.5317,826923,11809173.0,1424820540.0,771993508.0
1507,2010-06-23,sh600988,*ST±¦Áú,13.99,14.3,13.88,14.3,14.3,-0.31,-2.1678,1.1911,643001,8992933.0,1393932822.0,755257984.4
1508,2010-06-24,sh600988,*ST±¦Áú,13.38,13.9,13.29,13.85,13.99,-0.61,-4.3603,2.1728,1173010,15742097.0,1333153764.0,722326792.8
1509,2010-06-25,sh600988,*ST±¦Áú,12.79,13.59,12.71,13.11,13.38,-0.59,-4.4096,2.6826,1448214,18704714.0,1274367462.0,690475312.4
1510,2010-06-28,sh600988,*ST±¦Áú,12.17,12.78,12.15,12.78,12.79,-0.62,-4.8475,1.7335,935840,11550171.0,1212592026.0,657004265.2
1511,2010-06-29,sh600988,*ST±¦Áú,11.83,12.38,11.71,11.71,12.17,-0.34,-2.7938,0.7837,423101,5079116.0,1178715174.0,638649174.8
1512,2010-06-30,sh600988,*ST±¦Áú,11.25,11.99,11.24,11.99,11.83,-0.58,-4.9028,0.7986,431128,4934485.0,1120925250.0,607337550.0
1513,2010-07-01,sh600988,*ST±¦Áú,10.69,11.24,10.69,10.9,11.25,-0.56,-4.9778,1.3873,748924,8065056.0,1065128082.0,577105636.4
1514,2010-07-02,sh600988,*ST±¦Áú,10.16,10.63,10.16,10.39,10.69,-0.53,-4.9579,2.343,1264900,12858699.0,1012320048.0,548493289.6
1515,2010-07-05,sh600988,*ST±¦Áú,9.65,10.05,9.65,9.8,10.16,-0.51,-5.0197,3.0156,1628000,15733287.0,961504770.0,520960654.0
1516,2010-07-06,sh600988,*ST±¦Áú,9.63,9.66,9.17,9.23,9.65,-0.02,-0.2073,4.4489,2401737,22523841.0,959512014.0,519880942.8
1517,2010-07-07,sh600988,*ST±¦Áú,9.47,9.6,9.21,9.6,9.63,-0.16,-1.6615,2.8122,1518166,14236841.0,943569966.0,511243253.2
1518,2010-07-08,sh600988,*ST±¦Áú,9.94,9.94,9.46,9.46,9.47,0.47,4.963,4.0343,2177951,21251439.0,990399732.0,536616466.4
1519,2010-07-09,sh600988,*ST±¦Áú,10.44,10.44,10.04,10.04,9.94,0.5,5.0302,4.8792,2634043,27134329.0,1040218632.0,563609246.4
1520,2010-07-12,sh600988,*ST±¦Áú,10.43,10.72,10.2,10.5,10.44,-0.01,-0.0958,3.0362,1639091,17186834.0,1039222254.0,563069390.8
1521,2010-07-13,sh600988,*ST±¦Áú,10.01,10.42,9.91,10.37,10.43,-0.42,-4.0268,2.2801,1230934,12372975.0,997374378.0,540395455.6
1522,2010-07-14,sh600988,*ST±¦Áú,10.14,10.2,10.01,10.18,10.01,0.13,1.2987,1.4049,758433,7675408.0,1010327292.0,547413578.4
1523,2010-07-15,sh600988,*ST±¦Áú,10.5,10.56,10.01,10.07,10.14,0.36,3.5503,2.5277,1364574,14207138.0,1046196900.0,566848380.0
1524,2010-07-16,sh600988,*ST±¦Áú,10.47,10.64,10.33,10.5,10.5,-0.03,-0.2857,1.2822,692199,7251268.0,1043207766.0,565228813.2
1525,2010-07-19,sh600988,*ST±¦Áú,10.63,10.71,10.35,10.58,10.47,0.16,1.5282,1.7053,920641,9782457.0,1059149814.0,573866502.8
1526,2010-07-20,sh600988,*ST±¦Áú,11.05,11.1,10.54,10.68,10.63,0.42,3.9511,2.0213,1091231,11806335.0,1100997690.0,596540438.0
1527,2010-07-21,sh600988,*ST±¦Áú,11.15,11.57,10.92,11.03,11.05,0.1,0.905,2.297,1240054,13971134.0,1110961470.0,601938994.0
1528,2010-07-22,sh600988,*ST±¦Áú,11.22,11.29,11.02,11.02,11.15,0.07,0.6278,0.8658,467424,5246926.0,1117936116.0,605717983.2
1529,2010-07-23,sh600988,*ST±¦Áú,11.55,11.55,11.27,11.55,11.22,0.33,2.9412,1.13,610057,6948519.0,1150816590.0,623533218.0
1530,2010-07-26,sh600988,*ST±¦Áú,11.49,11.97,11.38,11.8,11.55,-0.06,-0.5195,1.0598,572132,6601456.0,1144838322.0,620294084.4
1531,2010-07-27,sh600988,*ST±¦Áú,11.18,11.5,11.17,11.48,11.49,-0.31,-2.698,1.2782,792320,8926238.0,1113950604.0,693027181.6
1532,2010-07-28,sh600988,*ST±¦Áú,11.37,11.39,11.11,11.11,11.18,0.19,1.6995,1.3045,808630,9132428.0,1132881786.0,704804924.4
1533,2010-07-29,sh600988,*ST±¦Áú,11.5,11.68,11.32,11.37,11.37,0.13,1.1434,1.189,737058,8457253.0,1145834700.0,712863380.0
1534,2010-07-30,sh600988,*ST±¦Áú,11.54,11.65,11.34,11.36,11.5,0.04,0.3478,1.2264,760220,8750306.0,1149820212.0,715342904.8
1535,2010-08-02,sh600988,*ST±¦Áú,0.0,0.0,0.0,0.0,11.54,,,0.0,0,0.0,1149820212.0,715342904.8
1536,2010-08-03,sh600988,*ST±¦Áú,11.87,12.11,11.57,11.93,11.54,0.33,2.8596,2.0661,1280726,15126921.0,1182700686.0,735798984.4
1537,2010-08-04,sh600988,*ST±¦Áú,11.98,12.37,11.62,11.7,11.87,0.11,0.9267,1.4358,889999,10634993.0,1193660844.0,742617677.6
1538,2010-08-05,sh600988,*ST±¦Áú,12.22,12.49,11.88,12.14,11.98,0.24,2.0033,1.4572,903288,11007680.0,1217573916.0,757494826.4
1539,2010-08-06,sh600988,*ST±¦Áú,12.59,12.64,12.22,12.39,12.22,0.37,3.0278,1.0905,675954,8409966.0,1254439902.0,780430430.8
1540,2010-08-09,sh600988,*ST±¦Áú,12.83,12.9,12.5,12.59,12.59,0.24,1.9063,1.0343,641124,8153591.0,1278352974.0,795307579.6
1541,2010-08-10,sh600988,*ST±¦Áú,12.19,12.98,12.19,12.95,12.83,-0.64,-4.9883,1.4712,911946,11538549.0,1214584782.0,755635182.8
1542,2010-08-11,sh600988,*ST±¦Áú,12.07,12.3,12.03,12.15,12.19,-0.12,-0.9844,1.2808,793917,9646260.0,1202628246.0,748196608.4
1543,2010-08-12,sh600988,*ST±¦Áú,11.67,11.99,11.56,11.99,12.07,-0.4,-3.314,1.0661,660852,7806181.0,1162773126.0,723401360.4
1544,2010-08-13,sh600988,*ST±¦Áú,11.82,11.93,11.1,11.57,11.67,0.15,1.2853,0.873,541132,6270472.0,1177718796.0,732699578.4
1545,2010-08-16,sh600988,*ST±¦Áú,12.27,12.37,11.66,11.76,11.82,0.45,3.8071,1.1478,711478,8696360.0,1222555806.0,760594232.4
1546,2010-08-17,sh600988,*ST±¦Áú,0.0,0.0,0.0,0.0,12.27,,,0.0,0,0.0,1222555806.0,760594232.4
1547,2010-08-18,sh600988,*ST±¦Áú,12.88,12.88,12.7,12.88,12.27,0.61,4.9715,14.3025,8865823,114174498.0,1283334864.0,798406985.6
1548,2010-08-19,sh600988,*ST±¦Áú,12.24,13.2,12.24,13.2,12.88,-0.64,-4.9689,7.6959,4770568,60852437.0,1219566672.0,758734588.8
1549,2010-08-20,sh600988,*ST±¦Áú,11.89,12.2,11.7,12.18,12.24,-0.35,-2.8595,4.4182,2738771,32617106.0,1184693442.0,737038746.8
1550,2010-08-23,sh600988,*ST±¦Áú,12.42,12.48,11.7,11.74,11.89,0.53,4.4575,5.0511,3131065,37811268.0,1237501476.0,769892450.4
1551,2010-08-24,sh600988,*ST±¦Áú,12.19,12.48,11.99,12.43,12.42,-0.23,-1.8519,3.1353,1943531,23690529.0,1214584782.0,755635182.8
1552,2010-08-25,sh600988,*ST±¦Áú,12.23,12.45,12.0,12.1,12.19,0.04,0.3281,2.3169,1436215,17513967.0,1218570294.0,758114707.6
1553,2010-08-26,sh600988,*ST±¦Áú,12.3,12.36,12.06,12.16,12.23,0.07,0.5724,2.5054,1553056,18992406.0,1225544940.0,762453876.0
1554,2010-08-27,sh600988,*ST±¦Áú,12.16,12.3,11.82,12.3,12.3,-0.14,-1.1382,1.6086,997155,12027878.0,1211595648.0,753775539.2
1555,2010-08-30,sh600988,*ST±¦Áú,12.15,12.26,11.87,12.1,12.16,-0.01,-0.0822,2.6678,1653722,20012286.0,1210599270.0,753155658.0
1556,2010-08-31,sh600988,*ST±¦Áú,12.08,12.15,11.91,12.1,12.15,-0.07,-0.5761,2.1332,1322302,15895641.0,1203624624.0,748816489.6
1557,2010-09-01,sh600988,*ST±¦Áú,11.75,12.1,11.59,12.1,12.08,-0.33,-2.7318,2.7397,1698294,20138748.0,1170744150.0,728360410.0
1558,2010-09-02,sh600988,*ST±¦Áú,11.79,12.0,11.73,11.79,11.75,0.04,0.3404,1.8361,1138138,13500732.0,1174729662.0,730839934.8
1559,2010-09-03,sh600988,*ST±¦Áú,11.8,11.98,11.7,11.7,11.79,0.01,0.0848,1.6709,1035776,12258412.0,1175726040.0,731459816.0
1560,2010-09-06,sh600988,*ST±¦Áú,11.59,11.92,11.45,11.92,11.8,-0.21,-1.7797,2.9547,1831551,21195923.0,1154802102.0,718442310.8
1561,2010-09-07,sh600988,*ST±¦Áú,11.33,11.6,11.27,11.6,11.59,-0.26,-2.2433,2.5227,1563754,17796167.0,1128896274.0,702325399.6
1562,2010-09-08,sh600988,*ST±¦Áú,11.41,11.46,11.28,11.3,11.33,0.08,0.7061,2.0182,1251068,14206148.0,1136867298.0,707284449.2
1563,2010-09-09,sh600988,*ST±¦Áú,11.98,11.98,11.41,11.47,11.41,0.57,4.9956,5.4713,3391548,39883002.0,1193660844.0,742617677.6
1564,2010-09-10,sh600988,*ST±¦Áú,12.25,12.44,11.98,12.1,11.98,0.27,2.2538,5.0673,3141120,38287868.0,1220563050.0,759354470.0
1565,2010-09-13,sh600988,*ST±¦Áú,12.08,12.38,12.06,12.27,12.25,-0.17,-1.3878,4.7646,2953456,36041770.0,1203624624.0,748816489.6
1566,2010-09-14,sh600988,*ST±¦Áú,12.2,12.36,12.09,12.09,12.08,0.12,0.9934,4.1009,2542062,31164517.0,1215581160.0,756255064.0
1567,2010-09-15,sh600988,*ST±¦Áú,12.14,12.34,12.08,12.33,12.2,-0.06,-0.4918,3.0334,1880326,22897113.0,1209602892.0,752535776.8
1568,2010-09-16,sh600988,*ST±¦Áú,11.82,12.22,11.57,12.15,12.14,-0.32,-2.6359,2.287,1417691,16680791.0,1177718796.0,732699578.4
1569,2010-09-17,sh600988,*ST±¦Áú,12.2,12.41,11.65,11.85,11.82,0.38,3.2149,3.1624,1960325,23967481.0,1215581160.0,756255064.0
1570,2010-09-20,sh600988,*ST±¦Áú,11.66,12.34,11.62,12.2,12.2,-0.54,-4.4262,3.8855,2408555,28438502.0,1161776748.0,722781479.2
1571,2010-09-21,sh600988,*ST±¦Áú,11.88,12.05,11.71,11.79,11.66,0.22,1.8868,2.0879,1294245,15408747.0,1183697064.0,736418865.6
1572,2010-09-27,sh600988,*ST±¦Áú,11.85,11.99,11.72,11.8,11.88,-0.03,-0.2525,2.357,1461039,17293372.0,1180707930.0,734559222.0
1573,2010-09-28,sh600988,*ST±¦Áú,11.93,11.94,11.59,11.78,11.85,0.08,0.6751,2.1964,1361509,15924201.0,1188678954.0,739518271.6
1574,2010-09-29,sh600988,*ST±¦Áú,11.78,12.1,11.77,11.89,11.93,-0.15,-1.2573,1.5266,946320,11285635.0,1173733284.0,730220053.6
1575,2010-09-30,sh600988,*ST±¦Áú,11.84,11.9,11.65,11.8,11.78,0.06,0.5093,1.0549,653911,7709572.0,1179711552.0,733939340.8
1576,2010-10-08,sh600988,*ST±¦Áú,12.04,12.04,11.75,11.84,11.84,0.2,1.6892,3.6255,2247384,26792240.0,1199639112.0,746336964.8
1577,2010-10-11,sh600988,*ST±¦Áú,12.18,12.21,11.9,12.06,12.04,0.14,1.1628,3.7721,2338261,28293314.0,1213588404.0,755015301.6
1578,2010-10-12,sh600988,*ST±¦Áú,11.99,12.14,11.9,12.14,12.18,-0.19,-1.5599,2.7842,1725884,20697591.0,1194657222.0,743237558.8
1579,2010-10-13,sh600988,*ST±¦Áú,11.85,12.01,11.7,11.88,11.99,-0.14,-1.1676,2.1574,1337340,15815801.0,1180707930.0,734559222.0
1580,2010-10-14,sh600988,*ST±¦Áú,11.48,11.88,11.45,11.88,11.85,-0.37,-3.1224,2.0722,1284510,15025596.0,1143841944.0,711623617.6
1581,2010-10-15,sh600988,*ST±¦Áú,11.36,11.66,11.34,11.4,11.48,-0.12,-1.0453,1.8557,1150284,13165346.0,1131885408.0,704185043.2
1582,2010-10-18,sh600988,*ST±¦Áú,10.79,11.4,10.79,11.35,11.36,-0.57,-5.0176,2.1218,1315289,14263571.0,1075091862.0,668851814.8
1583,2010-10-19,sh600988,*ST±¦Áú,10.92,10.92,10.6,10.6,10.79,0.13,1.2048,1.3167,816187,8831786.0,1088044776.0,676910270.4
1584,2010-10-20,sh600988,*ST±¦Áú,10.96,10.99,10.68,10.85,10.92,0.04,0.3663,1.5841,981941,10646649.0,1092030288.0,679389795.2
1585,2010-10-21,sh600988,*ST±¦Áú,10.95,10.99,10.86,10.96,10.96,-0.01,-0.0912,1.1181,693104,7566101.0,1091033910.0,678769914.0
1586,2010-10-22,sh600988,*ST±¦Áú,11.24,11.28,10.82,10.9,10.95,0.29,2.6484,1.9279,1195090,13302211.0,1119928872.0,696746468.8
1587,2010-10-25,sh600988,*ST±¦Áú,11.65,11.75,11.03,11.27,11.24,0.41,3.6477,2.5262,1565922,18096473.0,1160780370.0,722161598.0
1588,2010-10-26,sh600988,*ST±¦Áú,11.41,11.62,11.25,11.61,11.65,-0.24,-2.0601,1.8158,1125571,12784386.0,1136867298.0,707284449.2
1589,2010-10-27,sh600988,*ST±¦Áú,11.16,11.43,11.11,11.43,11.41,-0.25,-2.1911,2.5665,1590929,17782485.0,1111957848.0,691787419.2
1590,2010-10-28,sh600988,*ST±¦Áú,11.23,11.29,11.09,11.23,11.16,0.07,0.6272,1.355,839927,9374226.0,1118932494.0,696126587.6
1591,2010-10-29,sh600988,*ST±¦Áú,11.39,11.48,11.2,11.23,11.23,0.16,1.4248,2.8181,1746889,19755631.0,1134874542.0,706044686.8
1592,2010-11-01,sh600988,*ST±¦Áú,11.35,11.38,11.12,11.35,11.39,-0.04,-0.3512,3.0735,1905230,21379836.0,1130889030.0,703565162.0
1593,2010-11-02,sh600988,*ST±¦Áú,11.14,11.38,11.0,11.24,11.35,-0.21,-1.8502,3.9633,2456804,27365893.0,1109965092.0,690547656.8
1594,2010-11-03,sh600988,*ST±¦Áú,11.05,11.2,11.02,11.11,11.14,-0.09,-0.8079,1.7245,1068956,11896622.0,1100997690.0,684968726.0
1595,2010-11-04,sh600988,*ST±¦Áú,11.26,11.3,11.0,11.03,11.05,0.21,1.9005,2.9245,1812812,20249202.0,1121921628.0,697986231.2
1596,2010-11-05,sh600988,*ST±¦Áú,11.33,11.38,11.14,11.29,11.26,0.07,0.6217,3.6152,2241019,25215802.0,1128896274.0,702325399.6
1597,2010-11-08,sh600988,*ST±¦Áú,11.8,11.85,11.28,11.34,11.33,0.47,4.1483,6.4273,3984151,46500799.0,1175726040.0,731459816.0
1598,2010-11-09,sh600988,*ST±¦Áú,12.13,12.28,11.74,11.96,11.8,0.33,2.7966,7.527,5325643,64281469.0,1208606514.0,858242381.0
1599,2010-11-10,sh600988,*ST±¦Áú,11.92,12.14,11.85,12.13,12.13,-0.21,-1.7312,4.3998,3112998,37231711.0,1187682576.0,843384104.0
1600,2010-11-11,sh600988,*ST±¦Áú,11.81,12.09,11.78,11.9,11.92,-0.11,-0.9228,2.7959,1978235,23653444.0,1176722418.0,835601197.0
1601,2010-11-12,sh600988,*ST±¦Áú,11.22,11.97,11.22,11.82,11.81,-0.59,-4.9958,2.7201,1924584,21925285.0,1117936116.0,793856514.0
1602,2010-11-15,sh600988,*ST±¦Áú,10.98,11.17,10.66,11.16,11.22,-0.24,-2.139,2.6245,1856963,20115285.0,1094023044.0,776875626.0
1603,2010-11-16,sh600988,*ST±¦Áú,10.66,11.08,10.58,10.98,10.98,-0.32,-2.9144,2.1153,1496677,16197565.0,1062138948.0,754234442.0
1604,2010-11-17,sh600988,*ST±¦Áú,10.27,10.6,10.25,10.57,10.66,-0.39,-3.6585,1.7594,1244852,12936849.0,1023280206.0,726640499.0
1605,2010-11-18,sh600988,*ST±¦Áú,10.38,10.45,10.25,10.3,10.27,0.11,1.0711,1.1535,816131,8450476.0,1034240364.0,734423406.0
1606,2010-11-19,sh600988,*ST±¦Áú,10.58,10.6,10.35,10.49,10.38,0.2,1.9268,1.2947,916054,9562691.0,1054167924.0,748574146.0
1607,2010-11-22,sh600988,*ST±¦Áú,10.71,10.81,10.45,10.45,10.58,0.13,1.2287,1.369,968610,10340654.0,1067120838.0,757772127.0
1608,2010-11-23,sh600988,*ST±¦Áú,10.52,10.75,10.31,10.71,10.71,-0.19,-1.774,1.0709,757702,7970223.0,1048189656.0,744328924.0
1609,2010-11-24,sh600988,*ST±¦Áú,10.74,10.79,10.5,10.5,10.52,0.22,2.0913,0.9418,666390,7115071.0,1070109972.0,759894738.0
1610,2010-11-25,sh600988,*ST±¦Áú,10.88,10.99,10.8,10.8,10.74,0.14,1.3035,1.1811,835651,9092054.0,1084059264.0,769800256.0
1611,2010-11-26,sh600988,*ST±¦Áú,10.72,10.89,10.63,10.88,10.88,-0.16,-1.4706,1.2295,869900,9323009.0,1068117216.0,758479664.0
1612,2010-11-29,sh600988,*ST±¦Áú,10.94,11.11,10.7,10.72,10.72,0.22,2.0522,1.5999,1131975,12316469.0,1090037532.0,774045478.0
1613,2010-11-30,sh600988,*ST±¦Áú,10.69,11.08,10.43,11.0,10.94,-0.25,-2.2852,1.2879,911241,9755051.0,1065128082.0,756357053.0
1614,2010-12-01,sh600988,*ST±¦Áú,10.6,10.77,10.48,10.77,10.69,-0.09,-0.8419,1.1935,844421,8922059.0,1056160680.0,749989220.0
1615,2010-12-02,sh600988,*ST±¦Áú,10.72,10.81,10.58,10.7,10.6,0.12,1.1321,1.628,1151885,12311960.0,1068117216.0,758479664.0
1616,2010-12-03,sh600988,*ST±¦Áú,10.68,10.72,10.59,10.67,10.72,-0.04,-0.3731,0.8544,604525,6426727.0,1064131704.0,755649516.0
1617,2010-12-06,sh600988,*ST±¦Áú,10.45,10.7,10.39,10.69,10.68,-0.23,-2.1536,1.2583,890301,9361047.0,1041215010.0,739376165.0
1618,2010-12-07,sh600988,*ST±¦Áú,10.58,10.61,10.13,10.36,10.45,0.13,1.244,1.1862,839250,8742824.0,1054167924.0,748574146.0
1619,2010-12-08,sh600988,*ST±¦Áú,10.8,10.97,10.4,10.4,10.58,0.22,2.0794,1.8591,1315409,14171417.0,1076088240.0,764139960.0
1620,2010-12-09,sh600988,*ST±¦Áú,10.72,10.97,10.61,10.81,10.8,-0.08,-0.7407,1.5974,1130242,12185385.0,1068117216.0,758479664.0
1621,2010-12-10,sh600988,*ST±¦Áú,10.65,10.75,10.4,10.4,10.72,-0.07,-0.653,0.5121,362323,3852236.0,1061142570.0,753526905.0
1622,2010-12-13,sh600988,*ST±¦Áú,10.8,10.84,10.6,10.79,10.65,0.15,1.4085,1.0472,740900,7943411.0,1076088240.0,764139960.0
1623,2010-12-14,sh600988,*ST±¦Áú,10.91,11.03,10.72,10.83,10.8,0.11,1.0185,1.5187,1074514,11685186.0,1087048398.0,771922867.0
1624,2010-12-15,sh600988,*ST±¦Áú,10.9,11.03,10.85,10.95,10.91,-0.01,-0.0917,1.2474,882550,9651850.0,1086052020.0,771215330.0
1625,2010-12-16,sh600988,*ST±¦Áú,11.07,11.34,10.88,10.9,10.9,0.17,1.5596,1.8562,1313325,14615993.0,1102990446.0,783243459.0
1626,2010-12-17,sh600988,*ST±¦Áú,11.0,11.1,10.88,11.02,11.07,-0.07,-0.6323,0.9848,696797,7643914.0,1096015800.0,778290700.0
1627,2010-12-20,sh600988,*ST±¦Áú,10.84,11.07,10.45,10.92,11.0,-0.16,-1.4545,1.4837,1049802,11330020.0,1080073752.0,766970108.0
1628,2010-12-21,sh600988,*ST±¦Áú,10.98,11.01,10.77,10.9,10.84,0.14,1.2915,0.8952,633361,6898965.0,1094023044.0,776875626.0
1629,2010-12-22,sh600988,*ST±¦Áú,10.77,11.05,10.71,10.89,10.98,-0.21,-1.9126,1.1869,839780,9135666.0,1073099106.0,762017349.0
1630,2010-12-23,sh600988,*ST±¦Áú,10.89,10.98,10.66,10.71,10.77,0.12,1.1142,1.0859,768293,8303427.0,1085055642.0,770507793.0
1631,2010-12-24,sh600988,*ST±¦Áú,10.82,10.92,10.69,10.8,10.89,-0.07,-0.6428,0.6464,457379,4945436.0,1078080996.0,765555034.0
1632,2010-12-27,sh600988,*ST±¦Áú,10.46,10.89,10.45,10.71,10.82,-0.36,-3.3272,0.9542,675133,7227268.0,1042211388.0,740083702.0
1633,2010-12-28,sh600988,*ST±¦Áú,9.98,10.5,9.95,10.47,10.46,-0.48,-4.5889,1.0998,778166,7875260.0,994385244.0,706121926.0
1634,2010-12-29,sh600988,*ST±¦Áú,10.24,10.32,9.99,10.1,9.98,0.26,2.6052,0.8046,569316,5753777.0,1020291072.0,724517888.0
1635,2010-12-30,sh600988,*ST±¦Áú,10.16,10.33,10.06,10.33,10.24,-0.08,-0.7813,0.6321,447260,4554519.0,1012320048.0,718857592.0
1636,2010-12-31,sh600988,*ST±¦Áú,10.67,10.67,10.2,10.24,10.16,0.51,5.0197,1.3411,948885,10086603.0,1063135326.0,754941979.0
1637,2011-01-04,sh600988,*ST±¦Áú,10.97,11.06,10.75,10.75,10.67,0.3,2.8116,1.851,1309655,14333246.0,1093026666.0,776168089.0
1638,2011-01-05,sh600988,*ST±¦Áú,10.92,11.0,10.76,10.91,10.97,-0.05,-0.4558,0.6604,467290,5108439.0,1088044776.0,772630404.0
1639,2011-01-06,sh600988,*ST±¦Áú,0.0,0.0,0.0,0.0,10.92,,,0.0,0,0.0,1088044776.0,772630404.0
1640,2011-01-07,sh600988,*ST±¦Áú,10.92,11.12,10.7,10.9,10.92,0.0,0.0,1.477,1045019,11446413.0,1088044776.0,772630404.0
1641,2011-01-10,sh600988,*ST±¦Áú,10.73,10.98,10.7,10.95,10.92,-0.19,-1.7399,0.8583,607299,6580142.0,1069113594.0,759187201.0
1642,2011-01-11,sh600988,*ST±¦Áú,10.59,10.83,10.51,10.83,10.73,-0.14,-1.3048,0.4561,322730,3421803.0,1055164302.0,749281683.0
1643,2011-01-12,sh600988,*ST±¦Áú,11.12,11.12,10.59,10.59,10.59,0.53,5.0047,2.8784,2036542,22526311.0,1107972336.0,786781144.0
1644,2011-01-13,sh600988,*ST±¦Áú,10.95,11.22,10.85,11.11,11.12,-0.17,-1.5288,1.5798,1117745,12329555.0,1091033910.0,774753015.0
1645,2011-01-14,sh600988,*ST±¦Áú,10.98,11.0,10.75,10.92,10.95,0.03,0.274,0.8693,615062,6688010.0,1094023044.0,776875626.0
1646,2011-01-17,sh600988,*ST±¦Áú,10.52,11.06,10.43,10.89,10.98,-0.46,-4.1894,1.235,873778,9393324.0,1048189656.0,744328924.0
1647,2011-01-18,sh600988,*ST±¦Áú,10.53,10.55,10.01,10.45,10.52,0.01,0.0951,0.4909,347300,3634764.0,1049186034.0,745036461.0
1648,2011-01-19,sh600988,*ST±¦Áú,10.7,10.83,10.41,10.52,10.53,0.17,1.6144,0.469,331840,3543502.0,1066124460.0,757064590.0
1649,2011-01-20,sh600988,*ST±¦Áú,10.36,10.79,10.27,10.71,10.7,-0.34,-3.1776,0.7058,499400,5244271.0,1032247608.0,733008332.0
1650,2011-01-21,sh600988,*ST±¦Áú,10.42,10.46,10.28,10.38,10.36,0.06,0.5792,0.6417,454050,4700385.0,1038225876.0,737253554.0
1651,2011-01-24,sh600988,*ST±¦Áú,10.2,10.45,10.11,10.39,10.42,-0.22,-2.1113,0.615,435100,4469634.0,1016305560.0,721687740.0
1652,2011-01-25,sh600988,*ST±¦Áú,9.73,10.13,9.69,10.13,10.2,-0.47,-4.6078,2.316,1638674,15934183.0,969475794.0,688433501.0
1653,2011-01-26,sh600988,*ST±¦Áú,10.22,10.22,9.64,9.73,9.73,0.49,5.036,0.8289,586475,5853066.0,1018298316.0,723102814.0
1654,2011-01-27,sh600988,*ST±¦Áú,10.16,10.42,10.01,10.21,10.22,-0.06,-0.5871,1.1739,830557,8411021.0,1012320048.0,718857592.0
1655,2011-01-28,sh600988,*ST±¦Áú,10.24,10.3,10.15,10.15,10.16,0.08,0.7874,0.4739,335326,3420910.0,1020291072.0,724517888.0
1656,2011-01-31,sh600988,*ST±¦Áú,10.58,10.68,10.33,10.62,10.24,0.34,3.3203,0.6276,444056,4655168.0,1054167924.0,748574146.0
1657,2011-02-01,sh600988,*ST±¦Áú,10.57,10.68,10.35,10.68,10.58,-0.01,-0.0945,0.4254,301000,3165121.0,1053171546.0,747866609.0
1658,2011-02-09,sh600988,*ST±¦Áú,10.52,10.59,10.37,10.5,10.57,-0.05,-0.473,0.5129,362910,3814582.0,1048189656.0,744328924.0
1659,2011-02-10,sh600988,*ST±¦Áú,10.56,10.6,10.4,10.6,10.52,0.04,0.3802,1.532,1083968,11374821.0,1052175168.0,747159072.0
1660,2011-02-11,sh600988,*ST±¦Áú,10.53,10.68,10.45,10.56,10.56,-0.03,-0.2841,1.4861,1051489,11081195.0,1049186034.0,745036461.0
1661,2011-02-14,sh600988,*ST±¦Áú,10.58,10.62,10.5,10.5,10.53,0.05,0.4748,1.4782,1045901,11056102.0,1054167924.0,748574146.0
1662,2011-02-15,sh600988,*ST±¦Áú,10.62,10.74,10.52,10.6,10.58,0.04,0.3781,1.6864,1193202,12682002.0,1058153436.0,751404294.0
1663,2011-02-16,sh600988,*ST±¦Áú,10.65,10.66,10.5,10.52,10.62,0.03,0.2825,1.3386,947129,10032483.0,1061142570.0,753526905.0
1664,2011-02-17,sh600988,*ST±¦Áú,10.76,10.95,10.57,10.61,10.65,0.11,1.0329,2.4638,1743252,18684721.0,1072102728.0,761309812.0
1665,2011-02-18,sh600988,*ST±¦Áú,10.71,10.79,10.63,10.73,10.76,-0.05,-0.4647,1.2748,901992,9653573.0,1067120838.0,757772127.0
1666,2011-02-21,sh600988,*ST±¦Áú,10.99,11.0,10.62,10.62,10.71,0.28,2.6144,1.7473,1236280,13372773.0,1095019422.0,777583163.0
1667,2011-02-22,sh600988,*ST±¦Áú,10.59,10.99,10.56,10.99,10.99,-0.4,-3.6397,1.6065,1136690,12174903.0,1055164302.0,749281683.0
1668,2011-02-23,sh600988,*ST±¦Áú,10.67,10.75,10.51,10.53,10.59,0.08,0.7554,0.9177,649328,6914315.0,1063135326.0,754941979.0
1669,2011-02-24,sh600988,*ST±¦Áú,10.73,10.87,10.53,10.63,10.67,0.06,0.5623,1.0122,716140,7676918.0,1069113594.0,759187201.0
1670,2011-02-25,sh600988,*ST±¦Áú,10.71,10.93,10.69,10.7,10.73,-0.02,-0.1864,1.4689,1039292,11215497.0,1067120838.0,757772127.0
1671,2011-02-28,sh600988,*ST±¦Áú,10.97,10.98,10.72,10.74,10.71,0.26,2.4276,1.5495,1096314,11897206.0,1093026666.0,776168089.0
1672,2011-03-01,sh600988,*ST±¦Áú,11.29,11.33,10.85,10.98,10.97,0.32,2.917,3.2816,2321860,25778208.0,1124910762.0,798809273.0
1673,2011-03-02,sh600988,*ST±¦Áú,11.28,11.3,11.01,11.28,11.29,-0.01,-0.0886,1.8521,1310409,14635405.0,1123914384.0,798101736.0
1674,2011-03-03,sh600988,*ST±¦Áú,11.19,11.4,10.75,11.27,11.28,-0.09,-0.7979,1.4997,1061063,11923117.0,1114946982.0,791733903.0
1675,2011-03-04,sh600988,*ST±¦Áú,11.21,11.24,11.02,11.22,11.19,0.02,0.1787,1.3645,965463,10763969.0,1116939738.0,793148977.0
1676,2011-03-07,sh600988,*ST±¦Áú,11.38,11.77,11.23,11.23,11.21,0.17,1.5165,2.1446,1517351,17562104.0,1133878164.0,805177106.0
1677,2011-03-08,sh600988,*ST±¦Áú,11.29,11.41,11.18,11.38,11.38,-0.09,-0.7909,1.5619,1105069,12473004.0,1124910762.0,798809273.0
1678,2011-03-09,sh600988,*ST±¦Áú,11.38,11.4,11.24,11.24,11.29,0.09,0.7972,1.3242,936927,10604230.0,1133878164.0,805177106.0
1679,2011-03-10,sh600988,*ST±¦Áú,11.76,11.95,11.58,11.68,11.38,0.38,3.3392,6.9146,4892334,58075015.0,1171740528.0,832063512.0
1680,2011-03-11,sh600988,*ST±¦Áú,11.3,11.51,11.3,11.5,11.76,-0.46,-3.9116,3.8643,2734167,31196260.0,1125907140.0,799516810.0
1681,2011-03-14,sh600988,*ST±¦Áú,11.33,11.39,11.11,11.24,11.3,0.03,0.2655,1.2864,910175,10244522.0,1128896274.0,801639421.0
1682,2011-03-15,sh600988,*ST±¦Áú,11.09,11.36,10.99,11.36,11.33,-0.24,-2.1183,2.3193,1640995,18245227.0,1104983202.0,784658533.0
1683,2011-03-16,sh600988,*ST±¦Áú,11.19,11.21,11.08,11.09,11.09,0.1,0.9017,1.4273,1009858,11251280.0,1114946982.0,791733903.0
1684,2011-03-17,sh600988,*ST±¦Áú,10.91,11.18,10.88,11.14,11.19,-0.28,-2.5022,1.4896,1053932,11651469.0,1087048398.0,771922867.0
1685,2011-03-18,sh600988,*ST±¦Áú,11.08,11.11,10.9,10.95,10.91,0.17,1.5582,1.7092,1209331,13285634.0,1103986824.0,783950996.0
1686,2011-03-21,sh600988,*ST±¦Áú,11.17,11.35,11.0,11.06,11.08,0.09,0.8123,1.8119,1282016,14289583.0,1112954226.0,790318829.0
1687,2011-03-22,sh600988,*ST±¦Áú,11.57,11.58,11.17,11.17,11.17,0.4,3.581,2.5497,1804037,20640277.0,1152809346.0,818620309.0
1688,2011-03-23,sh600988,*ST±¦Áú,11.6,11.65,11.47,11.63,11.57,0.03,0.2593,1.3683,968098,11191482.0,1155798480.0,820742920.0
1689,2011-03-24,sh600988,*ST±¦Áú,11.62,11.75,11.46,11.56,11.6,0.02,0.1724,1.5629,1105778,12873485.0,1157791236.0,822157994.0
1690,2011-03-25,sh600988,*ST±¦Áú,11.52,11.69,11.46,11.62,11.62,-0.1,-0.8606,1.7458,1235214,14261607.0,1147827456.0,815082624.0
1691,2011-03-28,sh600988,*ST±¦Áú,11.32,11.65,11.26,11.55,11.52,-0.2,-1.7361,2.1181,1498622,17135678.0,1127899896.0,800931884.0
1692,2011-03-29,sh600988,*ST±¦Áú,11.37,11.55,11.25,11.36,11.32,0.05,0.4417,0.9997,707292,8058579.0,1132881786.0,804469569.0
1693,2011-03-30,sh600988,*ST±¦Áú,11.28,11.45,11.25,11.37,11.37,-0.09,-0.7916,1.1561,817979,9245804.0,1123914384.0,798101736.0
1694,2011-03-31,sh600988,*ST±¦Áú,11.15,11.4,11.04,11.3,11.28,-0.13,-1.1525,1.2893,912199,10241238.0,1110961470.0,788903755.0
1695,2011-04-01,sh600988,*ST±¦Áú,11.29,11.3,11.08,11.08,11.15,0.14,1.2556,0.5407,382600,4310770.0,1124910762.0,798809273.0
1696,2011-04-06,sh600988,*ST±¦Áú,11.51,11.55,11.21,11.3,11.29,0.22,1.9486,1.1528,815657,9255172.0,1146831078.0,814375087.0
1697,2011-04-07,sh600988,*ST±¦Áú,11.52,11.64,11.39,11.49,11.51,0.01,0.0869,1.5098,1068236,12325969.0,1147827456.0,815082624.0
1698,2011-04-08,sh600988,*ST±¦Áú,11.49,11.6,11.43,11.6,11.52,-0.03,-0.2604,0.9535,674620,7747043.0,1144838322.0,812960013.0
1699,2011-04-11,sh600988,*ST±¦Áú,11.41,11.6,11.36,11.5,11.49,-0.08,-0.6963,1.5794,1117494,12814240.0,1136867298.0,807299717.0
1700,2011-04-12,sh600988,*ST±¦Áú,11.4,11.48,11.28,11.38,11.41,-0.01,-0.0876,1.0789,763384,8689369.0,1135870920.0,806592180.0
1701,2011-04-13,sh600988,*ST±¦Áú,11.5,11.53,11.3,11.49,11.4,0.1,0.8772,1.5851,1121537,12822306.0,1145834700.0,813667550.0
1702,2011-04-14,sh600988,*ST±¦Áú,11.82,12.0,11.48,11.49,11.5,0.32,2.7826,4.661,3297811,38967312.0,1177718796.0,836308734.0
1703,2011-04-15,sh600988,*ST±¦Áú,11.76,11.98,11.58,11.75,11.82,-0.06,-0.5076,2.0172,1427270,16755127.0,1171740528.0,832063512.0
1704,2011-04-18,sh600988,*ST±¦Áú,12.0,12.18,11.66,11.75,11.76,0.24,2.0408,3.4603,2448258,29284571.0,1195653600.0,849044400.0
1705,2011-04-19,sh600988,*ST±¦Áú,11.9,11.98,11.78,11.98,12.0,-0.1,-0.8333,2.0101,1422250,16885727.0,1185689820.0,841969030.0
1706,2011-04-20,sh600988,*ST±¦Áú,0.0,0.0,0.0,0.0,11.9,,,0.0,0,0.0,1185689820.0,841969030.0
1707,2011-04-21,sh600988,*ST±¦Áú,11.65,12.08,11.57,12.08,11.9,-0.25,-2.1008,2.2946,1623486,18980562.0,1160780370.0,824280605.0
1708,2011-04-22,sh600988,*ST±¦Áú,11.78,11.89,11.6,11.7,11.65,0.13,1.1159,1.5876,1123312,13157415.0,1173733284.0,833478586.0
1709,2011-04-25,sh600988,*ST±¦Áú,11.6,11.85,11.5,11.8,11.78,-0.18,-1.528,1.3605,962585,11218445.0,1155798480.0,820742920.0
1710,2011-04-26,sh600988,*ST±¦Áú,11.03,11.6,11.02,11.5,11.6,-0.57,-4.9138,1.5706,1111258,12478791.0,1099004934.0,780413311.0
1711,2011-04-27,sh600988,*ST±¦Áú,10.98,11.24,10.9,11.02,11.03,-0.05,-0.4533,1.0781,762771,8458329.0,1094023044.0,776875626.0
1712,2011-04-28,sh600988,*ST±¦Áú,10.87,11.21,10.83,11.1,10.98,-0.11,-1.0018,0.6669,471890,5178732.0,1083062886.0,769092719.0
1713,2011-04-29,sh600988,*ST±¦Áú,10.93,11.0,10.61,10.87,10.87,0.06,0.552,0.5109,361450,3928941.0,1089041154.0,773337941.0
1714,2011-05-03,sh600988,*ST±¦Áú,11.14,11.22,10.84,10.84,10.93,0.21,1.9213,0.6977,493664,5479060.0,1109965092.0,788196218.0
1715,2011-05-04,sh600988,*ST±¦Áú,10.91,11.29,10.8,11.29,11.14,-0.23,-2.0646,0.8903,629889,6884832.0,1087048398.0,771922867.0
1716,2011-05-05,sh600988,*ST±¦Áú,11.21,11.39,10.81,10.95,10.91,0.3,2.7498,0.8222,581756,6467659.0,1116939738.0,793148977.0
1717,2011-05-06,sh600988,*ST±¦Áú,11.19,11.3,10.98,11.08,11.21,-0.02,-0.1784,0.5183,366713,4089820.0,1114946982.0,791733903.0
1718,2011-05-09,sh600988,*ST±¦Áú,11.12,11.27,11.09,11.1,11.19,-0.07,-0.6256,0.6487,458951,5115935.0,1107972336.0,786781144.0
1719,2011-05-10,sh600988,*ST±¦Áú,11.11,11.19,11.03,11.12,11.12,-0.01,-0.0899,0.5425,383816,4272772.0,1106975958.0,786073607.0
1720,2011-05-11,sh600988,*ST±¦Áú,11.08,11.18,11.05,11.12,11.11,-0.03,-0.27,0.6549,463400,5149146.0,1103986824.0,783950996.0
1721,2011-05-12,sh600988,*ST±¦Áú,10.83,11.09,10.81,11.09,11.08,-0.25,-2.2563,0.9248,654320,7181688.0,1079077374.0,766262571.0
1722,2011-05-13,sh600988,*ST±¦Áú,10.89,10.9,10.7,10.78,10.83,0.06,0.554,0.6536,462420,5005908.0,1085055642.0,770507793.0
1723,2011-05-16,sh600988,*ST±¦Áú,10.8,10.94,10.8,10.94,10.89,-0.09,-0.8264,0.6481,458550,4978004.0,1076088240.0,764139960.0
1724,2011-05-17,sh600988,*ST±¦Áú,10.83,10.92,10.75,10.87,10.8,0.03,0.2778,0.7056,499230,5412730.0,1079077374.0,766262571.0
1725,2011-05-18,sh600988,*ST±¦Áú,10.83,10.88,10.75,10.78,10.83,0.0,0.0,0.5437,384700,4162186.0,1079077374.0,766262571.0
1726,2011-05-19,sh600988,*ST±¦Áú,10.78,10.94,10.7,10.83,10.83,-0.05,-0.4617,0.5004,354030,3825710.0,1074095484.0,762724886.0
1727,2011-05-20,sh600988,*ST±¦Áú,10.58,10.77,10.41,10.72,10.78,-0.2,-1.8553,1.0707,757562,7978161.0,1054167924.0,748574146.0
1728,2011-05-23,sh600988,*ST±¦Áú,10.1,10.68,10.06,10.55,10.58,-0.48,-4.5369,1.0767,761829,7798827.0,1006341780.0,714612370.0
1729,2011-05-24,sh600988,*ST±¦Áú,10.28,10.3,9.81,9.85,10.1,0.18,1.7822,0.4864,344167,3484983.0,1024276584.0,727348036.0
1730,2011-05-25,sh600988,*ST±¦Áú,0.0,0.0,0.0,0.0,10.28,,,0.0,0,0.0,1024276584.0,727348036.0
1731,2011-05-26,sh600988,*ST±¦Áú,10.27,10.36,10.2,10.24,10.28,-0.01,-0.0973,0.2226,157470,1619719.0,1023280206.0,726640499.0
1732,2011-05-27,sh600988,*ST±¦Áú,9.93,10.29,9.9,10.11,10.27,-0.34,-3.3106,0.4407,311838,3140721.0,989403354.0,702584241.0
1733,2011-05-30,sh600988,*ST±¦Áú,9.83,9.95,9.46,9.66,9.93,-0.1,-1.007,0.2025,143303,1409480.0,979439574.0,695508871.0
1734,2011-05-31,sh600988,*ST±¦Áú,9.96,10.0,9.74,9.75,9.83,0.13,1.3225,0.2687,190098,1881042.0,992392488.0,704706852.0
1735,2011-06-01,sh600988,*ST±¦Áú,10.18,10.23,9.92,10.0,9.96,0.22,2.2088,0.1747,123582,1247059.0,1014312804.0,720272666.0
1736,2011-06-02,sh600988,*ST±¦Áú,9.92,10.1,9.67,10.1,10.18,-0.26,-2.554,0.3532,249887,2465232.0,988406976.0,701876704.0
1737,2011-06-03,sh600988,*ST±¦Áú,10.18,10.21,9.87,10.05,9.92,0.26,2.621,0.3636,257272,2586023.0,1014312804.0,720272666.0
1738,2011-06-07,sh600988,*ST±¦Áú,10.24,10.29,10.15,10.18,10.18,0.06,0.5894,0.1755,124200,1266675.0,1020291072.0,724517888.0
1739,2011-06-08,sh600988,*ST±¦Áú,10.22,10.28,10.12,10.28,10.24,-0.02,-0.1953,0.3223,228035,2331679.0,1018298316.0,723102814.0
1740,2011-06-09,sh600988,*ST±¦Áú,9.97,10.21,9.89,10.21,10.22,-0.25,-2.4462,0.5165,365409,3659919.0,993388866.0,705414389.0
1741,2011-06-10,sh600988,*ST±¦Áú,9.9,10.0,9.65,9.82,9.97,-0.07,-0.7021,0.3726,263600,2592965.0,986414220.0,700461630.0
1742,2011-06-13,sh600988,*ST±¦Áú,9.8,9.89,9.7,9.89,9.9,-0.1,-1.0101,0.4121,291598,2843263.0,976450440.0,693386260.0
1743,2011-06-14,sh600988,*ST±¦Áú,9.87,9.94,9.78,9.85,9.8,0.07,0.7143,0.2981,210902,2081057.0,983425086.0,698339019.0
1744,2011-06-15,sh600988,*ST±¦Áú,9.74,9.94,9.74,9.83,9.87,-0.13,-1.3171,0.2898,205052,2017398.0,970472172.0,689141038.0
1745,2011-06-16,sh600988,*ST±¦Áú,9.32,9.7,9.25,9.68,9.74,-0.42,-4.3121,0.4989,352987,3331947.0,928624296.0,659424484.0
1746,2011-06-17,sh600988,*ST±¦Áú,9.2,9.41,9.18,9.3,9.32,-0.12,-1.2876,0.32,226427,2100812.0,916667760.0,650934040.0
1747,2011-06-20,sh600988,*ST±¦Áú,9.12,9.25,9.01,9.21,9.2,-0.08,-0.8696,0.2937,207770,1896007.0,908696736.0,645273744.0
1748,2011-06-21,sh600988,*ST±¦Áú,9.14,9.2,9.09,9.17,9.12,0.02,0.2193,0.1887,133500,1219809.0,910689492.0,646688818.0
1749,2011-06-22,sh600988,*ST±¦Áú,9.16,9.22,9.1,9.15,9.14,0.02,0.2188,0.2479,175428,1607298.0,912682248.0,648103892.0
1750,2011-06-23,sh600988,*ST±¦Áú,9.27,9.33,9.11,9.18,9.16,0.11,1.2009,0.2667,188701,1742420.0,923642406.0,655886799.0
1751,2011-06-24,sh600988,*ST±¦Áú,9.51,9.55,9.23,9.3,9.27,0.24,2.589,0.3927,277872,2610417.0,947555478.0,672867687.0
1752,2011-06-27,sh600988,*ST±¦Áú,9.6,9.75,9.49,9.49,9.51,0.09,0.9464,0.3994,282607,2715598.0,956522880.0,679235520.0
1753,2011-06-28,sh600988,*ST±¦Áú,9.55,9.6,9.35,9.38,9.6,-0.05,-0.5208,0.2883,203982,1939370.0,951540990.0,675697835.0
1754,2011-06-29,sh600988,*ST±¦Áú,9.43,9.55,9.4,9.55,9.55,-0.12,-1.2565,0.3646,257935,2439171.0,939584454.0,667207391.0
1755,2011-06-30,sh600988,*ST±¦Áú,9.46,9.67,9.42,9.46,9.43,0.03,0.3181,0.4341,307162,2915133.0,942573588.0,669330002.0
1756,2011-07-01,sh600988,*ST±¦Áú,9.51,9.6,9.43,9.46,9.46,0.05,0.5285,0.5006,354162,3367871.0,947555478.0,672867687.0
1757,2011-07-04,sh600988,*ST±¦Áú,9.79,9.8,9.53,9.65,9.51,0.28,2.9443,1.107,783240,7603185.0,975454062.0,692678723.0
1758,2011-07-05,sh600988,*ST±¦Áú,9.79,9.83,9.7,9.79,9.79,0.0,0.0,0.4073,288187,2812817.0,975454062.0,692678723.0
1759,2011-07-06,sh600988,*ST±¦Áú,9.76,9.84,9.67,9.84,9.79,-0.03,-0.3064,0.3345,236670,2299822.0,972464928.0,690556112.0
1760,2011-07-07,sh600988,*ST±¦Áú,9.72,9.83,9.7,9.8,9.76,-0.04,-0.4098,0.6786,480154,4682524.0,968479416.0,687725964.0
1761,2011-07-08,sh600988,*ST±¦Áú,9.78,9.87,9.69,9.72,9.72,0.06,0.6173,0.4563,322846,3151725.0,974457684.0,691971186.0
1762,2011-07-11,sh600988,*ST±¦Áú,9.93,9.94,9.71,9.71,9.78,0.15,1.5337,0.5604,396521,3894776.0,989403354.0,702584241.0
1763,2011-07-12,sh600988,*ST±¦Áú,9.61,9.91,9.57,9.83,9.93,-0.32,-3.2226,0.6626,468800,4563357.0,957519258.0,679943057.0
1764,2011-07-13,sh600988,*ST±¦Áú,9.82,9.86,9.5,9.5,9.61,0.21,2.1852,0.6531,462076,4479201.0,978443196.0,694801334.0
1765,2011-07-14,sh600988,*ST±¦Áú,9.79,9.87,9.73,9.82,9.82,-0.03,-0.3055,0.9331,660184,6470691.0,975454062.0,692678723.0
1766,2011-07-15,sh600988,*ST±¦Áú,9.96,10.15,9.79,9.79,9.79,0.17,1.7365,1.3885,982392,9761930.0,992392488.0,704706852.0
1767,2011-07-18,sh600988,*ST±¦Áú,9.9,10.06,9.85,9.98,9.96,-0.06,-0.6024,0.8339,590021,5845159.0,986414220.0,700461630.0
1768,2011-07-19,sh600988,*ST±¦Áú,10.4,10.4,9.81,9.86,9.9,0.5,5.0505,3.9436,2790270,28870752.0,1036233120.0,735838480.0
1769,2011-07-20,sh600988,*ST±¦Áú,10.33,10.46,10.22,10.38,10.4,-0.07,-0.6731,1.5851,1121494,11623344.0,1029258474.0,730885721.0
1770,2011-07-21,sh600988,*ST±¦Áú,10.34,10.46,10.16,10.3,10.33,0.01,0.0968,0.949,671429,6939394.0,1030254852.0,731593258.0
1771,2011-07-22,sh600988,*ST±¦Áú,10.43,10.45,10.27,10.39,10.34,0.09,0.8704,0.6518,461201,4788005.0,1039222254.0,737961091.0
1772,2011-07-25,sh600988,*ST±¦Áú,9.99,10.45,9.91,10.45,10.43,-0.44,-4.2186,1.4781,1045842,10501083.0,995381622.0,706829463.0
1773,2011-07-26,sh600988,*ST±¦Áú,10.01,10.09,9.76,10.01,9.99,0.02,0.2002,0.3791,268260,2672826.0,997374378.0,708244537.0
1774,2011-07-27,sh600988,*ST±¦Áú,10.2,10.22,10.0,10.0,10.01,0.19,1.8981,0.4272,302241,3062160.0,1016305560.0,721687740.0
1775,2011-07-28,sh600988,*ST±¦Áú,10.31,10.47,10.11,10.18,10.2,0.11,1.0784,0.6718,475340,4907149.0,1027265718.0,729470647.0
1776,2011-07-29,sh600988,*ST±¦Áú,10.21,10.4,10.05,10.4,10.31,-0.1,-0.9699,0.4413,312211,3181863.0,1017301938.0,722395277.0
1777,2011-08-01,sh600988,*ST±¦Áú,10.12,10.3,10.1,10.1,10.21,-0.09,-0.8815,0.3598,254600,2590966.0,1008334536.0,716027444.0
1778,2011-08-02,sh600988,*ST±¦Áú,9.9,10.13,9.78,10.13,10.12,-0.22,-2.1739,0.5719,404669,4004924.0,986414220.0,700461630.0
1779,2011-08-03,sh600988,*ST±¦Áú,9.82,9.91,9.7,9.77,9.9,-0.08,-0.8081,0.5938,420138,4128047.0,978443196.0,694801334.0
1780,2011-08-04,sh600988,*ST±¦Áú,9.95,9.98,9.81,9.81,9.82,0.13,1.3238,0.3531,249800,2481303.0,991396110.0,703999315.0
1781,2011-08-05,sh600988,*ST±¦Áú,9.72,9.87,9.6,9.78,9.95,-0.23,-2.3116,0.4255,301089,2940718.0,968479416.0,687725964.0
1782,2011-08-08,sh600988,*ST±¦Áú,9.23,9.7,9.23,9.7,9.72,-0.49,-5.0412,1.7021,1204306,11161905.0,919656894.0,653056651.0
1783,2011-08-09,sh600988,*ST±¦Áú,9.02,9.07,8.77,8.77,9.23,-0.21,-2.2752,1.1153,789093,6992044.0,898732956.0,638198374.0
1784,2011-08-10,sh600988,*ST±¦Áú,9.22,9.43,9.12,9.17,9.02,0.2,2.2173,0.5962,421820,3901867.0,918660516.0,652349114.0
1785,2011-08-11,sh600988,*ST±¦Áú,9.22,9.23,8.78,8.8,9.22,0.0,0.0,0.4926,348553,3158691.0,918660516.0,652349114.0
1786,2011-08-12,sh600988,*ST±¦Áú,9.4,9.51,9.26,9.31,9.22,0.18,1.9523,0.3818,270162,2531458.0,936595320.0,665084780.0
1787,2011-08-15,sh600988,*ST±¦Áú,9.51,9.53,9.38,9.38,9.4,0.11,1.1702,0.2995,211942,1998714.0,947555478.0,672867687.0
1788,2011-08-16,sh600988,*ST±¦Áú,9.48,9.59,9.42,9.59,9.51,-0.03,-0.3155,0.199,140799,1336295.0,944566344.0,670745076.0
1789,2011-08-17,sh600988,*ST±¦Áú,9.46,9.51,9.42,9.5,9.48,-0.02,-0.211,0.3128,221330,2096600.0,942573588.0,669330002.0
1790,2011-08-18,sh600988,*ST±¦Áú,0.0,0.0,0.0,0.0,9.46,,,0.0,0,0.0,942573588.0,669330002.0
1791,2011-08-19,sh600988,*ST±¦Áú,9.25,9.35,8.99,9.0,9.46,-0.21,-2.2199,0.3968,280721,2573378.0,921649650.0,654471725.0
1792,2011-08-22,sh600988,*ST±¦Áú,9.29,9.42,9.13,9.42,9.25,0.04,0.4324,0.1763,124720,1155257.0,925635162.0,657301873.0
1793,2011-08-23,sh600988,*ST±¦Áú,9.54,9.74,9.4,9.4,9.29,0.25,2.6911,0.3308,234086,2243836.0,950544612.0,674990298.0
1794,2011-08-24,sh600988,*ST±¦Áú,9.51,9.58,9.4,9.5,9.54,-0.03,-0.3145,0.3265,231042,2190740.0,947555478.0,672867687.0
1795,2011-08-25,sh600988,*ST±¦Áú,9.55,9.65,9.12,9.43,9.51,0.04,0.4206,0.5192,367339,3502307.0,951540990.0,675697835.0
1796,2011-08-26,sh600988,*ST±¦Áú,9.65,9.81,9.55,9.55,9.55,0.1,1.0471,0.4089,289291,2803059.0,961504770.0,682773205.0
1797,2011-08-29,sh600988,*ST±¦Áú,9.71,9.73,9.5,9.65,9.65,0.06,0.6218,0.3358,237604,2286815.0,967483038.0,687018427.0
1798,2011-08-30,sh600988,*ST±¦Áú,9.54,9.83,9.51,9.83,9.71,-0.17,-1.7508,0.327,231372,2229542.0,950544612.0,674990298.0
1799,2011-08-31,sh600988,*ST±¦Áú,9.85,9.9,9.47,9.5,9.54,0.31,3.2495,0.684,483936,4716498.0,981432330.0,696923945.0
1800,2011-09-01,sh600988,*ST±¦Áú,9.87,9.99,9.71,9.76,9.85,0.02,0.203,0.8751,619190,6134996.0,983425086.0,698339019.0
1801,2011-09-02,sh600988,*ST±¦Áú,0.0,0.0,0.0,0.0,9.87,,,0.0,0,0.0,983425086.0,698339019.0
1802,2011-09-05,sh600988,*ST±¦Áú,0.0,0.0,0.0,0.0,9.87,,,0.0,0,0.0,983425086.0,698339019.0
1803,2011-09-06,sh600988,ST±¦Áú,0.0,0.0,0.0,0.0,9.87,,,0.0,0,0.0,983425086.0,698339019.0
1804,2011-09-07,sh600988,ST±¦Áú,0.0,0.0,0.0,0.0,9.87,,,0.0,0,0.0,983425086.0,698339019.0
1805,2011-09-08,sh600988,ST±¦Áú,0.0,0.0,0.0,0.0,9.87,,,0.0,0,0.0,983425086.0,698339019.0
1806,2011-09-09,sh600988,ST±¦Áú,0.0,0.0,0.0,0.0,9.87,,,0.0,0,0.0,983425086.0,698339019.0
1807,2011-09-13,sh600988,ST±¦Áú,0.0,0.0,0.0,0.0,9.87,,,0.0,0,0.0,983425086.0,698339019.0
1808,2011-09-14,sh600988,ST±¦Áú,0.0,0.0,0.0,0.0,9.87,,,0.0,0,0.0,983425086.0,698339019.0
1809,2011-09-15,sh600988,ST±¦Áú,0.0,0.0,0.0,0.0,9.87,,,0.0,0,0.0,983425086.0,698339019.0
1810,2011-09-16,sh600988,ST±¦Áú,0.0,0.0,0.0,0.0,9.87,,,0.0,0,0.0,983425086.0,698339019.0
1811,2011-09-19,sh600988,ST±¦Áú,0.0,0.0,0.0,0.0,9.87,,,0.0,0,0.0,983425086.0,698339019.0
1812,2011-09-20,sh600988,ST±¦Áú,0.0,0.0,0.0,0.0,9.87,,,0.0,0,0.0,983425086.0,698339019.0
1813,2011-09-21,sh600988,ST±¦Áú,0.0,0.0,0.0,0.0,9.87,,,0.0,0,0.0,983425086.0,698339019.0
1814,2011-09-22,sh600988,ST±¦Áú,0.0,0.0,0.0,0.0,9.87,,,0.0,0,0.0,983425086.0,698339019.0
1815,2011-09-23,sh600988,ST±¦Áú,0.0,0.0,0.0,0.0,9.87,,,0.0,0,0.0,983425086.0,698339019.0
1816,2011-09-26,sh600988,ST±¦Áú,0.0,0.0,0.0,0.0,9.87,,,0.0,0,0.0,983425086.0,698339019.0
1817,2011-09-27,sh600988,ST±¦Áú,9.54,9.87,9.38,9.41,9.87,-0.33,-3.3435,3.4758,2459228,23173710.0,950544612.0,674990298.0
1818,2011-09-28,sh600988,ST±¦Áú,9.15,9.54,9.09,9.45,9.54,-0.39,-4.0881,1.6437,1162948,10805587.0,911685870.0,647396355.0
1819,2011-09-29,sh600988,ST±¦Áú,9.15,9.45,9.0,9.0,9.15,0.0,0.0,1.2606,891950,8281307.0,911685870.0,647396355.0
1820,2011-09-30,sh600988,ST±¦Áú,9.16,9.38,8.88,9.3,9.15,0.01,0.1093,0.7087,501463,4536371.0,912682248.0,648103892.0
1821,2011-10-10,sh600988,ST±¦Áú,9.16,9.29,9.12,9.29,9.16,0.0,0.0,0.3467,245331,2252686.0,912682248.0,648103892.0
1822,2011-10-11,sh600988,ST±¦Áú,9.3,9.35,9.13,9.29,9.16,0.14,1.5284,0.5469,386987,3578884.0,926631540.0,658009410.0
1823,2011-10-12,sh600988,ST±¦Áú,9.51,9.58,9.2,9.2,9.3,0.21,2.2581,1.1649,824208,7716397.0,947555478.0,672867687.0
1824,2011-10-13,sh600988,ST±¦Áú,9.56,9.6,9.4,9.41,9.51,0.05,0.5258,0.8966,634389,6018969.0,952537368.0,676405372.0
1825,2011-10-14,sh600988,ST±¦Áú,9.65,9.69,9.42,9.48,9.56,0.09,0.9414,0.6547,463215,4415657.0,961504770.0,682773205.0
1826,2011-10-17,sh600988,ST±¦Áú,9.82,9.86,9.7,9.74,9.65,0.17,1.7617,0.6934,490587,4799082.0,978443196.0,694801334.0
1827,2011-10-18,sh600988,ST±¦Áú,9.9,10.31,9.7,9.73,9.82,0.08,0.8147,1.7422,1232665,12377832.0,986414220.0,700461630.0
1828,2011-10-19,sh600988,ST±¦Áú,9.91,9.99,9.77,9.9,9.9,0.01,0.101,1.3431,950287,9409384.0,987410598.0,701169167.0
1829,2011-10-20,sh600988,ST±¦Áú,9.41,10.17,9.41,9.84,9.91,-0.5,-5.0454,1.6092,1138556,11028994.0,937591698.0,665792317.0
1830,2011-10-21,sh600988,ST±¦Áú,9.09,9.54,8.94,9.41,9.41,-0.32,-3.4006,1.4346,1015017,9189075.0,905707602.0,643151133.0
1831,2011-10-24,sh600988,ST±¦Áú,9.18,9.26,8.9,9.0,9.09,0.09,0.9901,0.5702,403439,3670221.0,914675004.0,649518966.0
1832,2011-10-25,sh600988,ST±¦Áú,9.46,9.47,9.16,9.22,9.18,0.28,3.0501,0.7879,557494,5197329.0,942573588.0,669330002.0
1833,2011-10-26,sh600988,ST±¦Áú,9.52,9.66,9.33,9.35,9.46,0.06,0.6342,0.7337,519120,4924138.0,948551856.0,673575224.0
1834,2011-10-27,sh600988,ST±¦Áú,9.54,9.64,9.46,9.5,9.52,0.02,0.2101,0.4447,314612,3002986.0,950544612.0,674990298.0
1835,2011-10-28,sh600988,ST±¦Áú,9.75,9.88,9.5,9.54,9.54,0.21,2.2013,0.9887,699556,6795161.0,971468550.0,689848575.0
1836,2011-10-31,sh600988,ST±¦Áú,9.87,9.96,9.65,9.66,9.75,0.12,1.2308,1.1136,787927,7728102.0,983425086.0,698339019.0
1837,2011-11-01,sh600988,ST±¦Áú,9.72,9.89,9.7,9.8,9.87,-0.15,-1.5198,0.7504,530927,5191006.0,968479416.0,687725964.0
1838,2011-11-02,sh600988,ST±¦Áú,10.03,10.04,9.57,9.67,9.72,0.31,3.1893,1.276,902807,8933538.0,999367134.0,709659611.0
1839,2011-11-03,sh600988,ST±¦Áú,9.92,10.06,9.8,10.0,10.03,-0.11,-1.0967,1.9424,1374352,13599224.0,988406976.0,701876704.0
1840,2011-11-04,sh600988,ST±¦Áú,9.86,9.96,9.74,9.95,9.92,-0.06,-0.6048,1.0427,737779,7242419.0,982428708.0,697631482.0
1841,2011-11-07,sh600988,ST±¦Áú,9.87,9.95,9.75,9.8,9.86,0.01,0.1014,0.4676,330822,3263646.0,983425086.0,698339019.0
1842,2011-11-08,sh600988,ST±¦Áú,9.83,9.91,9.78,9.85,9.87,-0.04,-0.4053,0.5996,424206,4179075.0,979439574.0,695508871.0
1843,2011-11-09,sh600988,ST±¦Áú,9.87,9.91,9.74,9.81,9.83,0.04,0.4069,0.5532,391423,3845666.0,983425086.0,698339019.0
1844,2011-11-10,sh600988,ST±¦Áú,9.94,10.08,9.77,9.86,9.87,0.07,0.7092,1.1455,810478,8073253.0,990399732.0,703291778.0
1845,2011-11-11,sh600988,ST±¦Áú,10.12,10.16,9.85,10.0,9.94,0.18,1.8109,1.105,781797,7881939.0,1008334536.0,716027444.0
1846,2011-11-14,sh600988,ST±¦Áú,10.35,10.6,10.07,10.07,10.12,0.23,2.2727,1.8306,1295233,13440299.0,1031251230.0,732300795.0
1847,2011-11-15,sh600988,ST±¦Áú,10.25,10.39,10.15,10.34,10.35,-0.1,-0.9662,1.1262,796844,8184352.0,1021287450.0,725225425.0
1848,2011-11-16,sh600988,ST±¦Áú,9.98,10.35,9.92,10.25,10.25,-0.27,-2.6341,1.3386,947138,9514156.0,994385244.0,706121926.0
1849,2011-11-17,sh600988,ST±¦Áú,10.32,10.38,9.92,9.92,9.98,0.34,3.4068,1.3746,972587,9954747.0,1028262096.0,730178184.0
1850,2011-11-18,sh600988,ST±¦Áú,10.08,10.45,10.06,10.45,10.32,-0.24,-2.3256,1.0392,735292,7537963.0,1004349024.0,713197296.0
1851,2011-11-21,sh600988,ST±¦Áú,9.92,10.1,9.71,10.08,10.08,-0.16,-1.5873,0.6917,489372,4816349.0,988406976.0,701876704.0
1852,2011-11-22,sh600988,ST±¦Áú,9.88,9.93,9.76,9.8,9.92,-0.04,-0.4032,0.5116,361970,3561450.0,984421464.0,699046556.0
1853,2011-11-23,sh600988,ST±¦Áú,10.02,10.16,9.77,9.87,9.88,0.14,1.417,0.6926,490018,4902802.0,998370756.0,708952074.0
1854,2011-11-24,sh600988,ST±¦Áú,9.98,10.04,9.88,10.0,10.02,-0.04,-0.3992,0.5593,395743,3948911.0,994385244.0,706121926.0
1855,2011-11-25,sh600988,ST±¦Áú,10.03,10.15,9.88,9.88,9.98,0.05,0.501,0.4243,300175,3006468.0,999367134.0,709659611.0
1856,2011-11-28,sh600988,ST±¦Áú,10.28,10.29,10.03,10.1,10.03,0.25,2.4925,0.546,386286,3920782.0,1024276584.0,727348036.0
1857,2011-11-29,sh600988,ST±¦Áú,10.26,10.38,9.99,10.34,10.28,-0.02,-0.1946,0.7262,513831,5206530.0,1022283828.0,725932962.0
1858,2011-11-30,sh600988,ST±¦Áú,9.85,10.3,9.78,10.18,10.26,-0.41,-3.9961,1.2372,875349,8728107.0,981432330.0,696923945.0
1859,2011-12-01,sh600988,ST±¦Áú,10.13,10.17,9.96,10.12,9.85,0.28,2.8426,0.887,627588,6330827.0,1009330914.0,716734981.0
1860,2011-12-02,sh600988,ST±¦Áú,10.05,10.17,9.95,10.13,10.13,-0.08,-0.7897,0.8468,599120,6010735.0,1001359890.0,711074685.0
1861,2011-12-05,sh600988,ST±¦Áú,9.87,10.15,9.7,10.15,10.05,-0.18,-1.791,0.6605,467295,4604148.0,983425086.0,698339019.0
1862,2011-12-06,sh600988,ST±¦Áú,9.38,9.86,9.38,9.77,9.87,-0.49,-4.9645,1.3876,981800,9267590.0,934602564.0,663669706.0
1863,2011-12-07,sh600988,ST±¦Áú,9.29,9.38,8.92,8.92,9.38,-0.09,-0.9595,0.434,307066,2823821.0,925635162.0,657301873.0
1864,2011-12-08,sh600988,ST±¦Áú,9.18,9.3,9.05,9.24,9.29,-0.11,-1.1841,0.375,265311,2432344.0,914675004.0,649518966.0
1865,2011-12-09,sh600988,ST±¦Áú,9.34,9.34,9.09,9.18,9.18,0.16,1.7429,0.2735,193505,1782986.0,930617052.0,660839558.0
1866,2011-12-12,sh600988,ST±¦Áú,9.26,9.36,9.21,9.35,9.34,-0.08,-0.8565,0.4036,285572,2654294.0,922646028.0,655179262.0
1867,2011-12-13,sh600988,ST±¦Áú,9.11,9.29,9.0,9.25,9.26,-0.15,-1.6199,0.7678,543214,4931647.0,907700358.0,644566207.0
1868,2011-12-14,sh600988,ST±¦Áú,9.03,9.19,8.81,9.15,9.11,-0.08,-0.8782,0.2475,175143,1579896.0,899729334.0,638905911.0
1869,2011-12-15,sh600988,ST±¦Áú,8.58,9.0,8.58,9.0,9.03,-0.45,-4.9834,0.9672,684301,5887613.0,854892324.0,607066746.0
1870,2011-12-16,sh600988,ST±¦Áú,8.24,8.45,8.15,8.2,8.58,-0.34,-3.9627,1.2287,869379,7112027.0,821015472.0,583010488.0
1871,2011-12-19,sh600988,ST±¦Áú,7.87,8.17,7.83,8.16,8.24,-0.37,-4.4903,0.9314,658997,5171608.0,784149486.0,556831619.0
1872,2011-12-20,sh600988,ST±¦Áú,8.24,8.26,7.9,7.97,7.87,0.37,4.7014,0.552,390593,3154627.0,821015472.0,583010488.0
1873,2011-12-21,sh600988,ST±¦Áú,8.5,8.65,8.22,8.24,8.24,0.26,3.1553,1.0744,760166,6476383.0,846921300.0,601406450.0
1874,2011-12-22,sh600988,ST±¦Áú,8.51,8.6,8.11,8.5,8.5,0.01,0.1176,0.5232,370202,3119465.0,847917678.0,602113987.0
1875,2011-12-23,sh600988,ST±¦Áú,8.78,8.79,8.3,8.49,8.51,0.27,3.1727,0.5546,392371,3380502.0,874819884.0,621217486.0
1876,2011-12-26,sh600988,ST±¦Áú,9.01,9.15,8.58,8.68,8.78,0.23,2.6196,0.5595,395862,3532488.0,897736578.0,637490837.0
1877,2011-12-27,sh600988,ST±¦Áú,8.79,8.99,8.77,8.99,9.01,-0.22,-2.4417,0.2993,211751,1884694.0,875816262.0,621925023.0
1878,2011-12-28,sh600988,ST±¦Áú,8.45,8.71,8.35,8.56,8.79,-0.34,-3.868,0.3083,218099,1857022.0,841939410.0,597868765.0
1879,2011-12-29,sh600988,ST±¦Áú,8.4,8.73,8.31,8.45,8.45,-0.05,-0.5917,0.2976,210551,1795798.0,836957520.0,594331080.0
1880,2011-12-30,sh600988,ST±¦Áú,8.42,8.6,8.32,8.56,8.4,0.02,0.2381,0.6785,480035,4056026.0,838950276.0,595746154.0
1881,2012-01-04,sh600988,ST±¦Áú,8.44,8.63,8.39,8.54,8.42,0.02,0.2375,0.3964,280487,2369141.0,840943032.0,597161228.0
1882,2012-01-05,sh600988,ST±¦Áú,0.0,0.0,0.0,0.0,8.44,,,0.0,0,0.0,840943032.0,597161228.0
1883,2012-01-06,sh600988,ST±¦Áú,0.0,0.0,0.0,0.0,8.44,,,0.0,0,0.0,840943032.0,597161228.0
1884,2012-01-09,sh600988,ST±¦Áú,0.0,0.0,0.0,0.0,8.44,,,0.0,0,0.0,840943032.0,597161228.0
1885,2012-01-10,sh600988,ST±¦Áú,0.0,0.0,0.0,0.0,8.44,,,0.0,0,0.0,840943032.0,597161228.0
1886,2012-01-11,sh600988,ST±¦Áú,0.0,0.0,0.0,0.0,8.44,,,0.0,0,0.0,840943032.0,597161228.0
1887,2012-01-12,sh600988,ST±¦Áú,0.0,0.0,0.0,0.0,8.44,,,0.0,0,0.0,840943032.0,597161228.0
1888,2012-01-13,sh600988,ST±¦Áú,0.0,0.0,0.0,0.0,8.44,,,0.0,0,0.0,840943032.0,597161228.0
1889,2012-01-16,sh600988,ST±¦Áú,0.0,0.0,0.0,0.0,8.44,,,0.0,0,0.0,840943032.0,597161228.0
1890,2012-01-17,sh600988,ST±¦Áú,0.0,0.0,0.0,0.0,8.44,,,0.0,0,0.0,840943032.0,597161228.0
1891,2012-01-18,sh600988,ST±¦Áú,0.0,0.0,0.0,0.0,8.44,,,0.0,0,0.0,840943032.0,597161228.0
1892,2012-01-19,sh600988,ST±¦Áú,0.0,0.0,0.0,0.0,8.44,,,0.0,0,0.0,840943032.0,597161228.0
1893,2012-01-20,sh600988,ST±¦Áú,0.0,0.0,0.0,0.0,8.44,,,0.0,0,0.0,840943032.0,597161228.0
1894,2012-01-30,sh600988,ST±¦Áú,0.0,0.0,0.0,0.0,8.44,,,0.0,0,0.0,840943032.0,597161228.0
1895,2012-01-31,sh600988,ST±¦Áú,0.0,0.0,0.0,0.0,8.44,,,0.0,0,0.0,840943032.0,597161228.0
1896,2012-02-01,sh600988,ST±¦Áú,0.0,0.0,0.0,0.0,8.44,,,0.0,0,0.0,840943032.0,597161228.0
1897,2012-02-02,sh600988,ST±¦Áú,0.0,0.0,0.0,0.0,8.44,,,0.0,0,0.0,840943032.0,597161228.0
1898,2012-02-03,sh600988,ST±¦Áú,0.0,0.0,0.0,0.0,8.44,,,0.0,0,0.0,840943032.0,597161228.0
1899,2012-02-06,sh600988,ST±¦Áú,0.0,0.0,0.0,0.0,8.44,,,0.0,0,0.0,840943032.0,597161228.0
1900,2012-02-07,sh600988,ST±¦Áú,0.0,0.0,0.0,0.0,8.44,,,0.0,0,0.0,840943032.0,597161228.0
1901,2012-02-08,sh600988,ST±¦Áú,0.0,0.0,0.0,0.0,8.44,,,0.0,0,0.0,840943032.0,597161228.0
1902,2012-02-09,sh600988,ST±¦Áú,0.0,0.0,0.0,0.0,8.44,,,0.0,0,0.0,840943032.0,597161228.0
1903,2012-02-10,sh600988,ST±¦Áú,0.0,0.0,0.0,0.0,8.44,,,0.0,0,0.0,840943032.0,597161228.0
1904,2012-02-13,sh600988,ST±¦Áú,0.0,0.0,0.0,0.0,8.44,,,0.0,0,0.0,840943032.0,597161228.0
1905,2012-02-14,sh600988,ST±¦Áú,0.0,0.0,0.0,0.0,8.44,,,0.0,0,0.0,840943032.0,597161228.0
1906,2012-02-15,sh600988,ST±¦Áú,0.0,0.0,0.0,0.0,8.44,,,0.0,0,0.0,840943032.0,597161228.0
1907,2012-02-16,sh600988,ST±¦Áú,0.0,0.0,0.0,0.0,8.44,,,0.0,0,0.0,840943032.0,597161228.0
1908,2012-02-17,sh600988,ST±¦Áú,0.0,0.0,0.0,0.0,8.44,,,0.0,0,0.0,840943032.0,597161228.0
1909,2012-02-20,sh600988,ST±¦Áú,0.0,0.0,0.0,0.0,8.44,,,0.0,0,0.0,840943032.0,597161228.0
1910,2012-02-21,sh600988,ST±¦Áú,0.0,0.0,0.0,0.0,8.44,,,0.0,0,0.0,840943032.0,597161228.0
1911,2012-02-22,sh600988,ST±¦Áú,0.0,0.0,0.0,0.0,8.44,,,0.0,0,0.0,840943032.0,597161228.0
1912,2012-02-23,sh600988,ST±¦Áú,0.0,0.0,0.0,0.0,8.44,,,0.0,0,0.0,840943032.0,597161228.0
1913,2012-02-24,sh600988,ST±¦Áú,0.0,0.0,0.0,0.0,8.44,,,0.0,0,0.0,840943032.0,597161228.0
1914,2012-02-27,sh600988,ST±¦Áú,0.0,0.0,0.0,0.0,8.44,,,0.0,0,0.0,840943032.0,597161228.0
1915,2012-02-28,sh600988,ST±¦Áú,0.0,0.0,0.0,0.0,8.44,,,0.0,0,0.0,840943032.0,597161228.0
1916,2012-02-29,sh600988,ST±¦Áú,0.0,0.0,0.0,0.0,8.44,,,0.0,0,0.0,840943032.0,597161228.0
1917,2012-03-01,sh600988,ST±¦Áú,0.0,0.0,0.0,0.0,8.44,,,0.0,0,0.0,840943032.0,597161228.0
1918,2012-03-02,sh600988,ST±¦Áú,0.0,0.0,0.0,0.0,8.44,,,0.0,0,0.0,840943032.0,597161228.0
1919,2012-03-05,sh600988,ST±¦Áú,0.0,0.0,0.0,0.0,8.44,,,0.0,0,0.0,840943032.0,597161228.0
1920,2012-03-06,sh600988,ST±¦Áú,0.0,0.0,0.0,0.0,8.44,,,0.0,0,0.0,840943032.0,597161228.0
1921,2012-03-07,sh600988,ST±¦Áú,0.0,0.0,0.0,0.0,8.44,,,0.0,0,0.0,840943032.0,597161228.0
1922,2012-03-08,sh600988,ST±¦Áú,0.0,0.0,0.0,0.0,8.44,,,0.0,0,0.0,840943032.0,597161228.0
1923,2012-03-09,sh600988,ST±¦Áú,0.0,0.0,0.0,0.0,8.44,,,0.0,0,0.0,840943032.0,597161228.0
1924,2012-03-12,sh600988,ST±¦Áú,0.0,0.0,0.0,0.0,8.44,,,0.0,0,0.0,840943032.0,597161228.0
1925,2012-03-13,sh600988,ST±¦Áú,0.0,0.0,0.0,0.0,8.44,,,0.0,0,0.0,840943032.0,597161228.0
1926,2012-03-14,sh600988,ST±¦Áú,0.0,0.0,0.0,0.0,8.44,,,0.0,0,0.0,840943032.0,597161228.0
1927,2012-03-15,sh600988,ST±¦Áú,0.0,0.0,0.0,0.0,8.44,,,0.0,0,0.0,840943032.0,597161228.0
1928,2012-03-16,sh600988,ST±¦Áú,0.0,0.0,0.0,0.0,8.44,,,0.0,0,0.0,840943032.0,597161228.0
1929,2012-03-19,sh600988,ST±¦Áú,0.0,0.0,0.0,0.0,8.44,,,0.0,0,0.0,840943032.0,597161228.0
1930,2012-03-20,sh600988,ST±¦Áú,8.86,8.86,8.86,8.86,8.44,0.42,4.9763,0.001,700,6202.0,882790908.0,626877782.0
1931,2012-03-21,sh600988,ST±¦Áú,9.3,9.3,9.3,9.3,8.86,0.44,4.9661,0.0013,900,8370.0,926631540.0,658009410.0
1932,2012-03-22,sh600988,ST±¦Áú,9.77,9.77,9.77,9.77,9.3,0.47,5.0538,0.0832,58840,574867.0,973461306.0,691263649.0
1933,2012-03-23,sh600988,ST±¦Áú,10.26,10.26,10.26,10.26,9.77,0.49,5.0154,0.0129,9100,93366.0,1022283828.0,725932962.0
1934,2012-03-26,sh600988,ST±¦Áú,10.77,10.77,10.77,10.77,10.26,0.51,4.9708,0.0408,28897,311221.0,1073099106.0,762017349.0
1935,2012-03-27,sh600988,ST±¦Áú,11.31,11.31,11.31,11.31,10.77,0.54,5.0139,0.0311,22000,248820.0,1126903518.0,800224347.0
1936,2012-03-28,sh600988,ST±¦Áú,11.88,11.88,11.88,11.88,11.31,0.57,5.0398,0.185,130914,1555258.0,1183697064.0,840553956.0
1937,2012-03-29,sh600988,ST±¦Áú,12.47,12.47,12.47,12.47,11.88,0.59,4.9663,0.1021,72268,901182.0,1242483366.0,882298639.0
1938,2012-03-30,sh600988,ST±¦Áú,13.09,13.09,13.09,13.09,12.47,0.62,4.9719,0.9855,697261,9127146.0,1304258802.0,926165933.0
1939,2012-04-05,sh600988,ST±¦Áú,0.0,0.0,0.0,0.0,13.09,,,0.0,0,0.0,1304258802.0,926165933.0
1940,2012-04-06,sh600988,ST±¦Áú,0.0,0.0,0.0,0.0,13.09,,,0.0,0,0.0,1304258802.0,926165933.0
1941,2012-04-09,sh600988,ST±¦Áú,13.74,13.74,13.74,13.74,13.09,0.65,4.9656,1.8433,1304186,17919516.0,1369023372.0,972155838.0
1942,2012-04-10,sh600988,ST±¦Áú,14.43,14.43,14.43,14.43,13.74,0.69,5.0218,0.2963,209625,3024889.0,1437773454.0,1020975891.0
1943,2012-04-11,sh600988,ST±¦Áú,15.15,15.15,15.15,15.15,14.43,0.72,4.9896,0.3557,251692,3813134.0,1509512670.0,1071918555.0
1944,2012-04-12,sh600988,ST±¦Áú,15.91,15.91,15.91,15.91,15.15,0.76,5.0165,0.4917,347891,5534946.0,1585237398.0,1125691367.0
1945,2012-04-13,sh600988,ST±¦Áú,16.71,16.71,16.71,16.71,15.91,0.8,5.0283,28.8735,20429095,341370177.0,1664947638.0,1182294327.0
1946,2012-04-16,sh600988,ST±¦Áú,17.55,17.55,17.4,17.48,16.71,0.84,5.0269,8.7799,6212074,108881685.0,1748643390.0,1241727435.0
1947,2012-04-17,sh600988,ST±¦Áú,16.67,18.43,16.67,18.43,17.55,-0.88,-5.0142,7.3379,5191843,89652619.0,1660962126.0,1179464179.0
1948,2012-04-18,sh600988,ST±¦Áú,16.81,17.5,16.5,16.6,16.67,0.14,0.8398,18.8465,13334584,228301177.0,1674911418.0,1189369697.0
1949,2012-04-19,sh600988,ST±¦Áú,16.79,17.18,16.24,16.55,16.81,-0.02,-0.119,10.806,7645665,127573414.0,1672918662.0,1187954623.0
1950,2012-04-20,sh600988,ST±¦Áú,17.06,17.63,16.7,16.7,16.79,0.27,1.6081,13.5326,9574838,166252008.0,1699820868.0,1207058122.0
1951,2012-04-23,sh600988,ST±¦Áú,16.81,17.55,16.6,16.81,17.06,-0.25,-1.4654,9.1684,6486956,110326848.0,1674911418.0,1189369697.0
1952,2012-04-24,sh600988,ST±¦Áú,15.97,16.78,15.97,16.61,16.81,-0.84,-4.997,4.7286,3345638,53945427.0,1591215666.0,1129936589.0
1953,2012-04-25,sh600988,ST±¦Áú,15.28,15.57,15.17,15.28,15.97,-0.69,-4.3206,9.5618,6765311,103181846.0,1522465584.0,1081116536.0
1954,2012-04-26,sh600988,ST±¦Áú,15.17,15.65,14.9,15.18,15.28,-0.11,-0.7199,4.5629,3228387,49276924.0,1511505426.0,1073333629.0
1955,2012-04-27,sh600988,ST±¦Áú,15.2,15.78,14.97,14.97,15.17,0.03,0.1978,5.5043,3894465,60146261.0,1514494560.0,1075456240.0
1956,2012-05-02,sh600988,ST±¦Áú,14.44,14.61,14.44,14.44,15.2,-0.76,-5.0,9.0326,6390900,92285737.0,1438769832.0,1021683428.0
1957,2012-05-03,sh600988,ST±¦Áú,13.72,14.1,13.72,13.73,14.44,-0.72,-4.9861,7.0139,4962600,68255475.0,1367030616.0,970740764.0
1958,2012-05-04,sh600988,ST±¦Áú,14.2,14.34,13.41,13.41,13.72,0.48,3.4985,6.9991,4952121,69573061.0,1414856760.0,1004702540.0
1959,2012-05-07,sh600988,ST±¦Áú,14.39,14.69,14.0,14.25,14.2,0.19,1.338,5.2661,3725957,53671937.0,1433787942.0,1018145743.0
1960,2012-05-08,sh600988,ST±¦Áú,14.93,15.11,14.2,14.2,14.39,0.54,3.7526,5.8163,4115231,60937885.0,1487592354.0,1056352741.0
1961,2012-05-09,sh600988,ST±¦Áú,15.0,15.27,14.58,14.85,14.93,0.07,0.4689,3.4275,2425087,36285109.0,1494567000.0,1061305500.0
1962,2012-05-10,sh600988,ST±¦Áú,15.16,15.36,14.91,14.91,15.0,0.16,1.0667,2.7326,1933424,29337243.0,1510509048.0,1072626092.0
1963,2012-05-11,sh600988,ST±¦Áú,15.01,15.41,14.93,15.16,15.16,-0.15,-0.9894,2.2482,1590719,24147196.0,1495563378.0,1062013037.0
1964,2012-05-14,sh600988,ST±¦Áú,14.77,15.05,14.69,15.05,15.01,-0.24,-1.5989,2.5903,1832701,27260539.0,1471650306.0,1045032149.0
1965,2012-05-15,sh600988,ST±¦Áú,15.51,15.51,14.71,14.72,14.77,0.74,5.0102,3.0449,2154391,32924107.0,1545382278.0,1097389887.0
1966,2012-05-16,sh600988,ST±¦Áú,15.7,16.29,15.61,16.06,15.51,0.19,1.225,6.9474,4915511,79297218.0,1564313460.0,1110833090.0
1967,2012-05-17,sh600988,ST±¦Áú,15.75,16.07,15.51,15.56,15.7,0.05,0.3185,3.2816,2321860,36530976.0,1569295350.0,1114370775.0
1968,2012-05-18,sh600988,ST±¦Áú,16.18,16.5,15.65,15.65,15.75,0.43,2.7302,4.0463,2862885,46472422.0,1612139604.0,1144794866.0
1969,2012-05-21,sh600988,ST±¦Áú,16.18,16.28,15.98,16.14,16.18,0.0,0.0,2.3552,1666363,26850721.0,1612139604.0,1144794866.0
1970,2012-05-22,sh600988,ST±¦Áú,15.38,16.78,15.37,16.15,16.18,-0.8,-4.9444,5.5741,3943917,61703927.0,1532429364.0,1088191906.0
1971,2012-05-23,sh600988,ST±¦Áú,15.48,15.7,15.12,15.38,15.38,0.1,0.6502,2.0632,1459817,22513998.0,1542393144.0,1095267276.0
1972,2012-05-24,sh600988,ST±¦Áú,15.27,15.53,15.17,15.28,15.48,-0.21,-1.3566,1.4623,1034639,15833183.0,1521469206.0,1080408999.0
1973,2012-05-25,sh600988,ST±¦Áú,14.86,15.8,14.62,15.2,15.27,-0.41,-2.685,3.2465,2297035,35179991.0,1480617708.0,1051399982.0
1974,2012-05-28,sh600988,ST±¦Áú,14.6,14.86,14.4,14.72,14.86,-0.26,-1.7497,2.8392,2008870,29414945.0,1454711880.0,1033004020.0
1975,2012-05-29,sh600988,ST±¦Áú,14.65,14.78,14.6,14.6,14.6,0.05,0.3425,3.0796,2178909,32033528.0,1459693770.0,1036541705.0
1976,2012-05-30,sh600988,ST±¦Áú,14.93,14.95,14.57,14.74,14.65,0.28,1.9113,2.3402,1655788,24369369.0,1487592354.0,1056352741.0
1977,2012-05-31,sh600988,ST±¦Áú,15.16,15.39,14.92,14.93,14.93,0.23,1.5405,1.7997,1273353,19305901.0,1510509048.0,1072626092.0
1978,2012-06-01,sh600988,ST±¦Áú,15.14,15.56,14.99,15.14,15.16,-0.02,-0.1319,1.5047,1064634,16252428.0,1508516292.0,1071211018.0
1979,2012-06-04,sh600988,ST±¦Áú,14.85,15.4,14.82,15.21,15.14,-0.29,-1.9155,1.369,968610,14604349.0,1479621330.0,1050692445.0
1980,2012-06-05,sh600988,ST±¦Áú,14.86,14.96,14.32,14.88,14.85,0.01,0.0673,2.0789,1470922,21606743.0,1480617708.0,1051399982.0
1981,2012-06-06,sh600988,ST±¦Áú,15.33,15.6,14.79,14.86,14.86,0.47,3.1629,3.4475,2439200,37357978.0,1527447474.0,1084654221.0
1982,2012-06-07,sh600988,ST±¦Áú,15.16,15.6,15.12,15.51,15.33,-0.17,-1.1089,1.4351,1015421,15523423.0,1510509048.0,1072626092.0
1983,2012-06-08,sh600988,ST±¦Áú,15.03,15.18,14.8,15.18,15.16,-0.13,-0.8575,1.5869,1122790,16830817.0,1497556134.0,1063428111.0
1984,2012-06-11,sh600988,ST±¦Áú,15.17,15.2,15.0,15.03,15.03,0.14,0.9315,0.8434,596754,9021145.0,1511505426.0,1073333629.0
1985,2012-06-12,sh600988,ST±¦Áú,15.87,15.93,15.09,15.18,15.17,0.7,4.6144,3.2147,2274517,35863368.0,1581251886.0,1122861219.0
1986,2012-06-13,sh600988,ST±¦Áú,16.2,16.36,15.9,15.9,15.87,0.33,2.0794,2.7568,1950512,31551046.0,1614132360.0,1146209940.0
1987,2012-06-14,sh600988,ST±¦Áú,16.85,17.01,16.04,16.06,16.2,0.65,4.0123,5.5146,3901782,65589434.0,1678896930.0,1192199845.0
1988,2012-06-15,sh600988,ST±¦Áú,16.74,17.07,16.5,16.7,16.85,-0.11,-0.6528,3.7878,2679995,44880466.0,1667936772.0,1184416938.0
1989,2012-06-18,sh600988,ST±¦Áú,17.58,17.58,16.75,16.75,16.74,0.84,5.0179,2.8472,2014505,34867715.0,1751632524.0,1243850046.0
1990,2012-06-19,sh600988,ST±¦Áú,17.72,18.28,17.61,18.13,17.58,0.14,0.7964,4.8389,3423719,61458714.0,1765581816.0,1253755564.0
1991,2012-06-20,sh600988,ST±¦Áú,18.61,18.61,17.45,17.78,17.72,0.89,5.0226,4.5538,3221947,58928173.0,1854259458.0,1316726357.0
1992,2012-06-21,sh600988,ST±¦Áú,18.71,19.06,18.35,18.8,18.61,0.1,0.5373,4.4849,3173226,59196053.0,1864223238.0,1323801727.0
1993,2012-06-25,sh600988,ST±¦Áú,17.77,18.45,17.77,18.45,18.71,-0.94,-5.0241,0.7746,548054,9809646.0,1770563706.0,1257293249.0
1994,2012-06-26,sh600988,ST±¦Áú,16.88,17.17,16.88,16.88,17.77,-0.89,-5.0084,4.1564,2940834,49747114.0,1681886064.0,1194322456.0
1995,2012-06-27,sh600988,ST±¦Áú,17.72,17.72,16.88,16.88,16.88,0.84,4.9763,5.0949,3604864,63327121.0,1765581816.0,1253755564.0
1996,2012-06-28,sh600988,ST±¦Áú,17.48,17.98,17.45,17.73,17.72,-0.24,-1.3544,2.4791,1754074,31020011.0,1741668744.0,1236774676.0
1997,2012-06-29,sh600988,ST±¦Áú,17.1,17.65,16.61,16.61,17.48,-0.38,-2.1739,4.0449,2861915,47953608.0,1703806380.0,1209888270.0
1998,2012-07-02,sh600988,ST±¦Áú,17.96,17.96,17.01,17.16,17.1,0.86,5.0292,2.793,1976130,35110258.0,1789494888.0,1270736452.0
1999,2012-07-03,sh600988,ST±¦Áú,18.45,18.7,17.92,18.0,17.96,0.49,2.7283,2.9612,2095174,38333046.0,1838317410.0,1305405765.0
2000,2012-07-04,sh600988,ST±¦Áú,0.0,0.0,0.0,0.0,18.45,,,0.0,0,0.0,1838317410.0,1305405765.0
2001,2012-07-05,sh600988,ST±¦Áú,0.0,0.0,0.0,0.0,18.45,,,0.0,0,0.0,1838317410.0,1305405765.0
2002,2012-07-06,sh600988,ST±¦Áú,0.0,0.0,0.0,0.0,18.45,,,0.0,0,0.0,1838317410.0,1305405765.0
2003,2012-07-09,sh600988,ST±¦Áú,0.0,0.0,0.0,0.0,18.45,,,0.0,0,0.0,1838317410.0,1305405765.0
2004,2012-07-10,sh600988,ST±¦Áú,0.0,0.0,0.0,0.0,18.45,,,0.0,0,0.0,1838317410.0,1305405765.0
2005,2012-07-11,sh600988,ST±¦Áú,17.53,19.3,17.53,19.3,18.45,-0.92,-4.9864,8.8791,6282297,113640133.0,1746650634.0,1240312361.0
2006,2012-07-12,sh600988,ST±¦Áú,17.98,18.4,17.46,17.52,17.53,0.45,2.567,3.5072,2481446,44292005.0,1791487644.0,1272151526.0
2007,2012-07-13,sh600988,ST±¦Áú,18.88,18.88,17.81,17.99,17.98,0.9,5.0056,3.7315,2640161,48678700.0,1881161664.0,1335829856.0
2008,2012-07-16,sh600988,ST±¦Áú,19.6,19.82,19.12,19.35,18.88,0.72,3.8136,6.7208,4755214,93614879.0,1952900880.0,1386772520.0
2009,2012-07-17,sh600988,ST±¦Áú,20.58,20.58,19.3,19.3,19.6,0.98,5.0,6.7846,4800321,97138591.0,2050545924.0,1456111146.0
2010,2012-07-18,sh600988,ST±¦Áú,20.2,21.6,19.55,20.88,20.58,-0.38,-1.8465,6.2124,4395491,88909011.0,2012683560.0,1429224740.0
2011,2012-07-19,sh600988,ST±¦Áú,19.9,20.96,19.57,20.08,20.2,-0.3,-1.4851,6.4937,4594543,93076150.0,1982792220.0,1407998630.0
2012,2012-07-20,sh600988,ST±¦Áú,19.85,20.38,19.68,19.84,19.9,-0.05,-0.2513,2.4779,2468945,49419449.0,1977810330.0,1977810330.0
2013,2012-07-23,sh600988,ST±¦Áú,19.61,20.15,19.56,19.64,19.85,-0.24,-1.2091,1.7994,1792871,35529303.0,1953897258.0,1953897258.0
2014,2012-07-24,sh600988,ST±¦Áú,19.47,19.8,18.88,19.61,19.61,-0.14,-0.7139,2.8753,2864868,55419045.0,1939947966.0,1939947966.0
2015,2012-07-25,sh600988,ST±¦Áú,19.57,19.93,19.36,19.36,19.47,0.1,0.5136,1.6758,1669745,32887530.0,1949911746.0,1949911746.0
2016,2012-07-26,sh600988,ST±¦Áú,19.21,19.99,19.18,19.65,19.57,-0.36,-1.8396,1.694,1687903,33137713.0,1914042138.0,1914042138.0
2017,2012-07-27,sh600988,ST±¦Áú,18.83,19.48,18.5,19.16,19.21,-0.38,-1.9781,2.4985,2489491,46928764.0,1876179774.0,1876179774.0
2018,2012-07-30,sh600988,ST±¦Áú,17.89,17.89,17.89,17.89,18.83,-0.94,-4.992,0.3435,342300,6123747.0,1782520242.0,1782520242.0
2019,2012-07-31,sh600988,ST±¦Áú,17.41,17.65,17.0,17.0,17.89,-0.48,-2.6831,5.7244,5703656,97934296.0,1734694098.0,1734694098.0
2020,2012-08-01,sh600988,ST±¦Áú,17.58,17.88,17.23,17.44,17.41,0.17,0.9765,1.6808,1674722,29464545.0,1751632524.0,1751632524.0
2021,2012-08-02,sh600988,ST±¦Áú,17.42,17.75,17.23,17.63,17.58,-0.16,-0.9101,0.863,859906,15024420.0,1735690476.0,1735690476.0
2022,2012-08-03,sh600988,ST±¦Áú,18.06,18.14,17.29,17.29,17.42,0.64,3.6739,1.2533,1248806,22142967.0,1799458668.0,1799458668.0
2023,2012-08-06,sh600988,ST±¦Áú,18.27,18.34,17.81,17.97,18.06,0.21,1.1628,1.2573,1252720,22675166.0,1820382606.0,1820382606.0
2024,2012-08-07,sh600988,ST±¦Áú,18.67,19.05,18.2,18.2,18.27,0.4,2.1894,1.8468,1840066,34525095.0,1860237726.0,1860237726.0
2025,2012-08-08,sh600988,ST±¦Áú,18.65,19.18,18.51,18.65,18.67,-0.02,-0.1071,0.9377,934272,17583344.0,1858244970.0,1858244970.0
2026,2012-08-09,sh600988,ST±¦Áú,18.89,18.95,18.52,18.59,18.65,0.24,1.2869,1.0481,1044303,19564784.0,1882158042.0,1882158042.0
2027,2012-08-10,sh600988,ST±¦Áú,18.41,19.08,18.22,18.89,18.89,-0.48,-2.541,1.2227,1218259,22495742.0,1834331898.0,1834331898.0
2028,2012-08-13,sh600988,ST±¦Áú,18.26,18.46,18.01,18.31,18.41,-0.15,-0.8148,0.8445,841401,15345457.0,1819386228.0,1819386228.0
2029,2012-08-14,sh600988,ST±¦Áú,18.6,18.7,18.18,18.18,18.26,0.34,1.862,0.7111,708506,13062287.0,1853263080.0,1853263080.0
2030,2012-08-15,sh600988,ST±¦Áú,18.62,18.89,18.33,18.58,18.6,0.02,0.1075,0.837,833932,15544923.0,1855255836.0,1855255836.0
2031,2012-08-16,sh600988,ST±¦Áú,18.09,18.68,17.8,18.56,18.62,-0.53,-2.8464,1.3181,1313375,23863067.0,1802447802.0,1802447802.0
2032,2012-08-17,sh600988,ST±¦Áú,18.26,18.4,17.82,18.06,18.09,0.17,0.9397,0.8721,868909,15721950.0,1819386228.0,1819386228.0
2033,2012-08-20,sh600988,ST±¦Áú,18.4,18.41,18.02,18.02,18.26,0.14,0.7667,0.5704,568314,10366770.0,1833335520.0,1833335520.0
2034,2012-08-21,sh600988,ST±¦Áú,19.08,19.32,18.3,18.3,18.4,0.68,3.6957,2.0837,2076183,39766329.0,1901089224.0,1901089224.0
2035,2012-08-22,sh600988,ST±¦Áú,19.84,20.03,19.02,19.18,19.08,0.76,3.9832,2.4615,2452616,48256799.0,1976813952.0,1976813952.0
2036,2012-08-23,sh600988,ST±¦Áú,19.85,19.99,19.54,19.87,19.84,0.01,0.0504,1.3111,1306395,25837790.0,1977810330.0,1977810330.0
2037,2012-08-24,sh600988,ST±¦Áú,18.86,19.99,18.86,19.93,19.85,-0.99,-4.9874,1.9999,1992680,38255453.0,1879168908.0,1879168908.0
2038,2012-08-27,sh600988,ST±¦Áú,18.71,18.94,18.31,18.8,18.86,-0.15,-0.7953,1.0169,1013190,18889033.0,1864223238.0,1864223238.0
2039,2012-08-28,sh600988,ST±¦Áú,18.56,19.06,18.36,18.65,18.71,-0.15,-0.8017,0.937,933649,17445220.0,1849277568.0,1849277568.0
2040,2012-08-29,sh600988,ST±¦Áú,19.0,19.17,18.6,18.74,18.56,0.44,2.3707,1.0231,1019362,19342486.0,1893118200.0,1893118200.0
2041,2012-08-30,sh600988,ST±¦Áú,18.76,19.0,18.12,18.82,19.0,-0.24,-1.2632,1.051,1047232,19540373.0,1869205128.0,1869205128.0
2042,2012-08-31,sh600988,ST±¦Áú,18.8,18.88,18.41,18.7,18.76,0.04,0.2132,0.5678,565751,10599976.0,1873190640.0,1873190640.0
2043,2012-09-03,sh600988,ST±¦Áú,19.06,19.23,18.92,18.98,18.8,0.26,1.383,0.857,853852,16300016.0,1899096468.0,1899096468.0
2044,2012-09-04,sh600988,ST±¦Áú,19.39,19.8,18.96,19.18,19.06,0.33,1.7314,1.1522,1148000,22335805.0,1931976942.0,1931976942.0
2045,2012-09-05,sh600988,ST±¦Áú,19.23,19.66,19.2,19.38,19.39,-0.16,-0.8252,0.8727,869493,16860703.0,1916034894.0,1916034894.0
2046,2012-09-06,sh600988,ST±¦Áú,19.37,19.5,19.0,19.15,19.23,0.14,0.728,0.7373,734626,14105479.0,1929984186.0,1929984186.0
2047,2012-09-07,sh600988,ST±¦Áú,19.53,19.88,19.3,19.5,19.37,0.16,0.826,1.3899,1384830,27144276.0,1945926234.0,1945926234.0
2048,2012-09-10,sh600988,ST±¦Áú,19.72,20.1,19.63,19.88,19.53,0.19,0.9729,1.1533,1149134,22759310.0,1964857416.0,1964857416.0
2049,2012-09-11,sh600988,ST±¦Áú,19.72,19.98,19.5,19.7,19.72,0.0,0.0,0.8641,860998,16996346.0,1964857416.0,1964857416.0
2050,2012-09-12,sh600988,ST±¦Áú,19.81,19.93,19.55,19.93,19.72,0.09,0.4564,0.7789,776098,15340602.0,1973824818.0,1973824818.0
2051,2012-09-13,sh600988,ST±¦Áú,19.5,19.84,19.21,19.84,19.81,-0.31,-1.5649,0.5282,526325,10308007.0,1942937100.0,1942937100.0
2052,2012-09-14,sh600988,ST±¦Áú,19.93,20.29,19.72,19.97,19.5,0.43,2.2051,1.3195,1314757,26237107.0,1985781354.0,1985781354.0
2053,2012-09-17,sh600988,ST±¦Áú,19.89,20.45,19.81,20.05,19.93,-0.04,-0.2007,1.4116,1406452,28278777.0,1981795842.0,1981795842.0
2054,2012-09-18,sh600988,ST±¦Áú,19.51,19.84,19.18,19.84,19.89,-0.38,-1.9105,1.1988,1194473,23238314.0,1943933478.0,1943933478.0
2055,2012-09-19,sh600988,ST±¦Áú,20.01,20.12,19.35,19.35,19.51,0.5,2.5628,1.1805,1176245,23288544.0,1993752378.0,1993752378.0
2056,2012-09-20,sh600988,ST±¦Áú,19.83,20.7,19.8,19.88,20.01,-0.18,-0.8996,2.3509,2342384,47611596.0,1975817574.0,1975817574.0
2057,2012-09-21,sh600988,ST±¦Áú,20.82,20.82,19.9,20.2,19.83,0.99,4.9924,3.906,3891900,80702691.0,2074458996.0,2074458996.0
2058,2012-09-24,sh600988,ST±¦Áú,20.75,21.15,20.52,20.66,20.82,-0.07,-0.3362,1.8492,1842509,38364922.0,2067484350.0,2067484350.0
2059,2012-09-25,sh600988,ST±¦Áú,20.74,20.89,20.22,20.65,20.75,-0.01,-0.0482,1.1477,1143518,23461429.0,2066487972.0,2066487972.0
2060,2012-09-26,sh600988,ST±¦Áú,19.7,20.65,19.7,20.65,20.74,-1.04,-5.0145,1.8647,1857917,37254806.0,1962864660.0,1962864660.0
2061,2012-09-27,sh600988,ST±¦Áú,20.01,20.42,19.4,19.46,19.7,0.31,1.5736,1.3031,1298343,25735839.0,1993752378.0,1993752378.0
2062,2012-09-28,sh600988,ST±¦Áú,20.39,20.55,20.05,20.2,20.01,0.38,1.8991,1.3484,1343536,27296782.0,2031614742.0,2031614742.0
2063,2012-10-08,sh600988,ST±¦Áú,20.14,20.3,19.92,20.3,20.39,-0.25,-1.2261,1.1606,1156348,23173076.0,2006705292.0,2006705292.0
2064,2012-10-09,sh600988,ST±¦Áú,20.33,20.35,20.0,20.0,20.14,0.19,0.9434,0.9367,933298,18884765.0,2025636474.0,2025636474.0
2065,2012-10-10,sh600988,ST±¦Áú,20.62,20.77,20.01,20.09,20.33,0.29,1.4265,0.8728,869603,17757837.0,2054531436.0,2054531436.0
2066,2012-10-11,sh600988,ST±¦Áú,20.65,20.95,20.42,20.68,20.62,0.03,0.1455,0.7165,713896,14760065.0,2057520570.0,2057520570.0
2067,2012-10-12,sh600988,ST±¦Áú,20.66,20.87,20.17,20.6,20.65,0.01,0.0484,0.7387,736017,15058489.0,2058516948.0,2058516948.0
2068,2012-10-15,sh600988,ST±¦Áú,20.2,20.35,19.87,20.35,20.66,-0.46,-2.2265,0.8502,847124,17000332.0,2012683560.0,2012683560.0
2069,2012-10-16,sh600988,ST±¦Áú,20.37,20.6,20.0,20.18,20.2,0.17,0.8416,0.6447,642380,13046606.0,2029621986.0,2029621986.0
2070,2012-10-17,sh600988,ST±¦Áú,20.01,20.58,19.89,20.38,20.37,-0.36,-1.7673,0.6249,622645,12537411.0,1993752378.0,1993752378.0
2071,2012-10-18,sh600988,ST±¦Áú,19.92,20.19,19.61,20.19,20.01,-0.09,-0.4498,1.2215,1217030,24145928.0,1984784976.0,1984784976.0
2072,2012-10-19,sh600988,ST±¦Áú,19.5,19.87,19.33,19.87,19.92,-0.42,-2.1084,1.2749,1270296,24818589.0,1942937100.0,1942937100.0
2073,2012-10-22,sh600988,ST±¦Áú,19.9,20.06,19.02,19.06,19.5,0.4,2.0513,1.3516,1346684,26359385.0,1982792220.0,1982792220.0
2074,2012-10-23,sh600988,ST±¦Áú,19.5,19.99,19.5,19.9,19.9,-0.4,-2.0101,0.7058,703239,13868843.0,1942937100.0,1942937100.0
2075,2012-10-24,sh600988,ST±¦Áú,19.46,19.74,19.3,19.51,19.5,-0.04,-0.2051,0.5893,587129,11461872.0,1938951588.0,1938951588.0
2076,2012-10-25,sh600988,ST±¦Áú,19.36,19.58,19.29,19.58,19.46,-0.1,-0.5139,0.4714,469719,9103352.0,1928987808.0,1928987808.0
2077,2012-10-26,sh600988,ST±¦Áú,18.39,19.43,18.39,19.25,19.36,-0.97,-5.0103,1.2716,1267027,23570485.0,1832339142.0,1832339142.0
2078,2012-10-29,sh600988,ST±¦Áú,18.0,18.77,17.62,18.77,18.39,-0.39,-2.1207,1.3881,1383096,25098392.0,1793480400.0,1793480400.0
2079,2012-10-30,sh600988,ST±¦Áú,17.89,18.3,17.74,18.01,18.0,-0.11,-0.6111,0.721,718420,12935549.0,1782520242.0,1782520242.0
2080,2012-10-31,sh600988,ST±¦Áú,17.61,18.1,17.5,17.9,17.89,-0.28,-1.5651,0.8395,836507,14824229.0,1754621658.0,1754621658.0
2081,2012-11-01,sh600988,ST±¦Áú,18.16,18.26,17.7,17.79,17.61,0.55,3.1232,1.2931,1288395,23312820.0,1809422448.0,1809422448.0
2082,2012-11-02,sh600988,ST±¦Áú,19.07,19.07,18.05,18.05,18.16,0.91,5.011,1.5011,1495640,27973401.0,1900092846.0,1900092846.0
2083,2012-11-05,sh600988,ST±¦Áú,19.45,19.7,18.74,18.88,19.07,0.38,1.9927,1.024,1020326,19768325.0,1937955210.0,1937955210.0
2084,2012-11-06,sh600988,ST±¦Áú,19.28,19.51,18.95,19.51,19.45,-0.17,-0.874,0.6856,683154,13106689.0,1921016784.0,1921016784.0
2085,2012-11-07,sh600988,ST±¦Áú,19.24,19.51,19.0,19.0,19.28,-0.04,-0.2075,0.4378,436240,8405950.0,1917031272.0,1917031272.0
2086,2012-11-08,sh600988,ST±¦Áú,19.0,19.44,18.8,19.0,19.24,-0.24,-1.2474,0.7254,722806,13783532.0,1893118200.0,1893118200.0
2087,2012-11-09,sh600988,ST±¦Áú,19.01,19.16,18.85,19.01,19.0,0.01,0.0526,0.3775,376103,7139326.0,1894114578.0,1894114578.0
2088,2012-11-12,sh600988,ST±¦Áú,19.14,19.16,18.56,19.0,19.01,0.13,0.6839,0.3787,377315,7149033.0,1907067492.0,1907067492.0
2089,2012-11-13,sh600988,ST±¦Áú,18.99,19.19,18.71,19.12,19.14,-0.15,-0.7837,0.4497,448054,8454486.0,1892121822.0,1892121822.0
2090,2012-11-14,sh600988,ST±¦Áú,19.14,19.19,18.68,19.0,18.99,0.15,0.7899,0.5291,527175,9995549.0,1907067492.0,1907067492.0
2091,2012-11-15,sh600988,ST±¦Áú,18.65,19.13,18.6,19.02,19.14,-0.49,-2.5601,0.3965,395034,7462156.0,1858244970.0,1858244970.0
2092,2012-11-16,sh600988,ST±¦Áú,18.13,18.76,17.93,18.65,18.65,-0.52,-2.7882,0.538,536079,9734444.0,1806433314.0,1806433314.0
2093,2012-11-19,sh600988,ST±¦Áú,18.29,18.42,17.94,18.12,18.13,0.16,0.8825,0.359,357742,6517127.0,1822375362.0,1822375362.0
2094,2012-11-20,sh600988,ST±¦Áú,19.2,19.2,18.39,18.39,18.29,0.91,4.9754,0.9866,983055,18712598.0,1913045760.0,1913045760.0
2095,2012-11-21,sh600988,ST±¦Áú,19.19,19.27,18.68,19.25,19.2,-0.01,-0.0521,0.7726,769824,14572751.0,1912049382.0,1912049382.0
2096,2012-11-22,sh600988,ST±¦Áú,19.03,19.1,18.89,19.02,19.19,-0.16,-0.8338,0.2187,217901,4130547.0,1896107334.0,1896107334.0
2097,2012-11-23,sh600988,ST±¦Áú,19.23,19.58,19.1,19.18,19.03,0.2,1.051,0.6673,664891,12860042.0,1916034894.0,1916034894.0
2098,2012-11-26,sh600988,ST±¦Áú,19.65,19.77,19.19,19.25,19.23,0.42,2.1841,0.6772,674769,13204677.0,1957882770.0,1957882770.0
2099,2012-11-27,sh600988,ST±¦Áú,18.91,20.22,18.68,19.99,19.65,-0.74,-3.7659,2.6866,2676827,52069218.0,1884150798.0,1884150798.0
2100,2012-11-28,sh600988,ST±¦Áú,17.96,19.29,17.96,18.98,18.91,-0.95,-5.0238,1.483,1477630,27026333.0,1789494888.0,1789494888.0
2101,2012-11-29,sh600988,ST±¦Áú,17.16,17.78,17.06,17.58,17.96,-0.8,-4.4543,1.9383,1931257,33475083.0,1709784648.0,1709784648.0
2102,2012-11-30,sh600988,ST±¦Áú,17.72,17.75,16.93,17.28,17.16,0.56,3.2634,0.7657,762964,13236171.0,1765581816.0,1765581816.0
2103,2012-12-03,sh600988,ST±¦Áú,16.91,17.85,16.83,17.62,17.72,-0.81,-4.5711,1.0439,1040099,17924194.0,1684875198.0,1684875198.0
2104,2012-12-04,sh600988,ST±¦Áú,16.71,16.81,16.22,16.63,16.91,-0.2,-1.1827,1.0484,1044642,17238152.0,1664947638.0,1664947638.0
2105,2012-12-05,sh600988,ST±¦Áú,17.55,17.55,16.68,16.71,16.71,0.84,5.0269,0.5726,570511,9889128.0,4971955382.55,1748643390.0
2106,2012-12-06,sh600988,ST±¦Áú,17.82,18.15,17.57,17.57,17.55,0.27,1.5385,0.9896,986023,17694338.0,5048447003.82,1775545596.0
2107,2012-12-07,sh600988,ST±¦Áú,18.35,18.56,17.62,17.62,17.82,0.53,2.9742,0.89,886821,16159599.0,5198597223.35,1828353630.0
2108,2012-12-10,sh600988,ST±¦Áú,18.7,18.95,18.23,18.23,18.35,0.35,1.9074,0.5704,568372,10661598.0,5297753028.7,1863226860.0
2109,2012-12-11,sh600988,ST±¦Áú,18.71,18.9,18.57,18.68,18.7,0.01,0.0535,0.508,506151,9459840.0,5300586051.71,1864223238.0
2110,2012-12-12,sh600988,ST±¦Áú,19.13,19.25,18.63,18.79,18.71,0.42,2.2448,1.2876,1282912,24371011.0,5419573018.13,1906071114.0
2111,2012-12-13,sh600988,ST±¦Áú,18.85,19.21,18.8,19.21,19.13,-0.28,-1.4637,0.5467,544751,10323844.0,5340248373.85,1878172530.0
2112,2012-12-14,sh600988,ST±¦Áú,19.67,19.75,18.8,18.85,18.85,0.82,4.3501,1.1267,1122572,21679742.0,5572556260.67,1959875526.0
2113,2012-12-17,sh600988,ST±¦Áú,19.43,19.97,19.36,19.67,19.67,-0.24,-1.2201,0.9063,903036,17647251.0,5504563708.43,1935962454.0
2114,2012-12-18,sh600988,ST±¦Áú,18.87,19.78,18.8,19.4,19.43,-0.56,-2.8821,1.4375,1432263,27366799.0,5345914419.87,1880165286.0
2115,2012-12-19,sh600988,ST±¦Áú,19.05,19.2,18.55,18.55,18.87,0.18,0.9539,0.6537,651340,12337712.0,5396908834.05,1898100090.0
2116,2012-12-20,sh600988,ST±¦Áú,18.9,19.0,18.41,18.95,19.05,-0.15,-0.7874,0.8194,816388,15266759.0,5354413488.9,1883154420.0
2117,2012-12-21,sh600988,ST±¦Áú,18.94,18.99,18.59,18.61,18.9,0.04,0.2116,0.6036,601405,11290632.0,5365745580.94,1887139932.0
2118,2012-12-24,sh600988,ST±¦Áú,18.92,19.04,18.7,18.79,18.94,-0.02,-0.1056,0.8406,837559,15827971.0,5360079534.92,1885147176.0
2119,2012-12-25,sh600988,ST±¦Áú,19.33,19.87,19.1,19.1,18.92,0.41,2.167,1.9926,1985349,38886179.0,5476233478.33,1925998674.0
2120,2012-12-26,sh600988,ST±¦Áú,19.34,19.66,19.18,19.2,19.33,0.01,0.0517,1.3434,1338573,25958410.0,5479066501.34,1926995052.0
2121,2012-12-27,sh600988,ST±¦Áú,20.22,20.3,19.12,19.34,19.34,0.88,4.5502,2.5017,2492665,49572970.0,5728372526.22,2014676316.0
2122,2012-12-28,sh600988,ST±¦Áú,20.28,20.39,19.82,20.08,20.22,0.06,0.2967,1.1297,1125568,22733289.0,5745370664.28,2020654584.0
2123,2012-12-31,sh600988,ST±¦Áú,21.29,21.29,20.2,20.25,20.28,1.01,4.9803,1.7078,1701624,35877104.0,6031505988.29,2121288762.0
2124,2013-01-04,sh600988,ST±¦Áú,21.37,21.88,20.5,21.8,21.29,0.08,0.3758,1.7113,1705108,36474953.0,6054170172.37,2129259786.0
2125,2013-01-07,sh600988,ST±¦Áú,22.0,22.1,20.95,21.05,21.37,0.63,2.9481,1.6089,1603023,34259839.0,6232650622.0,2192031600.0
2126,2013-01-08,sh600988,ST±¦Áú,23.02,23.1,21.82,22.1,22.0,1.02,4.6364,2.0145,2007221,45916280.0,6521618969.02,2293662156.0
2127,2013-01-09,sh600988,ST±¦Áú,22.81,23.59,22.53,22.91,23.02,-0.21,-0.9123,1.8254,1818819,41840566.0,6462125485.81,2272738218.0
2128,2013-01-10,sh600988,ST±¦Áú,22.55,23.0,22.31,22.6,22.81,-0.26,-1.1399,1.4035,1398435,31660603.0,6388466887.55,2246832390.0
2129,2013-01-11,sh600988,ST±¦Áú,22.58,23.2,22.42,22.8,22.55,0.03,0.133,1.4795,1474166,33631376.0,6396965956.58,2249821524.0
2130,2013-01-14,sh600988,ST±¦Áú,23.02,23.19,22.43,22.5,22.58,0.44,1.9486,1.8509,1844146,42078487.0,6521618969.02,2293662156.0
2131,2013-01-15,sh600988,ST±¦Áú,23.7,23.96,22.88,22.9,23.02,0.68,2.954,1.6145,1608666,37815726.0,6714264533.7,2361415860.0
2132,2013-01-16,sh600988,ST±¦Áú,23.88,24.27,23.37,23.86,23.7,0.18,0.7595,2.0462,2038817,48584404.0,6765258947.88,2379350664.0
2133,2013-01-17,sh600988,ST±¦Áú,22.69,23.97,22.69,23.67,23.88,-1.19,-4.9832,2.9604,2949652,67547827.0,6428129209.69,2260781682.0
2134,2013-01-18,sh600988,ST±¦Áú,22.69,22.88,22.23,22.23,22.69,0.0,0.0,1.5463,1540748,34756091.0,6428129209.69,2260781682.0
2135,2013-01-21,sh600988,ST±¦Áú,23.82,23.82,22.85,22.88,22.69,1.13,4.9802,2.3736,2364983,56021090.0,6748260809.82,2373372396.0
2136,2013-01-22,sh600988,ST±¦Áú,23.91,24.8,23.71,23.96,23.82,0.09,0.3778,3.2487,3236943,78360539.0,6773758016.91,2382339798.0
2137,2013-01-23,sh600988,ST±¦Áú,23.01,24.66,22.71,24.0,23.91,-0.9,-3.7641,4.786,4768647,111591598.0,6518785946.01,2292665778.0
2138,2013-01-24,sh600988,ST±¦Áú,22.95,23.4,22.42,22.9,23.01,-0.06,-0.2608,2.3566,2348028,53732567.0,6501787807.95,2286687510.0
2139,2013-01-25,sh600988,ST±¦Áú,22.97,23.09,22.63,22.89,22.95,0.02,0.0871,1.1358,1131641,25904111.0,6507453853.97,2288680266.0
2140,2013-01-28,sh600988,ST±¦Áú,23.39,23.88,22.85,22.97,22.97,0.42,1.8285,1.427,1421826,33200709.0,6626440820.39,2330528142.0
2141,2013-01-29,sh600988,ST±¦Áú,23.5,23.66,23.07,23.4,23.39,0.11,0.4703,1.9228,1915841,44772120.0,6657604073.5,2341488300.0
2142,2013-01-30,sh600988,ST±¦Áú,23.27,23.7,23.05,23.54,23.5,-0.23,-0.9787,2.3101,2301743,53615410.0,6592444544.27,2318571606.0
2143,2013-01-31,sh600988,ST±¦Áú,24.43,24.43,23.35,23.35,23.27,1.16,4.985,4.7087,4691660,113611832.0,6921075213.43,2434151454.0
2144,2013-02-01,sh600988,ST±¦Áú,0.0,0.0,0.0,0.0,24.43,,,0.0,0,0.0,6921075213.43,2434151454.0
2145,2013-02-04,sh600988,ST±¦Áú,0.0,0.0,0.0,0.0,24.43,,,0.0,0,0.0,6921075213.43,2434151454.0
2146,2013-02-05,sh600988,ST±¦Áú,0.0,0.0,0.0,0.0,24.43,,,0.0,0,0.0,6921075213.43,2434151454.0
2147,2013-02-06,sh600988,ST±¦Áú,0.0,0.0,0.0,0.0,24.43,,,0.0,0,0.0,6921075213.43,2434151454.0
2148,2013-02-07,sh600988,³à·å»Æ½ð,23.0,24.27,22.65,24.26,24.43,-1.43,-5.8535,8.1909,8161245,191059206.0,6515952923.0,2291669400.0
2149,2013-02-08,sh600988,³à·å»Æ½ð,22.58,23.31,22.5,22.6,23.0,-0.42,-1.8261,5.2746,5255489,119666826.0,6396965956.58,2249821524.0
2150,2013-02-18,sh600988,³à·å»Æ½ð,21.15,21.7,20.88,21.7,22.58,-1.43,-6.333,6.9805,6955193,147847380.0,5991843666.15,2107339470.0
2151,2013-02-19,sh600988,³à·å»Æ½ð,21.08,21.35,20.95,21.1,21.15,-0.07,-0.331,4.2451,4229743,89492627.0,5972012505.08,2100364824.0
2152,2013-02-20,sh600988,³à·å»Æ½ð,21.14,21.23,20.85,21.23,21.08,0.06,0.2846,2.9818,2971038,62365565.0,5989010643.14,2106343092.0
2153,2013-02-21,sh600988,³à·å»Æ½ð,20.23,20.72,20.1,20.5,21.14,-0.91,-4.3046,5.1111,5092611,103798578.0,5731205549.23,2015672694.0
2154,2013-02-22,sh600988,³à·å»Æ½ð,20.46,20.68,20.21,20.28,20.23,0.23,1.1369,3.3557,3343520,68401744.0,5796365078.46,2038589388.0
2155,2013-02-25,sh600988,³à·å»Æ½ð,20.34,20.6,20.18,20.48,20.46,-0.12,-0.5865,2.5971,2587662,52622563.0,5762368802.34,2026632852.0
2156,2013-02-26,sh600988,³à·å»Æ½ð,20.11,20.7,20.08,20.34,20.34,-0.23,-1.1308,3.3619,3349744,68378313.0,5697209273.11,2003716158.0
2157,2013-02-27,sh600988,³à·å»Æ½ð,20.32,20.58,20.16,20.38,20.11,0.21,1.0443,3.2283,3216647,65559804.0,5756702756.32,2024640096.0
2158,2013-02-28,sh600988,³à·å»Æ½ð,20.29,20.3,19.61,20.12,20.32,-0.03,-0.1476,5.7587,5737837,114555989.0,5748203687.29,2021650962.0
2159,2013-03-01,sh600988,³à·å»Æ½ð,20.01,20.23,19.8,20.0,20.29,-0.28,-1.38,3.8684,3854366,77074170.0,5668879043.01,1993752378.0
2160,2013-03-04,sh600988,³à·å»Æ½ð,18.61,19.99,18.48,19.96,20.01,-1.4,-6.9965,5.1602,5141538,98335827.0,5272255821.61,1854259458.0
2161,2013-03-05,sh600988,³à·å»Æ½ð,18.96,18.98,18.61,18.65,18.61,0.35,1.8807,2.5677,2558437,48123385.0,5371411626.96,1889132688.0
2162,2013-03-06,sh600988,³à·å»Æ½ð,19.17,19.28,18.68,18.99,18.96,0.21,1.1076,3.0764,3065278,58137205.0,5430905110.17,1910056626.0
2163,2013-03-07,sh600988,³à·å»Æ½ð,19.51,19.73,18.8,19.1,19.17,0.34,1.7736,4.225,4209675,81323760.0,5527227892.51,1943933478.0
2164,2013-03-08,sh600988,³à·å»Æ½ð,19.11,19.45,19.1,19.37,19.51,-0.4,-2.0502,2.6847,2674981,51413320.0,5413906972.11,1904078358.0
2165,2013-03-11,sh600988,³à·å»Æ½ð,0.0,0.0,0.0,0.0,19.11,,,0.0,0,0.0,5413906972.11,1904078358.0
2166,2013-03-12,sh600988,³à·å»Æ½ð,0.0,0.0,0.0,0.0,19.11,,,0.0,0,0.0,5413906972.11,1904078358.0
2167,2013-03-13,sh600988,³à·å»Æ½ð,0.0,0.0,0.0,0.0,19.11,,,0.0,0,0.0,5413906972.11,1904078358.0
2168,2013-03-14,sh600988,³à·å»Æ½ð,0.0,0.0,0.0,0.0,19.11,,,0.0,0,0.0,5413906972.11,1904078358.0
2169,2013-03-15,sh600988,³à·å»Æ½ð,0.0,0.0,0.0,0.0,19.11,,,0.0,0,0.0,5413906972.11,1904078358.0
2170,2013-03-18,sh600988,³à·å»Æ½ð,0.0,0.0,0.0,0.0,19.11,,,0.0,0,0.0,5413906972.11,1904078358.0
2171,2013-03-19,sh600988,³à·å»Æ½ð,0.0,0.0,0.0,0.0,19.11,,,0.0,0,0.0,5413906972.11,1904078358.0
2172,2013-03-20,sh600988,³à·å»Æ½ð,0.0,0.0,0.0,0.0,19.11,,,0.0,0,0.0,5413906972.11,1904078358.0
2173,2013-03-21,sh600988,³à·å»Æ½ð,0.0,0.0,0.0,0.0,19.11,,,0.0,0,0.0,5413906972.11,1904078358.0
2174,2013-03-22,sh600988,³à·å»Æ½ð,0.0,0.0,0.0,0.0,19.11,,,0.0,0,0.0,5413906972.11,1904078358.0
2175,2013-03-25,sh600988,³à·å»Æ½ð,0.0,0.0,0.0,0.0,19.11,,,0.0,0,0.0,5413906972.11,1904078358.0
2176,2013-03-26,sh600988,³à·å»Æ½ð,0.0,0.0,0.0,0.0,19.11,,,0.0,0,0.0,5413906972.11,1904078358.0
2177,2013-03-27,sh600988,³à·å»Æ½ð,0.0,0.0,0.0,0.0,19.11,,,0.0,0,0.0,5413906972.11,1904078358.0
2178,2013-03-28,sh600988,³à·å»Æ½ð,0.0,0.0,0.0,0.0,19.11,,,0.0,0,0.0,5413906972.11,1904078358.0
2179,2013-03-29,sh600988,³à·å»Æ½ð,0.0,0.0,0.0,0.0,19.11,,,0.0,0,0.0,5413906972.11,1904078358.0
2180,2013-04-01,sh600988,³à·å»Æ½ð,0.0,0.0,0.0,0.0,19.11,,,0.0,0,0.0,5413906972.11,1904078358.0
2181,2013-04-02,sh600988,³à·å»Æ½ð,0.0,0.0,0.0,0.0,19.11,,,0.0,0,0.0,5413906972.11,1904078358.0
2182,2013-04-03,sh600988,³à·å»Æ½ð,0.0,0.0,0.0,0.0,19.11,,,0.0,0,0.0,5413906972.11,1904078358.0
2183,2013-04-08,sh600988,³à·å»Æ½ð,0.0,0.0,0.0,0.0,19.11,,,0.0,0,0.0,5413906972.11,1904078358.0
2184,2013-04-09,sh600988,³à·å»Æ½ð,0.0,0.0,0.0,0.0,19.11,,,0.0,0,0.0,5413906972.11,1904078358.0
2185,2013-04-10,sh600988,³à·å»Æ½ð,0.0,0.0,0.0,0.0,19.11,,,0.0,0,0.0,5413906972.11,1904078358.0
2186,2013-04-11,sh600988,³à·å»Æ½ð,0.0,0.0,0.0,0.0,19.11,,,0.0,0,0.0,5413906972.11,1904078358.0
2187,2013-04-12,sh600988,³à·å»Æ½ð,0.0,0.0,0.0,0.0,19.11,,,0.0,0,0.0,5413906972.11,1904078358.0
2188,2013-04-15,sh600988,³à·å»Æ½ð,0.0,0.0,0.0,0.0,19.11,,,0.0,0,0.0,5413906972.11,1904078358.0
2189,2013-04-16,sh600988,³à·å»Æ½ð,0.0,0.0,0.0,0.0,19.11,,,0.0,0,0.0,5413906972.11,1904078358.0
2190,2013-04-17,sh600988,³à·å»Æ½ð,0.0,0.0,0.0,0.0,19.11,,,0.0,0,0.0,5413906972.11,1904078358.0
2191,2013-04-18,sh600988,³à·å»Æ½ð,0.0,0.0,0.0,0.0,19.11,,,0.0,0,0.0,5413906972.11,1904078358.0
2192,2013-04-19,sh600988,³à·å»Æ½ð,0.0,0.0,0.0,0.0,19.11,,,0.0,0,0.0,5413906972.11,1904078358.0
2193,2013-04-22,sh600988,³à·å»Æ½ð,0.0,0.0,0.0,0.0,19.11,,,0.0,0,0.0,5413906972.11,1904078358.0
2194,2013-04-23,sh600988,³à·å»Æ½ð,0.0,0.0,0.0,0.0,19.11,,,0.0,0,0.0,5413906972.11,1904078358.0
2195,2013-04-24,sh600988,³à·å»Æ½ð,0.0,0.0,0.0,0.0,19.11,,,0.0,0,0.0,5413906972.11,1904078358.0
2196,2013-04-25,sh600988,³à·å»Æ½ð,0.0,0.0,0.0,0.0,19.11,,,0.0,0,0.0,5413906972.11,1904078358.0
2197,2013-04-26,sh600988,³à·å»Æ½ð,17.2,17.68,17.2,17.25,19.11,-1.91,-9.9948,3.2509,3239122,56016397.0,4872799577.2,1713770160.0
2198,2013-05-02,sh600988,³à·å»Æ½ð,15.88,16.58,15.73,15.98,17.2,-1.32,-7.6744,5.2199,5200977,83323004.0,4498840539.88,1582248264.0
2199,2013-05-03,sh600988,³à·å»Æ½ð,15.87,16.16,15.86,15.93,15.88,-0.01,-0.063,2.7993,2789121,44642068.0,4496007516.87,1581251886.0
2200,2013-05-06,sh600988,³à·å»Æ½ð,16.07,16.16,15.89,15.89,15.87,0.2,1.2602,2.3678,2359213,37859475.0,4552667977.07,1601179446.0
2201,2013-05-07,sh600988,³à·å»Æ½ð,16.76,16.8,15.88,16.08,16.07,0.69,4.2937,4.0421,4027423,66182364.0,4748146564.76,1669929528.0
2202,2013-05-08,sh600988,³à·å»Æ½ð,16.48,16.69,16.4,16.5,16.76,-0.28,-1.6706,2.5784,2569065,42432050.0,4668821920.48,1642030944.0
2203,2013-05-09,sh600988,³à·å»Æ½ð,16.44,16.68,16.26,16.48,16.48,-0.04,-0.2427,2.4271,2418271,39790830.0,4657489828.44,1638045432.0
2204,2013-05-10,sh600988,³à·å»Æ½ð,16.64,17.07,16.08,16.42,16.44,0.2,1.2165,3.8124,3798585,63142530.0,4714150288.64,1657972992.0
2205,2013-05-13,sh600988,³à·å»Æ½ð,16.21,16.35,16.05,16.31,16.64,-0.43,-2.5841,2.3068,2298448,37183437.0,4592330299.21,1615128738.0
2206,2013-05-14,sh600988,³à·å»Æ½ð,15.85,16.29,15.83,16.21,16.21,-0.36,-2.2209,2.118,2110371,33719660.0,4490341470.85,1579259130.0
2207,2013-05-15,sh600988,³à·å»Æ½ð,15.81,16.08,15.75,15.78,15.85,-0.04,-0.2524,1.648,1642063,26063027.0,4479009378.81,1575273618.0
2208,2013-05-16,sh600988,³à·å»Æ½ð,15.68,15.69,15.29,15.5,15.81,-0.13,-0.8223,2.744,2734098,42226594.0,4442180079.68,1562320704.0
2209,2013-05-17,sh600988,³à·å»Æ½ð,15.81,15.83,15.4,15.49,15.68,0.13,0.8291,2.5145,2505439,39173313.0,4479009378.81,1575273618.0
2210,2013-05-20,sh600988,³à·å»Æ½ð,16.02,16.13,15.45,15.59,15.81,0.21,1.3283,3.9326,3918392,61736452.0,4538502862.02,1596197556.0
2211,2013-05-21,sh600988,³à·å»Æ½ð,15.99,16.16,15.88,16.08,16.02,-0.03,-0.1873,2.9623,2951540,47170837.0,4530003792.99,1593208422.0
2212,2013-05-22,sh600988,³à·å»Æ½ð,16.17,16.31,15.76,15.95,15.99,0.18,1.1257,3.4477,3435187,55108977.0,4580998207.17,1611143226.0
2213,2013-05-23,sh600988,³à·å»Æ½ð,15.91,16.12,15.82,16.12,16.17,-0.26,-1.6079,2.3504,2341887,37304775.0,4507339608.91,1585237398.0
2214,2013-05-24,sh600988,³à·å»Æ½ð,15.83,16.15,15.8,15.99,15.91,-0.08,-0.5028,2.0136,2006280,31903791.0,4484675424.83,1577266374.0
2215,2013-05-27,sh600988,³à·å»Æ½ð,15.68,15.77,15.55,15.77,15.83,-0.15,-0.9476,2.2282,2220143,34709437.0,4442180079.68,1562320704.0
2216,2013-05-28,sh600988,³à·å»Æ½ð,16.25,16.28,15.55,15.68,15.68,0.57,3.6352,4.8096,4792216,76897429.0,4603662391.25,1619114250.0
2217,2013-05-29,sh600988,³à·å»Æ½ð,15.99,16.18,15.95,16.18,16.25,-0.26,-1.6,2.89,2879535,46170444.0,4530003792.99,1593208422.0
2218,2013-05-30,sh600988,³à·å»Æ½ð,16.32,16.43,16.0,16.05,15.99,0.33,2.0638,3.8742,3860195,62821259.0,4623493552.32,1626088896.0
2219,2013-05-31,sh600988,³à·å»Æ½ð,16.14,16.65,16.12,16.45,16.32,-0.18,-1.1029,2.7796,2769490,45103926.0,4572499138.14,1608154092.0
2220,2013-06-03,sh600988,³à·å»Æ½ð,15.75,16.01,15.71,16.0,16.14,-0.39,-2.4164,2.7682,2758133,43564231.0,4462011240.75,1569295350.0
2221,2013-06-04,sh600988,³à·å»Æ½ð,15.63,15.94,15.52,15.89,15.75,-0.12,-0.7619,1.7564,1750022,27439174.0,4428014964.63,1557338814.0
2222,2013-06-05,sh600988,³à·å»Æ½ð,15.66,15.68,15.47,15.62,15.63,0.03,0.1919,1.2704,1265830,19676757.0,4436514033.66,1560327948.0
2223,2013-06-06,sh600988,³à·å»Æ½ð,15.1,15.74,15.09,15.6,15.66,-0.56,-3.576,2.2218,2213722,34048883.0,4277864745.1,1504530780.0
2224,2013-06-07,sh600988,³à·å»Æ½ð,14.64,15.34,14.62,15.18,15.1,-0.46,-3.0464,2.0063,1999048,29873889.0,4147545686.64,1458697392.0
2225,2013-06-13,sh600988,³à·å»Æ½ð,13.86,14.26,13.84,13.92,14.64,-0.78,-5.3279,2.0263,2018974,28231202.0,3926569891.86,1380979908.0
2226,2013-06-14,sh600988,³à·å»Æ½ð,14.04,14.09,13.86,13.91,13.86,0.18,1.2987,2.2632,2254962,31511277.0,3977564306.04,1398914712.0
2227,2013-06-17,sh600988,³à·å»Æ½ð,14.04,14.16,13.92,14.04,14.04,0.0,0.0,1.4499,1444635,20254405.0,3977564306.04,1398914712.0
2228,2013-06-18,sh600988,³à·å»Æ½ð,13.89,14.07,13.87,13.97,14.04,-0.15,-1.0684,1.0252,1021516,14259271.0,3935068960.89,1383969042.0
2229,2013-06-19,sh600988,³à·å»Æ½ð,13.41,13.83,13.0,13.83,13.89,-0.48,-3.4557,3.3118,3299809,43690355.0,3799083856.41,1336142898.0
2230,2013-06-20,sh600988,³à·å»Æ½ð,12.65,13.23,12.62,13.15,13.41,-0.76,-5.6674,1.7484,1742086,22657264.0,3583774107.65,1260418170.0
2231,2013-06-21,sh600988,³à·å»Æ½ð,13.92,13.92,12.04,12.26,12.65,1.27,10.0395,5.5238,5503800,71877506.0,3943568029.92,1386958176.0
2232,2013-06-24,sh600988,³à·å»Æ½ð,14.26,14.54,13.72,14.0,13.92,0.34,2.4425,10.5792,10540917,150071516.0,4039890812.26,1420835028.0
2233,2013-06-25,sh600988,³à·å»Æ½ð,13.79,14.15,12.83,14.15,14.26,-0.47,-3.2959,6.4096,6386348,85394137.0,3906738730.79,1374005262.0
2234,2013-06-26,sh600988,³à·å»Æ½ð,13.49,13.73,12.94,13.39,13.79,-0.3,-2.1755,5.9543,5932687,78855509.0,3821748040.49,1344113922.0
2235,2013-06-27,sh600988,³à·å»Æ½ð,13.11,13.54,13.06,13.18,13.49,-0.38,-2.8169,4.3485,4332715,57491558.0,3714093166.11,1306251558.0
2236,2013-06-28,sh600988,³à·å»Æ½ð,12.89,13.08,12.4,12.6,13.11,-0.22,-1.6781,4.1123,4097386,52273746.0,3651766659.89,1284331242.0
2237,2013-07-01,sh600988,³à·å»Æ½ð,13.39,13.62,12.92,13.08,12.89,0.5,3.879,4.4186,4402555,58431414.0,3793417810.39,1334150142.0
2238,2013-07-02,sh600988,³à·å»Æ½ð,13.14,13.56,12.9,13.5,13.39,-0.25,-1.8671,3.8427,3828750,50194826.0,3722592235.14,1309240692.0
2239,2013-07-03,sh600988,³à·å»Æ½ð,14.45,14.45,13.5,13.75,13.14,1.31,9.9696,7.8942,7865610,110901049.0,4093718249.45,1439766210.0
2240,2013-07-04,sh600988,³à·å»Æ½ð,15.25,15.68,14.64,14.8,14.45,0.8,5.5363,11.4795,11437891,173510734.0,4320360090.25,1519476450.0
2241,2013-07-05,sh600988,³à·å»Æ½ð,14.86,15.39,14.8,15.03,15.25,-0.39,-2.5574,8.7893,8757416,131933570.0,4209872192.86,1480617708.0
2242,2013-07-08,sh600988,³à·å»Æ½ð,13.74,14.35,13.72,14.2,14.86,-1.12,-7.537,6.0575,6035558,84961284.0,3892573615.74,1369023372.0
2243,2013-07-09,sh600988,³à·å»Æ½ð,15.11,15.11,13.71,13.8,13.74,1.37,9.9709,6.9108,6885803,100981310.0,4280697768.11,1505527158.0
2244,2013-07-10,sh600988,³à·å»Æ½ð,15.66,15.8,15.12,15.6,15.11,0.55,3.64,11.3135,11272502,174032246.0,4436514033.66,1560327948.0
2245,2013-07-11,sh600988,³à·å»Æ½ð,15.94,16.58,15.7,15.98,15.66,0.28,1.788,12.3074,12262866,197979826.0,4515838677.94,1588226532.0
2246,2013-07-12,sh600988,³à·å»Æ½ð,15.57,16.0,15.22,16.0,15.94,-0.37,-2.3212,8.2942,8264174,128653626.0,4411016826.57,1551360546.0
2247,2013-07-15,sh600988,³à·å»Æ½ð,15.79,16.2,15.38,15.65,15.57,0.22,1.413,6.4571,6433689,101884919.0,4473343332.79,1573280862.0
2248,2013-07-16,sh600988,³à·å»Æ½ð,15.45,15.58,15.2,15.5,15.79,-0.34,-2.1533,6.2193,6196773,95256940.0,4377020550.45,1539404010.0
2249,2013-07-17,sh600988,³à·å»Æ½ð,15.6,16.18,15.32,15.5,15.45,0.15,0.9709,6.3096,6286794,98982654.0,4419515895.6,1554349680.0
2250,2013-07-18,sh600988,³à·å»Æ½ð,15.07,15.3,14.84,15.3,15.6,-0.53,-3.3974,4.6604,4643547,69856137.0,4269365676.07,1501541646.0
2251,2013-07-19,sh600988,³à·å»Æ½ð,14.58,15.2,14.55,15.06,15.07,-0.49,-3.2515,4.1384,4123418,61066608.0,4130547548.58,1452719124.0
2252,2013-07-22,sh600988,³à·å»Æ½ð,15.9,16.04,14.65,14.85,14.58,1.32,9.0535,7.8257,7797339,120979422.0,4504506585.9,1584241020.0
2253,2013-07-23,sh600988,³à·å»Æ½ð,16.01,16.71,15.91,16.2,15.9,0.11,0.6918,11.7072,11664842,189868580.0,4535669839.01,1595201178.0
2254,2013-07-24,sh600988,³à·å»Æ½ð,15.8,15.97,15.39,15.75,16.01,-0.21,-1.3117,6.4058,6382561,99747945.0,4476176355.8,1574277240.0
2255,2013-07-25,sh600988,³à·å»Æ½ð,15.3,15.66,15.19,15.66,15.8,-0.5,-3.1646,4.3763,4360457,67301120.0,4334525205.3,1524458340.0
2256,2013-07-26,sh600988,³à·å»Æ½ð,15.64,15.95,15.46,15.46,15.3,0.34,2.2222,4.1321,4117112,64542304.0,4430847987.64,1558335192.0
2257,2013-07-29,sh600988,³à·å»Æ½ð,14.98,15.4,14.81,15.4,15.64,-0.66,-4.2199,3.4132,3400868,51030024.0,4243868468.98,1492574244.0
2258,2013-07-30,sh600988,³à·å»Æ½ð,15.13,15.65,14.76,14.82,14.98,0.15,1.0013,3.4178,3405375,51717019.0,4286363814.13,1507519914.0
2259,2013-07-31,sh600988,³à·å»Æ½ð,15.0,15.35,14.92,15.19,15.13,-0.13,-0.8592,2.4786,2469667,37295063.0,4249534515.0,1494567000.0
2260,2013-08-01,sh600988,³à·å»Æ½ð,15.17,15.26,14.88,14.95,15.0,0.17,1.1333,3.1697,3158255,47698566.0,4297695906.17,1511505426.0
2261,2013-08-02,sh600988,³à·å»Æ½ð,14.91,15.25,14.86,14.95,15.17,-0.26,-1.7139,3.8125,3798668,56963696.0,4224037307.91,1485599598.0
2262,2013-08-05,sh600988,³à·å»Æ½ð,15.29,15.42,14.99,14.99,14.91,0.38,2.5486,3.5046,3491875,53226768.0,4331692182.29,1523461962.0
2263,2013-08-06,sh600988,³à·å»Æ½ð,15.38,15.56,14.82,15.1,15.29,0.09,0.5886,4.4954,4479082,68155723.0,4357189389.38,1532429364.0
2264,2013-08-07,sh600988,³à·å»Æ½ð,15.04,15.21,14.96,15.04,15.38,-0.34,-2.2107,3.7788,3765082,56777094.0,4260866607.04,1498552512.0
2265,2013-08-08,sh600988,³à·å»Æ½ð,15.12,15.25,15.03,15.08,15.04,0.08,0.5319,2.4985,2489432,37674721.0,4283530791.12,1506523536.0
2266,2013-08-09,sh600988,³à·å»Æ½ð,15.89,16.14,15.26,15.45,15.12,0.77,5.0926,8.764,8732286,136962779.0,4501673562.89,1583244642.0
2267,2013-08-12,sh600988,³à·å»Æ½ð,16.29,16.66,15.62,16.02,15.89,0.4,2.5173,8.6196,8588394,138362203.0,4614994483.29,1623099762.0
2268,2013-08-13,sh600988,³à·å»Æ½ð,16.25,16.41,15.96,16.3,16.29,-0.04,-0.2455,4.9344,4916511,79390431.0,4603662391.25,1619114250.0
2269,2013-08-14,sh600988,³à·å»Æ½ð,15.83,16.21,15.76,16.03,16.25,-0.42,-2.5846,4.3017,4286086,68391946.0,4484675424.83,1577266374.0
2270,2013-08-15,sh600988,³à·å»Æ½ð,16.09,16.69,15.98,15.98,15.83,0.26,1.6425,6.8273,6802568,111119015.0,4558334023.09,1603172202.0
2271,2013-08-16,sh600988,³à·å»Æ½ð,15.63,16.75,15.6,16.4,16.09,-0.46,-2.8589,5.9774,5955739,96944501.0,4428014964.63,1557338814.0
2272,2013-08-19,sh600988,³à·å»Æ½ð,15.75,15.93,15.53,15.85,15.63,0.12,0.7678,4.7119,4694817,73868166.0,4462011240.75,1569295350.0
2273,2013-08-20,sh600988,³à·å»Æ½ð,15.19,15.59,15.09,15.58,15.75,-0.56,-3.5556,6.1221,6099943,93064047.0,4303361952.19,1513498182.0
2274,2013-08-21,sh600988,³à·å»Æ½ð,15.23,15.3,15.07,15.2,15.19,0.04,0.2633,3.1738,3162342,48020779.0,4314694044.23,1517483694.0
2275,2013-08-22,sh600988,³à·å»Æ½ð,14.88,15.11,14.82,15.03,15.23,-0.35,-2.2981,3.4578,3445229,51440612.0,4215538238.88,1482610464.0
2276,2013-08-23,sh600988,³à·å»Æ½ð,14.63,15.13,14.49,14.98,14.88,-0.25,-1.6801,3.2632,3251342,48101332.0,4144712663.63,1457701014.0
2277,2013-08-26,sh600988,³à·å»Æ½ð,15.2,15.24,15.01,15.12,14.63,0.57,3.8961,3.2461,3234343,48951432.0,4306194975.2,1514494560.0
2278,2013-08-27,sh600988,³à·å»Æ½ð,15.49,15.65,15.06,15.14,15.2,0.29,1.9079,4.3447,4328951,66531418.0,4388352642.49,1543389522.0
2279,2013-08-28,sh600988,³à·å»Æ½ð,17.04,17.04,16.0,16.0,15.49,1.55,10.0065,16.2761,16217119,270191250.0,4827471209.04,1697828112.0
2280,2013-08-29,sh600988,³à·å»Æ½ð,16.68,17.2,16.49,17.2,17.04,-0.36,-2.1127,12.4507,12405589,207016260.0,4725482380.68,1661958504.0
2281,2013-08-30,sh600988,³à·å»Æ½ð,16.26,16.37,15.88,16.33,16.68,-0.42,-2.518,7.3429,7316342,117918213.0,4606495414.26,1620110628.0
2282,2013-09-02,sh600988,³à·å»Æ½ð,17.22,17.49,15.8,16.09,16.26,0.96,5.9041,14.8353,14781547,247601718.0,4878465623.22,1715762916.0
2283,2013-09-03,sh600988,³à·å»Æ½ð,16.52,16.82,16.38,16.5,17.22,-0.7,-4.065,12.7658,12719559,210705131.0,4680154012.52,1646016456.0
2284,2013-09-04,sh600988,³à·å»Æ½ð,16.85,17.39,16.41,16.8,16.52,0.33,1.9976,16.013,15955014,270665062.0,4773643771.85,1678896930.0
2285,2013-09-05,sh600988,³à·å»Æ½ð,16.47,16.63,16.17,16.41,16.85,-0.38,-2.2552,10.1674,10130612,166335408.0,4665988897.47,1641034566.0
2286,2013-09-06,sh600988,³à·å»Æ½ð,16.87,16.94,15.96,16.04,16.47,0.4,2.4287,10.0605,10024068,166173856.0,4779309817.87,1680889686.0
2287,2013-09-09,sh600988,³à·å»Æ½ð,16.98,17.19,16.65,17.07,16.87,0.11,0.652,9.8301,9794544,165866477.0,4810473070.98,1691849844.0
2288,2013-09-10,sh600988,³à·å»Æ½ð,16.58,16.72,16.4,16.72,16.98,-0.4,-2.3557,8.0273,7998243,132165215.0,4697152150.58,1651994724.0
2289,2013-09-11,sh600988,³à·å»Æ½ð,16.31,16.38,16.08,16.19,16.58,-0.27,-1.6285,6.6229,6598927,106990392.0,4620660529.31,1625092518.0
2290,2013-09-12,sh600988,³à·å»Æ½ð,15.61,16.25,15.48,16.25,16.31,-0.7,-4.2918,8.8121,8780146,138844293.0,4422348918.61,1555346058.0
2291,2013-09-13,sh600988,³à·å»Æ½ð,15.52,15.55,15.21,15.33,15.61,-0.09,-0.5766,4.7646,4747344,73081518.0,4396851711.52,1546378656.0
2292,2013-09-16,sh600988,³à·å»Æ½ð,15.56,15.79,15.4,15.4,15.52,0.04,0.2577,3.834,3820102,59471302.0,4408183803.56,1550364168.0
2293,2013-09-17,sh600988,³à·å»Æ½ð,15.2,15.5,15.01,15.5,15.56,-0.36,-2.3136,4.226,4210710,64024570.0,4306194975.2,1514494560.0
2294,2013-09-18,sh600988,³à·å»Æ½ð,15.17,15.22,14.82,15.18,15.2,-0.03,-0.1974,3.6021,3589015,53768240.0,4297695906.17,1511505426.0
2295,2013-09-23,sh600988,³à·å»Æ½ð,15.47,15.5,15.25,15.25,15.17,0.3,1.9776,3.9463,3931965,60478888.0,4382686596.47,1541396766.0
2296,2013-09-24,sh600988,³à·å»Æ½ð,15.15,15.41,15.09,15.41,15.47,-0.32,-2.0685,4.0414,4026764,61149705.0,4292029860.15,1509512670.0
2297,2013-09-25,sh600988,³à·å»Æ½ð,15.35,15.37,14.91,15.13,15.15,0.2,1.3201,4.1242,4109248,62227973.0,4348690320.35,1529440230.0
2298,2013-09-26,sh600988,³à·å»Æ½ð,15.13,15.57,15.12,15.48,15.35,-0.22,-1.4332,3.1825,3170973,48668184.0,4286363814.13,1507519914.0
2299,2013-09-27,sh600988,³à·å»Æ½ð,14.71,15.1,14.66,15.1,15.13,-0.42,-2.7759,3.8529,3838982,56866677.0,4167376847.71,1465672038.0
2300,2013-09-30,sh600988,³à·å»Æ½ð,14.7,14.88,14.67,14.83,14.71,-0.01,-0.068,2.8059,2795757,41225206.0,4164543824.7,1464675660.0
2301,2013-10-08,sh600988,³à·å»Æ½ð,14.88,14.89,14.59,14.7,14.7,0.18,1.2245,3.7103,3696868,54382202.0,4215538238.88,1482610464.0
2302,2013-10-09,sh600988,³à·å»Æ½ð,14.8,14.84,14.68,14.75,14.88,-0.08,-0.5376,3.5721,3559204,52460774.0,4192874054.8,1474639440.0
2303,2013-10-10,sh600988,³à·å»Æ½ð,14.43,14.66,14.29,14.66,14.8,-0.37,-2.5,4.852,4834474,69849100.0,4088052203.43,1437773454.0
2304,2013-10-11,sh600988,³à·å»Æ½ð,14.41,14.48,14.2,14.38,14.43,-0.02,-0.1386,3.6356,3622406,52068090.0,4082386157.41,1435780698.0
2305,2013-10-14,sh600988,³à·å»Æ½ð,14.2,14.21,13.92,14.21,14.41,-0.21,-1.4573,4.3462,4330414,60859635.0,4022892674.2,1414856760.0
2306,2013-10-15,sh600988,³à·å»Æ½ð,14.3,14.44,14.05,14.12,14.2,0.1,0.7042,3.9591,3944753,56380425.0,4051222904.3,1424820540.0
2307,2013-10-16,sh600988,³à·å»Æ½ð,15.12,15.66,13.99,14.25,14.3,0.82,5.7343,11.3945,11353193,169457433.0,4283530791.12,1506523536.0
2308,2013-10-17,sh600988,³à·å»Æ½ð,14.43,14.95,14.4,14.73,15.12,-0.69,-4.5635,6.8611,6836212,100294052.0,4088052203.43,1437773454.0
2309,2013-10-18,sh600988,³à·å»Æ½ð,14.79,15.44,14.66,15.12,14.43,0.36,2.4948,5.9048,5883444,88105898.0,4190041031.79,1473643062.0
2310,2013-10-21,sh600988,³à·å»Æ½ð,14.81,14.85,14.31,14.49,14.79,0.02,0.1352,4.3523,4336498,63328118.0,4195707077.81,1475635818.0
2311,2013-10-22,sh600988,³à·å»Æ½ð,14.57,14.73,14.42,14.65,14.81,-0.24,-1.6205,3.6572,3643953,53042969.0,4127714525.57,1451722746.0
2312,2013-10-23,sh600988,³à·å»Æ½ð,14.57,15.15,14.53,14.98,14.57,0.0,0.0,4.6931,4676064,69095885.0,4127714525.57,1451722746.0
2313,2013-10-24,sh600988,³à·å»Æ½ð,14.39,14.49,14.21,14.41,14.57,-0.18,-1.2354,2.8662,2855852,40965521.0,4076720111.39,1433787942.0
2314,2013-10-25,sh600988,³à·å»Æ½ð,14.01,14.54,13.97,14.47,14.39,-0.38,-2.6407,3.2943,3282323,46496777.0,3969065237.01,1395925578.0
2315,2013-10-28,sh600988,³à·å»Æ½ð,13.66,14.15,13.52,14.07,14.01,-0.35,-2.4982,2.4363,2427440,33424766.0,3869909431.66,1361052348.0
2316,2013-10-29,sh600988,³à·å»Æ½ð,13.25,13.78,13.05,13.66,13.66,-0.41,-3.0015,3.3419,3329832,44629330.0,3753755488.25,1320200850.0
2317,2013-10-30,sh600988,³à·å»Æ½ð,13.58,13.64,13.06,13.16,13.25,0.33,2.4906,2.5109,2501790,33510468.0,3847245247.58,1353081324.0
2318,2013-10-31,sh600988,³à·å»Æ½ð,13.25,13.5,13.13,13.3,13.58,-0.33,-2.43,2.0777,2070141,27560571.0,3753755488.25,1320200850.0
2319,2013-11-01,sh600988,³à·å»Æ½ð,13.24,13.27,13.01,13.24,13.25,-0.01,-0.0755,1.2608,1256256,16527622.0,3750922465.24,1319204472.0
2320,2013-11-04,sh600988,³à·å»Æ½ð,13.31,13.37,13.11,13.2,13.24,0.07,0.5287,1.6365,1630615,21598937.0,3770753626.31,1326179118.0
2321,2013-11-05,sh600988,³à·å»Æ½ð,13.29,13.33,13.13,13.31,13.31,-0.02,-0.1503,2.091,2083410,27568401.0,3765087580.29,1324186362.0
2322,2013-11-06,sh600988,³à·å»Æ½ð,13.42,13.44,13.12,13.22,13.29,0.13,0.9782,2.7506,2740639,36391162.0,3801916879.42,1337139276.0
2323,2013-11-07,sh600988,³à·å»Æ½ð,13.38,13.57,13.24,13.31,13.42,-0.04,-0.2981,2.2662,2257983,30219558.0,3790584787.38,1333153764.0
2324,2013-11-08,sh600988,³à·å»Æ½ð,13.21,13.41,13.05,13.24,13.38,-0.17,-1.2706,1.846,1839314,24269342.0,3742423396.21,1316215338.0
2325,2013-11-11,sh600988,³à·å»Æ½ð,12.89,13.0,12.76,12.85,13.21,-0.32,-2.4224,1.8317,1825085,23463734.0,3651766659.89,1284331242.0
2326,2013-11-12,sh600988,³à·å»Æ½ð,13.02,13.09,12.81,12.87,12.89,0.13,1.0085,1.7794,1772985,22888049.0,3688595959.02,1297284156.0
2327,2013-11-13,sh600988,³à·å»Æ½ð,12.93,12.98,12.82,12.89,13.02,-0.09,-0.6912,1.5703,1564603,20166095.0,3663098751.93,1288316754.0
2328,2013-11-14,sh600988,³à·å»Æ½ð,13.07,13.12,12.81,12.93,12.93,0.14,1.0828,1.8346,1827998,23751942.0,3702761074.07,1302266046.0
2329,2013-11-15,sh600988,³à·å»Æ½ð,13.36,13.52,13.13,13.13,13.07,0.29,2.2188,3.445,3432558,45850196.0,3784918741.36,1331161008.0
2330,2013-11-18,sh600988,³à·å»Æ½ð,13.53,13.56,13.2,13.32,13.36,0.17,1.2725,3.467,3454461,46265899.0,3833080132.53,1348099434.0
2331,2013-11-19,sh600988,³à·å»Æ½ð,13.33,13.43,13.28,13.42,13.53,-0.2,-1.4782,2.7081,2698302,36011318.0,3776419672.33,1328171874.0
2332,2013-11-20,sh600988,³à·å»Æ½ð,13.49,13.64,13.34,13.38,13.33,0.16,1.2003,2.6564,2646781,35652595.0,3821748040.49,1344113922.0
2333,2013-11-21,sh600988,³à·å»Æ½ð,13.2,13.34,13.07,13.23,13.49,-0.29,-2.1497,2.8711,2860697,37744063.0,3739590373.2,1315218960.0
2334,2013-11-22,sh600988,³à·å»Æ½ð,13.94,14.31,13.12,13.19,13.2,0.74,5.6061,7.9494,7920617,109068666.0,3949234075.94,1388950932.0
2335,2013-11-25,sh600988,³à·å»Æ½ð,13.52,13.82,13.49,13.6,13.94,-0.42,-3.0129,4.5226,4506263,61356226.0,3830247109.52,1347103056.0
2336,2013-11-26,sh600988,³à·å»Æ½ð,13.66,13.81,13.57,13.68,13.52,0.14,1.0355,2.651,2641447,36086938.0,3869909431.66,1361052348.0
2337,2013-11-27,sh600988,³à·å»Æ½ð,13.59,13.65,13.32,13.59,13.66,-0.07,-0.5124,2.6057,2596232,35035072.0,3850078270.59,1354077702.0
2338,2013-11-28,sh600988,³à·å»Æ½ð,13.83,14.05,13.47,13.5,13.59,0.24,1.766,4.4526,4436440,61287065.0,3918070822.83,1377990774.0
2339,2013-11-29,sh600988,³à·å»Æ½ð,13.68,13.84,13.58,13.76,13.83,-0.15,-1.0846,3.0266,3015642,41203352.0,3875575477.68,1363045104.0
2340,2013-12-02,sh600988,³à·å»Æ½ð,13.31,13.7,13.22,13.45,13.68,-0.37,-2.7047,3.2402,3228492,43324391.0,3770753626.31,1326179118.0
2341,2013-12-03,sh600988,³à·å»Æ½ð,13.24,13.25,12.76,13.05,13.31,-0.07,-0.5259,2.3465,2338010,30495455.0,3750922465.24,1319204472.0
2342,2013-12-04,sh600988,³à·å»Æ½ð,13.35,13.42,13.05,13.15,13.24,0.11,0.8308,2.5814,2572062,34129223.0,3782085718.35,1330164630.0
2343,2013-12-05,sh600988,³à·å»Æ½ð,13.37,13.79,13.35,13.6,13.35,0.02,0.1498,3.0418,3030808,40981020.0,3787751764.37,1332157386.0
2344,2013-12-06,sh600988,³à·å»Æ½ð,13.28,13.38,13.15,13.25,13.37,-0.09,-0.6731,1.303,1830818,24229388.0,3762254557.28,1865881845.28
2345,2013-12-09,sh600988,³à·å»Æ½ð,13.58,13.75,13.23,13.23,13.28,0.3,2.259,2.4799,3484343,47252205.0,3847245247.58,1908032790.58
2346,2013-12-10,sh600988,³à·å»Æ½ð,13.73,13.76,13.46,13.59,13.58,0.15,1.1046,1.9579,2750870,37413472.0,3889740592.73,1929108263.23
2347,2013-12-11,sh600988,³à·å»Æ½ð,13.68,14.09,13.58,13.96,13.73,-0.05,-0.3642,3.0288,4255587,58857899.0,3875575477.68,1922083105.68
2348,2013-12-12,sh600988,³à·å»Æ½ð,13.36,13.56,13.29,13.49,13.68,-0.32,-2.3392,2.3021,3234457,43322340.0,3784918741.36,1877122097.36
2349,2013-12-13,sh600988,³à·å»Æ½ð,13.21,13.28,13.0,13.1,13.36,-0.15,-1.1228,1.3794,1938038,25496270.0,3742423396.21,1856046624.71
2350,2013-12-16,sh600988,³à·å»Æ½ð,13.01,13.27,12.98,13.22,13.21,-0.2,-1.514,1.2362,1736883,22725588.0,3685762936.01,1827945994.51
2351,2013-12-17,sh600988,³à·å»Æ½ð,13.08,13.13,12.98,13.04,13.01,0.07,0.538,0.9724,1366212,17826376.0,3705594097.08,1837781215.08
2352,2013-12-18,sh600988,³à·å»Æ½ð,12.9,13.07,12.85,13.07,13.08,-0.18,-1.3761,0.9652,1356080,17548473.0,3654599682.9,1812490647.9
2353,2013-12-19,sh600988,³à·å»Æ½ð,12.71,12.98,12.7,12.98,12.9,-0.19,-1.4729,1.3239,1860168,23880616.0,3600772245.71,1785795049.21
2354,2013-12-20,sh600988,³à·å»Æ½ð,12.23,12.54,12.18,12.54,12.71,-0.48,-3.7766,1.902,2672323,32908332.0,3464787141.23,1718353536.73
2355,2013-12-23,sh600988,³à·å»Æ½ð,12.0,12.29,11.81,12.2,12.23,-0.23,-1.8806,0.9626,1352460,16264655.0,3399627612.0,1686037812.0
2356,2013-12-24,sh600988,³à·å»Æ½ð,12.09,12.16,11.93,11.97,12.0,0.09,0.75,0.8076,1134728,13685991.0,3425124819.09,1698683095.59
2357,2013-12-25,sh600988,³à·å»Æ½ð,12.31,12.34,12.02,12.09,12.09,0.22,1.8197,0.9702,1363094,16602378.0,3487451325.31,1729593788.81
2358,2013-12-26,sh600988,³à·å»Æ½ð,12.7,13.15,11.9,12.24,12.31,0.39,3.1682,3.48,4889534,61768872.0,3597939222.7,1784390017.7
2359,2013-12-27,sh600988,³à·å»Æ½ð,12.5,12.64,12.33,12.48,12.7,-0.2,-1.5748,1.9097,2683255,33579629.0,3541278762.5,1756289387.5
2360,2013-12-30,sh600988,³à·å»Æ½ð,12.57,12.82,12.28,12.5,12.5,0.07,0.56,1.7999,2528904,31684323.0,3561109923.57,1766124608.07
2361,2013-12-31,sh600988,³à·å»Æ½ð,12.62,12.79,12.37,12.39,12.57,0.05,0.3978,1.693,2378732,30014951.0,3575275038.62,1773149765.62
2362,2014-01-02,sh600988,³à·å»Æ½ð,12.78,12.94,12.6,12.62,12.62,0.16,1.2678,1.9719,2770629,35412886.0,3620603406.78,1795630269.78
2363,2014-01-03,sh600988,³à·å»Æ½ð,12.68,12.9,12.61,12.87,12.78,-0.1,-0.7825,1.2983,1824145,23168448.0,3592273176.68,1781579954.68
2364,2014-01-06,sh600988,³à·å»Æ½ð,12.18,12.7,12.16,12.7,12.68,-0.5,-3.9432,1.1303,1588097,19779903.0,3450622026.18,1711328379.18
2365,2014-01-07,sh600988,³à·å»Æ½ð,12.32,12.36,12.03,12.08,12.18,0.14,1.1494,0.8463,1189109,14581918.0,3490284348.32,1730998820.32
2366,2014-01-08,sh600988,³à·å»Æ½ð,12.06,12.26,11.9,12.26,12.32,-0.26,-2.1104,1.3727,1928664,23271252.0,3416625750.06,1694468001.06
2367,2014-01-09,sh600988,³à·å»Æ½ð,11.96,12.23,11.93,12.11,12.06,-0.1,-0.8292,0.9089,1277041,15423896.0,3388295519.96,1680417685.96
2368,2014-01-10,sh600988,³à·å»Æ½ð,12.06,12.28,11.9,11.9,11.96,0.1,0.8361,0.9275,1303219,15758141.0,3416625750.06,1694468001.06
2369,2014-01-13,sh600988,³à·å»Æ½ð,12.3,12.44,12.12,12.3,12.06,0.24,1.99,1.3999,1966971,24158021.0,3484618302.3,1728188757.3
2370,2014-01-14,sh600988,³à·å»Æ½ð,12.19,12.36,12.02,12.25,12.3,-0.11,-0.8943,1.49,2093468,25378430.0,3453455049.19,1712733410.69
2371,2014-01-15,sh600988,³à·å»Æ½ð,11.79,12.09,11.69,12.09,12.19,-0.4,-3.2814,3.4493,4846421,57400212.0,3340134128.79,1656532150.29
2372,2014-01-16,sh600988,³à·å»Æ½ð,11.88,12.06,11.62,11.75,11.79,0.09,0.7634,2.0818,2924926,34597220.0,3365631335.88,1669177433.88
2373,2014-01-17,sh600988,³à·å»Æ½ð,11.49,11.83,11.42,11.78,11.88,-0.39,-3.2828,2.0692,2907256,33748974.0,3255143438.49,1614381204.99
2374,2014-01-20,sh600988,³à·å»Æ½ð,11.48,11.63,11.3,11.59,11.49,-0.01,-0.087,1.4508,2038407,23400517.0,3252310415.48,1612976173.48
2375,2014-01-21,sh600988,³à·å»Æ½ð,11.38,11.51,11.3,11.4,11.48,-0.1,-0.8711,2.5624,3600217,41067605.0,3223980185.38,1598925858.38
2376,2014-01-22,sh600988,³à·å»Æ½ð,11.56,11.69,11.31,11.31,11.38,0.18,1.5817,2.5887,3637216,42013318.0,3274974599.56,1624216425.56
2377,2014-01-23,sh600988,³à·å»Æ½ð,11.53,11.62,11.42,11.5,11.56,-0.03,-0.2595,2.854,4010007,46235142.0,3266475530.53,1620001331.03
2378,2014-01-24,sh600988,³à·å»Æ½ð,11.84,12.04,11.65,11.73,11.53,0.31,2.6886,4.6131,6481524,76809828.0,3354299243.84,1663557307.84
2379,2014-01-27,sh600988,³à·å»Æ½ð,11.77,12.03,11.63,11.8,11.84,-0.07,-0.5912,4.2461,5965886,70693190.0,3334468082.77,1653722087.27
2380,2014-01-28,sh600988,³à·å»Æ½ð,11.57,11.7,11.52,11.66,11.77,-0.2,-1.6992,2.1541,3026619,35113173.0,3277807622.57,1625621457.07
2381,2014-01-29,sh600988,³à·å»Æ½ð,11.64,11.66,11.51,11.57,11.57,0.07,0.605,1.4831,2083834,24141518.0,3297638783.64,1635456677.64
2382,2014-01-30,sh600988,³à·å»Æ½ð,11.86,11.89,11.65,11.67,11.64,0.22,1.89,2.4632,3460847,40785594.0,3359965289.86,1666367370.86
2383,2014-02-07,sh600988,³à·å»Æ½ð,11.72,11.78,11.56,11.78,11.86,-0.14,-1.1804,2.2457,3155292,36752731.0,3320302967.72,1646696929.72
2384,2014-02-10,sh600988,³à·å»Æ½ð,12.14,12.18,11.68,11.74,11.72,0.42,3.5836,4.2871,6023444,72207945.0,3439289934.14,1705708253.14
2385,2014-02-11,sh600988,³à·å»Æ½ð,13.35,13.35,12.13,12.24,12.14,1.21,9.9671,11.1748,15700887,201297225.0,3782085718.35,1875717065.85
2386,2014-02-12,sh600988,³à·å»Æ½ð,14.05,14.27,13.04,13.3,13.35,0.7,5.2434,14.7075,20664452,284177071.0,3980397329.05,1974069271.55
2387,2014-02-13,sh600988,³à·å»Æ½ð,13.63,14.35,13.61,13.98,14.05,-0.42,-2.9893,8.7167,12247275,171729813.0,3861410362.63,1915057948.13
2388,2014-02-14,sh600988,³à·å»Æ½ð,14.01,14.22,13.76,13.96,13.63,0.38,2.788,4.9233,6917365,96600914.0,3969065237.01,1968449145.51
2389,2014-02-17,sh600988,³à·å»Æ½ð,14.12,14.46,13.92,14.45,14.01,0.11,0.7852,6.1733,8673652,122886075.0,4000228490.12,1983904492.12
2390,2014-02-18,sh600988,³à·å»Æ½ð,13.67,14.25,13.6,14.17,14.12,-0.45,-3.187,5.2492,7375239,101717761.0,3872742454.67,1920678074.17
2391,2014-02-19,sh600988,³à·å»Æ½ð,13.84,13.99,13.66,13.72,13.67,0.17,1.2436,3.3716,4737270,65430596.0,3920903845.84,1944563609.84
2392,2014-02-20,sh600988,³à·å»Æ½ð,14.08,14.27,13.61,13.76,13.84,0.24,1.7341,5.8053,8156694,114233237.0,3988896398.08,1978284366.08
2393,2014-02-21,sh600988,³à·å»Æ½ð,13.85,13.98,13.64,13.95,14.08,-0.23,-1.6335,2.6825,3768985,52072423.0,3923736868.85,1945968641.35
2394,2014-02-24,sh600988,³à·å»Æ½ð,13.7,14.12,13.5,13.85,13.85,-0.15,-1.083,2.8133,3952756,54322706.0,3881241523.7,1924893168.7
2395,2014-02-25,sh600988,³à·å»Æ½ð,12.97,13.85,12.83,13.62,13.7,-0.73,-5.3285,4.6398,6519095,87592275.0,3674430843.97,1822325868.47
2396,2014-02-26,sh600988,³à·å»Æ½ð,14.0,14.12,12.9,12.9,12.97,1.03,7.9414,6.6496,9342928,127539183.0,3966232214.0,1967044114.0
2397,2014-02-27,sh600988,³à·å»Æ½ð,13.34,13.84,13.21,13.7,14.0,-0.66,-4.7143,4.673,6565687,88487965.0,3779252695.34,1874312034.34
2398,2014-02-28,sh600988,³à·å»Æ½ð,13.51,13.88,13.2,13.22,13.34,0.17,1.2744,3.7719,5299590,71829412.0,3827414086.51,1898197570.01
2399,2014-03-03,sh600988,³à·å»Æ½ð,14.14,14.18,13.65,13.97,13.51,0.63,4.6632,6.1025,8574190,119438523.0,4005894536.14,1986714555.14
2400,2014-03-04,sh600988,³à·å»Æ½ð,14.15,15.1,14.1,14.34,14.14,0.01,0.0707,10.8289,15214968,222480096.0,4008727559.15,1988119586.65
2401,2014-03-05,sh600988,³à·å»Æ½ð,13.58,13.8,13.51,13.72,14.15,-0.57,-4.0283,5.5449,7790759,106229790.0,3847245247.58,1908032790.58
2402,2014-03-06,sh600988,³à·å»Æ½ð,13.29,13.58,13.13,13.53,13.58,-0.29,-2.1355,3.5061,4926120,65432937.0,3765087580.29,1867286876.79
2403,2014-03-07,sh600988,³à·å»Æ½ð,13.53,13.64,13.32,13.58,13.29,0.24,1.8059,3.0166,4238411,57135914.0,3833080132.53,1901007633.03
2404,2014-03-10,sh600988,³à·å»Æ½ð,12.78,13.19,12.58,13.05,13.53,-0.75,-5.5432,3.0423,4274533,55108703.0,3620603406.78,1795630269.78
2405,2014-03-11,sh600988,³à·å»Æ½ð,12.89,12.9,12.25,12.68,12.78,0.11,0.8607,1.8031,2533389,32303140.0,3651766659.89,1811085616.39
2406,2014-03-12,sh600988,³à·å»Æ½ð,13.45,13.52,12.9,12.98,12.89,0.56,4.3445,3.8104,5353754,70962455.0,3810415948.45,1889767380.95
2407,2014-03-13,sh600988,³à·å»Æ½ð,13.34,13.79,13.23,13.53,13.45,-0.11,-0.8178,3.4383,4830925,65415694.0,3779252695.34,1874312034.34
2408,2014-03-14,sh600988,³à·å»Æ½ð,13.71,13.75,13.31,13.54,13.34,0.37,2.7736,3.1529,4429964,60147800.0,3884074546.71,1926298200.21
2409,2014-03-17,sh600988,³à·å»Æ½ð,13.9,13.96,13.63,13.87,13.71,0.19,1.3858,3.2081,4507496,62182465.0,3937901983.9,1952993798.9
2410,2014-03-18,sh600988,³à·å»Æ½ð,13.2,13.45,13.11,13.41,13.9,-0.7,-5.036,4.1305,5803489,76999629.0,3739590373.2,1854641593.2
2411,2014-03-19,sh600988,³à·å»Æ½ð,13.02,13.1,12.81,13.0,13.2,-0.18,-1.3636,2.006,2818507,36422397.0,3688595959.02,1829351026.02
2412,2014-03-20,sh600988,³à·å»Æ½ð,12.6,12.88,12.57,12.7,13.02,-0.42,-3.2258,1.9046,2675981,33960800.0,3569608992.6,1770339702.6
2413,2014-03-21,sh600988,³à·å»Æ½ð,12.82,12.94,12.4,12.55,12.6,0.22,1.746,2.0792,2921366,37025890.0,3631935498.82,1801250395.82
2414,2014-03-24,sh600988,³à·å»Æ½ð,12.9,12.96,12.66,12.78,12.82,0.08,0.624,1.8818,2643939,33919834.0,3654599682.9,1812490647.9
2415,2014-03-25,sh600988,³à·å»Æ½ð,12.91,12.96,12.55,12.68,12.9,0.01,0.0775,1.377,1934768,24835974.0,3657432705.91,1813895679.41
2416,2014-03-26,sh600988,³à·å»Æ½ð,12.95,13.0,12.82,12.93,12.91,0.04,0.3098,1.315,1847589,23823484.0,3668764797.95,1819515805.45
2417,2014-03-27,sh600988,³à·å»Æ½ð,12.7,12.88,12.6,12.85,12.95,-0.25,-1.9305,1.3845,1945309,24829081.0,3597939222.7,1784390017.7
2418,2014-03-28,sh600988,³à·å»Æ½ð,12.74,12.85,12.6,12.7,12.7,0.04,0.315,1.6832,2364898,30076797.0,3609271314.74,1790010143.74
2419,2014-03-31,sh600988,³à·å»Æ½ð,13.49,13.97,13.3,13.6,12.74,0.75,5.887,6.2774,8819935,120036559.0,3821748040.49,1895387506.99
2420,2014-04-01,sh600988,³à·å»Æ½ð,13.77,13.9,13.38,13.51,13.49,0.28,2.0756,4.9298,6926547,95020616.0,3901072684.77,1934728389.27
2421,2014-04-02,sh600988,³à·å»Æ½ð,13.86,13.88,13.61,13.71,13.77,0.09,0.6536,2.9049,4081414,56141330.0,3926569891.86,1947373672.86
2422,2014-04-03,sh600988,³à·å»Æ½ð,14.52,14.7,13.87,13.92,13.86,0.66,4.7619,6.9475,9761457,140389879.0,4113549410.52,2040105752.52
2423,2014-04-04,sh600988,³à·å»Æ½ð,14.61,15.06,14.28,14.35,14.52,0.09,0.6198,6.4547,9069003,133903184.0,4139046617.61,2052751036.11
2424,2014-04-08,sh600988,³à·å»Æ½ð,14.7,14.8,14.45,14.65,14.61,0.09,0.616,3.75,5268903,76967989.0,4164543824.7,2065396319.7
2425,2014-04-09,sh600988,³à·å»Æ½ð,14.57,14.8,14.51,14.7,14.7,-0.13,-0.8844,3.1012,4357315,63669318.0,4127714525.57,2047130910.07
2426,2014-04-10,sh600988,³à·å»Æ½ð,14.57,14.99,14.55,14.58,14.57,0.0,0.0,3.2798,4608165,67866838.0,4127714525.57,2047130910.07
2427,2014-04-11,sh600988,³à·å»Æ½ð,14.73,14.94,14.63,14.74,14.57,0.16,1.0981,2.5764,3619897,53532666.0,4173042893.73,2069611414.23
2428,2014-04-14,sh600988,³à·å»Æ½ð,14.95,14.98,14.6,14.79,14.73,0.22,1.4936,2.5284,3552531,52583423.0,4235369399.95,2100522107.45
2429,2014-04-15,sh600988,³à·å»Æ½ð,14.39,14.92,14.32,14.92,14.95,-0.56,-3.7458,3.4347,4825873,70456185.0,4076720111.39,2021840342.89
2430,2014-04-16,sh600988,³à·å»Æ½ð,14.43,14.54,14.08,14.3,14.39,0.04,0.278,1.6291,2288878,32973312.0,4088052203.43,2027460468.93
2431,2014-04-17,sh600988,³à·å»Æ½ð,14.46,14.56,14.32,14.41,14.43,0.03,0.2079,1.0372,1457311,21042881.0,4096551272.46,2031675563.46
2432,2014-04-18,sh600988,³à·å»Æ½ð,14.47,14.55,14.33,14.37,14.46,0.01,0.0692,1.1819,1660626,23988647.0,4099384295.47,2033080594.97
2433,2014-04-21,sh600988,³à·å»Æ½ð,13.99,14.41,13.92,14.39,14.47,-0.48,-3.3172,1.5993,2247033,31894680.0,3963399190.99,1965639082.49
2434,2014-04-22,sh600988,³à·å»Æ½ð,14.15,14.16,13.91,13.91,13.99,0.16,1.1437,1.1808,1659028,23243778.0,4008727559.15,1988119586.65
2435,2014-04-23,sh600988,³à·å»Æ½ð,14.36,14.55,14.05,14.09,14.15,0.21,1.4841,1.5051,2114775,30323341.0,4068221042.36,2017625248.36
2436,2014-04-24,sh600988,³à·å»Æ½ð,14.13,14.39,14.03,14.3,14.36,-0.23,-1.6017,1.1424,1605165,22749419.0,4003061513.13,1985309523.63
2437,2014-04-25,sh600988,³à·å»Æ½ð,14.27,14.68,14.11,14.11,14.13,0.14,0.9908,2.1418,3009317,43466333.0,4042723835.27,2004979964.77
2438,2014-04-28,sh600988,³à·å»Æ½ð,14.26,14.62,14.1,14.27,14.27,-0.01,-0.0701,2.2104,3105643,44780659.0,4039890812.26,2003574933.26
2439,2014-04-29,sh600988,³à·å»Æ½ð,13.49,14.0,13.1,14.0,14.26,-0.77,-5.3997,3.1021,4358526,58755321.0,3821748040.49,1895387506.99
2440,2014-04-30,sh600988,³à·å»Æ½ð,13.51,13.62,13.33,13.41,13.49,0.02,0.1483,1.2131,1704404,22964309.0,3827414086.51,1898197570.01
2441,2014-05-05,sh600988,³à·å»Æ½ð,13.95,13.99,13.56,13.68,13.51,0.44,3.2568,1.8792,2640328,36435815.0,3952067098.95,1960018956.45
2442,2014-05-06,sh600988,³à·å»Æ½ð,13.87,13.97,13.79,13.88,13.95,-0.08,-0.5735,1.3505,1897441,26286244.0,3929402914.87,1948778704.37
2443,2014-05-07,sh600988,³à·å»Æ½ð,13.53,13.86,13.5,13.86,13.87,-0.34,-2.4513,1.0647,1495874,20396277.0,3833080132.53,1901007633.03
2444,2014-05-08,sh600988,³à·å»Æ½ð,13.42,13.65,13.26,13.35,13.53,-0.11,-0.813,0.9612,1350572,18180632.0,3801916879.42,1885552286.42
2445,2014-05-09,sh600988,³à·å»Æ½ð,0.0,0.0,0.0,0.0,13.42,,,0.0,0,0.0,3801916879.42,1885552286.42
2446,2014-05-12,sh600988,³à·å»Æ½ð,0.0,0.0,0.0,0.0,13.42,,,0.0,0,0.0,3801916879.42,1885552286.42
2447,2014-05-13,sh600988,³à·å»Æ½ð,0.0,0.0,0.0,0.0,13.42,,,0.0,0,0.0,3801916879.42,1885552286.42
2448,2014-05-14,sh600988,³à·å»Æ½ð,0.0,0.0,0.0,0.0,13.42,,,0.0,0,0.0,3801916879.42,1885552286.42
2449,2014-05-15,sh600988,³à·å»Æ½ð,0.0,0.0,0.0,0.0,13.42,,,0.0,0,0.0,3801916879.42,1885552286.42
2450,2014-05-16,sh600988,³à·å»Æ½ð,0.0,0.0,0.0,0.0,13.42,,,0.0,0,0.0,3801916879.42,1885552286.42
2451,2014-05-19,sh600988,³à·å»Æ½ð,0.0,0.0,0.0,0.0,13.42,,,0.0,0,0.0,3801916879.42,1885552286.42
2452,2014-05-20,sh600988,³à·å»Æ½ð,0.0,0.0,0.0,0.0,13.42,,,0.0,0,0.0,3801916879.42,1885552286.42
2453,2014-05-21,sh600988,³à·å»Æ½ð,0.0,0.0,0.0,0.0,13.42,,,0.0,0,0.0,3801916879.42,1885552286.42
2454,2014-05-22,sh600988,³à·å»Æ½ð,0.0,0.0,0.0,0.0,13.42,,,0.0,0,0.0,3801916879.42,1885552286.42
2455,2014-05-23,sh600988,³à·å»Æ½ð,0.0,0.0,0.0,0.0,13.42,,,0.0,0,0.0,3801916879.42,1885552286.42
2456,2014-05-26,sh600988,³à·å»Æ½ð,0.0,0.0,0.0,0.0,13.42,,,0.0,0,0.0,3801916879.42,1885552286.42
2457,2014-05-27,sh600988,³à·å»Æ½ð,0.0,0.0,0.0,0.0,13.42,,,0.0,0,0.0,3801916879.42,1885552286.42
2458,2014-05-28,sh600988,³à·å»Æ½ð,0.0,0.0,0.0,0.0,13.42,,,0.0,0,0.0,3801916879.42,1885552286.42
2459,2014-05-29,sh600988,³à·å»Æ½ð,0.0,0.0,0.0,0.0,13.42,,,0.0,0,0.0,3801916879.42,1885552286.42
2460,2014-05-30,sh600988,³à·å»Æ½ð,0.0,0.0,0.0,0.0,13.42,,,0.0,0,0.0,3801916879.42,1885552286.42
2461,2014-06-03,sh600988,³à·å»Æ½ð,0.0,0.0,0.0,0.0,13.42,,,0.0,0,0.0,3801916879.42,1885552286.42
2462,2014-06-04,sh600988,³à·å»Æ½ð,0.0,0.0,0.0,0.0,13.42,,,0.0,0,0.0,3801916879.42,1885552286.42
2463,2014-06-05,sh600988,³à·å»Æ½ð,0.0,0.0,0.0,0.0,13.42,,,0.0,0,0.0,3801916879.42,1885552286.42
2464,2014-06-06,sh600988,³à·å»Æ½ð,0.0,0.0,0.0,0.0,13.42,,,0.0,0,0.0,3801916879.42,1885552286.42
2465,2014-06-09,sh600988,³à·å»Æ½ð,0.0,0.0,0.0,0.0,13.42,,,0.0,0,0.0,3801916879.42,1885552286.42
2466,2014-06-10,sh600988,³à·å»Æ½ð,0.0,0.0,0.0,0.0,13.42,,,0.0,0,0.0,3801916879.42,1885552286.42
2467,2014-06-11,sh600988,³à·å»Æ½ð,0.0,0.0,0.0,0.0,13.42,,,0.0,0,0.0,3801916879.42,1885552286.42
2468,2014-06-12,sh600988,³à·å»Æ½ð,0.0,0.0,0.0,0.0,13.42,,,0.0,0,0.0,3801916879.42,1885552286.42
2469,2014-06-13,sh600988,³à·å»Æ½ð,0.0,0.0,0.0,0.0,13.42,,,0.0,0,0.0,3801916879.42,1885552286.42
2470,2014-06-16,sh600988,³à·å»Æ½ð,0.0,0.0,0.0,0.0,13.42,,,0.0,0,0.0,3801916879.42,1885552286.42
2471,2014-06-17,sh600988,³à·å»Æ½ð,0.0,0.0,0.0,0.0,13.42,,,0.0,0,0.0,3801916879.42,1885552286.42
2472,2014-06-18,sh600988,³à·å»Æ½ð,0.0,0.0,0.0,0.0,13.42,,,0.0,0,0.0,3801916879.42,1885552286.42
2473,2014-06-19,sh600988,³à·å»Æ½ð,0.0,0.0,0.0,0.0,13.42,,,0.0,0,0.0,3801916879.42,1885552286.42
2474,2014-06-20,sh600988,³à·å»Æ½ð,0.0,0.0,0.0,0.0,13.42,,,0.0,0,0.0,3801916879.42,1885552286.42
2475,2014-06-23,sh600988,³à·å»Æ½ð,0.0,0.0,0.0,0.0,13.42,,,0.0,0,0.0,3801916879.42,1885552286.42
2476,2014-06-24,sh600988,³à·å»Æ½ð,0.0,0.0,0.0,0.0,13.42,,,0.0,0,0.0,3801916879.42,1885552286.42
2477,2014-06-25,sh600988,XR³à·å»Æ,0.0,0.0,0.0,0.0,6.71,,,0.0,0,0.0,3801916879.42,1885552286.42
2478,2014-06-26,sh600988,³à·å»Æ½ð,0.0,0.0,0.0,0.0,6.71,,,0.0,0,0.0,3801916879.42,1885552286.42
2479,2014-06-27,sh600988,³à·å»Æ½ð,0.0,0.0,0.0,0.0,6.71,,,0.0,0,0.0,3801916879.42,1885552286.42
2480,2014-06-30,sh600988,³à·å»Æ½ð,0.0,0.0,0.0,0.0,6.71,,,0.0,0,0.0,3801916879.42,1885552286.42
2481,2014-07-01,sh600988,³à·å»Æ½ð,0.0,0.0,0.0,0.0,6.71,,,0.0,0,0.0,3801916879.42,1885552286.42
2482,2014-07-02,sh600988,³à·å»Æ½ð,0.0,0.0,0.0,0.0,6.71,,,0.0,0,0.0,3801916879.42,1885552286.42
2483,2014-07-03,sh600988,³à·å»Æ½ð,0.0,0.0,0.0,0.0,6.71,,,0.0,0,0.0,3801916879.42,1885552286.42
2484,2014-07-04,sh600988,³à·å»Æ½ð,0.0,0.0,0.0,0.0,6.71,,,0.0,0,0.0,3801916879.42,1885552286.42
2485,2014-07-07,sh600988,³à·å»Æ½ð,0.0,0.0,0.0,0.0,6.71,,,0.0,0,0.0,3801916879.42,1885552286.42
2486,2014-07-08,sh600988,³à·å»Æ½ð,0.0,0.0,0.0,0.0,6.71,,,0.0,0,0.0,3801916879.42,1885552286.42
2487,2014-07-09,sh600988,³à·å»Æ½ð,0.0,0.0,0.0,0.0,6.71,,,0.0,0,0.0,3801916879.42,1885552286.42
2488,2014-07-10,sh600988,³à·å»Æ½ð,0.0,0.0,0.0,0.0,6.71,,,0.0,0,0.0,3801916879.42,1885552286.42
2489,2014-07-11,sh600988,³à·å»Æ½ð,0.0,0.0,0.0,0.0,6.71,,,0.0,0,0.0,3801916879.42,1885552286.42
2490,2014-07-14,sh600988,³à·å»Æ½ð,0.0,0.0,0.0,0.0,6.71,,,0.0,0,0.0,3801916879.42,1885552286.42
2491,2014-07-15,sh600988,³à·å»Æ½ð,0.0,0.0,0.0,0.0,6.71,,,0.0,0,0.0,3801916879.42,1885552286.42
2492,2014-07-16,sh600988,³à·å»Æ½ð,0.0,0.0,0.0,0.0,6.71,,,0.0,0,0.0,3801916879.42,1885552286.42
2493,2014-07-17,sh600988,³à·å»Æ½ð,0.0,0.0,0.0,0.0,6.71,,,0.0,0,0.0,3801916879.42,1885552286.42
2494,2014-07-18,sh600988,³à·å»Æ½ð,0.0,0.0,0.0,0.0,6.71,,,0.0,0,0.0,3801916879.42,1885552286.42
2495,2014-07-21,sh600988,³à·å»Æ½ð,0.0,0.0,0.0,0.0,6.71,,,0.0,0,0.0,3801916879.42,1885552286.42
2496,2014-07-22,sh600988,³à·å»Æ½ð,0.0,0.0,0.0,0.0,6.71,,,0.0,0,0.0,3801916879.42,1885552286.42
2497,2014-07-23,sh600988,³à·å»Æ½ð,0.0,0.0,0.0,0.0,6.71,,,0.0,0,0.0,3801916879.42,1885552286.42
2498,2014-07-24,sh600988,³à·å»Æ½ð,0.0,0.0,0.0,0.0,6.71,,,0.0,0,0.0,3801916879.42,1885552286.42
2499,2014-07-25,sh600988,³à·å»Æ½ð,0.0,0.0,0.0,0.0,6.71,,,0.0,0,0.0,3801916879.42,1885552286.42
2500,2014-07-28,sh600988,³à·å»Æ½ð,0.0,0.0,0.0,0.0,6.71,,,0.0,0,0.0,3801916879.42,1885552286.42
2501,2014-07-29,sh600988,³à·å»Æ½ð,0.0,0.0,0.0,0.0,6.71,,,0.0,0,0.0,3801916879.42,1885552286.42
2502,2014-07-30,sh600988,³à·å»Æ½ð,0.0,0.0,0.0,0.0,6.71,,,0.0,0,0.0,3801916879.42,1885552286.42
2503,2014-07-31,sh600988,³à·å»Æ½ð,0.0,0.0,0.0,0.0,6.71,,,0.0,0,0.0,3801916879.42,1885552286.42
2504,2014-08-01,sh600988,³à·å»Æ½ð,0.0,0.0,0.0,0.0,6.71,,,0.0,0,0.0,3801916879.42,1885552286.42
2505,2014-08-04,sh600988,³à·å»Æ½ð,0.0,0.0,0.0,0.0,6.71,,,0.0,0,0.0,3801916879.42,1885552286.42
2506,2014-08-05,sh600988,³à·å»Æ½ð,0.0,0.0,0.0,0.0,6.71,,,0.0,0,0.0,3801916879.42,1885552286.42
2507,2014-08-06,sh600988,³à·å»Æ½ð,0.0,0.0,0.0,0.0,6.71,,,0.0,0,0.0,3801916879.42,1885552286.42
2508,2014-08-07,sh600988,³à·å»Æ½ð,0.0,0.0,0.0,0.0,6.71,,,0.0,0,0.0,3801916879.42,1885552286.42
2509,2014-08-08,sh600988,³à·å»Æ½ð,0.0,0.0,0.0,0.0,6.71,,,0.0,0,0.0,3801916879.42,1885552286.42
2510,2014-08-11,sh600988,³à·å»Æ½ð,7.38,7.38,7.38,7.38,6.71,0.67,9.9851,0.034,95466,704539.0,4181541962.76,2073826508.76
2511,2014-08-12,sh600988,³à·å»Æ½ð,8.12,8.12,8.12,8.12,7.38,0.74,10.0271,0.1341,376725,3059007.0,4600829368.24,2281771172.24
2512,2014-08-13,sh600988,³à·å»Æ½ð,8.93,8.93,8.93,8.93,8.12,0.81,9.9754,0.3717,1044399,9326483.0,5059779095.86,2509386276.86
2513,2014-08-14,sh600988,³à·å»Æ½ð,9.82,9.82,9.38,9.59,8.93,0.89,9.9664,10.1213,28441547,275755092.0,5564057191.64,2759481885.64
2514,2014-08-15,sh600988,³à·å»Æ½ð,10.1,10.66,9.88,10.48,9.82,0.28,2.8513,18.2635,51321539,523406921.0,5722706480.2,2838163650.2
2515,2014-08-18,sh600988,³à·å»Æ½ð,11.11,11.11,10.11,10.15,10.1,1.01,10.0,17.9457,50428490,550652572.0,6294977128.22,3121980015.22
2516,2014-08-19,sh600988,³à·å»Æ½ð,12.22,12.22,10.8,11.18,11.11,1.11,9.991,17.8436,50141559,585072326.0,6923908236.44,3433897010.44
2517,2014-08-20,sh600988,³à·å»Æ½ð,12.85,13.39,11.8,12.13,12.22,0.63,5.1555,20.2011,56766302,730983764.0,7280869135.7,3610930980.7
2518,2014-08-21,sh600988,³à·å»Æ½ð,12.64,13.17,12.47,12.6,12.85,-0.21,-1.6342,12.6606,35577224,451321752.0,7161882169.28,3551919657.28
2519,2014-08-22,sh600988,³à·å»Æ½ð,12.06,12.51,11.81,12.5,12.64,-0.58,-4.5886,11.3259,31826470,382999299.0,6833251500.12,3388936002.12
2520,2014-08-25,sh600988,³à·å»Æ½ð,12.04,12.24,11.68,12.06,12.06,-0.02,-0.1658,8.4577,23766715,284174448.0,6821919408.08,3383315876.08
2521,2014-08-26,sh600988,³à·å»Æ½ð,12.34,12.65,11.7,11.9,12.04,0.3,2.4917,11.3757,31966512,391488788.0,6991900788.68,3467617766.68
2522,2014-08-27,sh600988,³à·å»Æ½ð,11.63,12.3,11.6,12.17,12.34,-0.71,-5.7536,8.5242,23953563,284580964.0,6589611521.26,3268103292.26
2523,2014-08-28,sh600988,³à·å»Æ½ð,11.04,11.46,10.84,11.46,11.63,-0.59,-5.0731,8.3191,23377197,260583356.0,6255314806.08,3102309574.08
2524,2014-08-29,sh600988,³à·å»Æ½ð,11.1,11.18,10.96,11.09,11.04,0.06,0.5435,4.1241,11588873,128115724.0,6289311082.2,3119169952.2
2525,2014-09-01,sh600988,³à·å»Æ½ð,11.32,11.53,11.06,11.11,11.1,0.22,1.982,5.678,15955417,180804803.0,6413964094.64,3180991338.64
2526,2014-09-02,sh600988,³à·å»Æ½ð,11.66,11.68,11.21,11.38,11.32,0.34,3.0035,6.312,17737223,203325076.0,6606609659.32,3276533481.32
2527,2014-09-03,sh600988,³à·å»Æ½ð,11.59,11.68,11.33,11.53,11.66,-0.07,-0.6003,6.645,18672945,214682637.0,6566947337.18,3256863040.18
2528,2014-09-04,sh600988,³à·å»Æ½ð,11.59,11.65,11.4,11.56,11.59,0.0,0.0,5.1351,14429902,166215421.0,6566947337.18,3256863040.18
2529,2014-09-05,sh600988,³à·å»Æ½ð,11.75,11.92,11.37,11.66,11.59,0.16,1.3805,8.5785,24106243,281257027.0,6657604073.5,3301824048.5
2530,2014-09-09,sh600988,³à·å»Æ½ð,11.48,11.69,11.35,11.57,11.75,-0.27,-2.2979,5.1576,14493307,165982551.0,6504620830.96,3225952346.96
2531,2014-09-10,sh600988,³à·å»Æ½ð,11.67,11.7,11.24,11.42,11.48,0.19,1.6551,5.7569,16177247,186216581.0,6612275705.34,3279343544.34
2532,2014-09-11,sh600988,³à·å»Æ½ð,11.83,11.88,11.46,11.63,11.67,0.16,1.371,7.2945,20498059,239610802.0,6702932441.66,3324304552.66
2533,2014-09-12,sh600988,³à·å»Æ½ð,11.69,11.77,11.5,11.73,11.83,-0.14,-1.1834,4.149,11658864,135987642.0,6623607797.38,3284963670.38
2534,2014-09-15,sh600988,³à·å»Æ½ð,11.55,11.68,11.43,11.68,11.69,-0.14,-1.1976,4.3147,12124520,139425326.0,6544283153.1,3245622788.1
2535,2014-09-16,sh600988,³à·å»Æ½ð,11.34,11.95,11.33,11.63,11.55,-0.21,-1.8182,7.2867,20476054,239243149.0,6425296186.68,3186611464.68
2536,2014-09-17,sh600988,³à·å»Æ½ð,11.29,11.42,10.91,11.31,11.34,-0.05,-0.4409,3.5696,10030725,112293816.0,6396965956.58,3172561149.58
2537,2014-09-18,sh600988,³à·å»Æ½ð,11.08,11.23,11.01,11.2,11.29,-0.21,-1.8601,2.9406,8263180,91667513.0,6277978990.16,3113549826.16
2538,2014-09-19,sh600988,³à·å»Æ½ð,11.15,11.18,11.02,11.05,11.08,0.07,0.6318,2.2239,6249332,69518135.0,6317641312.3,3133220267.3
2539,2014-09-22,sh600988,³à·å»Æ½ð,10.81,11.08,10.75,11.07,11.15,-0.34,-3.0493,3.2224,9055214,98486965.0,6124995747.62,3037678124.62
2540,2014-09-23,sh600988,³à·å»Æ½ð,10.91,10.93,10.78,10.86,10.81,0.1,0.9251,2.0383,5727890,62261383.0,6181656207.82,3065778754.82
2541,2014-09-24,sh600988,³à·å»Æ½ð,11.13,11.17,10.82,10.9,10.91,0.22,2.0165,2.7665,7773915,85871054.0,6306309220.26,3127600141.26
2542,2014-09-25,sh600988,³à·å»Æ½ð,11.0,11.18,10.97,11.05,11.13,-0.13,-1.168,3.0756,8642556,95627090.0,6232650622.0,3091069322.0
2543,2014-09-26,sh600988,³à·å»Æ½ð,11.06,11.14,10.96,11.02,11.0,0.06,0.5455,1.962,5513264,60954096.0,6266646898.12,3107929700.12
2544,2014-09-29,sh600988,³à·å»Æ½ð,11.17,11.25,11.04,11.1,11.06,0.11,0.9946,2.7126,7622580,84887022.0,6328973404.34,3138840393.34
2545,2014-09-30,sh600988,³à·å»Æ½ð,11.19,11.22,11.11,11.17,11.17,0.02,0.1791,2.1241,5968940,66724565.0,6340305496.38,3144460519.38
2546,2014-10-08,sh600988,³à·å»Æ½ð,11.16,11.3,11.02,11.3,11.19,-0.03,-0.2681,3.1506,8853335,98152418.0,6323307358.32,3136030330.32
2547,2014-10-09,sh600988,³à·å»Æ½ð,11.33,11.41,11.05,11.16,11.16,0.17,1.5233,4.9715,13970191,157418851.0,6419630140.66,3183801401.66
2548,2014-10-10,sh600988,³à·å»Æ½ð,11.18,11.34,11.11,11.33,11.33,-0.15,-1.3239,2.7015,7591317,84890423.0,6334639450.36,3141650456.36
2549,2014-10-13,sh600988,³à·å»Æ½ð,11.21,11.25,11.0,11.19,11.18,0.03,0.2683,2.3123,6497721,72324720.0,6351637588.42,3150080645.42
2550,2014-10-14,sh600988,³à·å»Æ½ð,11.14,11.28,11.1,11.26,11.21,-0.07,-0.6244,2.1013,5904708,66086356.0,6311975266.28,3130410204.28
2551,2014-10-15,sh600988,³à·å»Æ½ð,11.05,11.17,10.88,11.12,11.14,-0.09,-0.8079,2.1829,6134012,67578724.0,6260980852.1,3105119637.1
2552,2014-10-16,sh600988,³à·å»Æ½ð,11.02,11.24,11.01,11.04,11.05,-0.03,-0.2715,2.4924,7003903,77969418.0,6243982714.04,3096689448.04
2553,2014-10-17,sh600988,³à·å»Æ½ð,10.63,10.93,10.4,10.92,11.02,-0.39,-3.539,2.8173,7916856,84291707.0,6023006919.26,2987096990.26
2554,2014-10-20,sh600988,³à·å»Æ½ð,10.65,10.68,10.54,10.54,10.63,0.02,0.1881,1.1313,3178983,33764379.0,6034339011.3,2992717116.3
2555,2014-10-21,sh600988,³à·å»Æ½ð,10.65,10.77,10.62,10.63,10.65,0.0,0.0,1.4377,4040026,43234536.0,6034339011.3,2992717116.3
2556,2014-10-22,sh600988,³à·å»Æ½ð,10.38,10.72,10.31,10.72,10.65,-0.27,-2.5352,1.7596,4944566,51848959.0,5881355768.76,2916845414.76
2557,2014-10-23,sh600988,³à·å»Æ½ð,10.32,10.42,10.18,10.42,10.38,-0.06,-0.578,1.4073,3954493,40649968.0,5847359492.64,2899985036.64
2558,2014-10-24,sh600988,³à·å»Æ½ð,10.37,10.45,10.23,10.3,10.32,0.05,0.4845,1.0373,2914879,30184174.0,5875689722.74,2914035351.74
2559,2014-10-27,sh600988,³à·å»Æ½ð,10.31,10.37,10.14,10.37,10.37,-0.06,-0.5786,0.8245,2316940,23798698.0,5841693446.62,2897174973.62
2560,2014-10-28,sh600988,³à·å»Æ½ð,10.69,10.8,10.31,10.31,10.31,0.38,3.6857,1.7186,4829282,50838144.0,6057003195.38,3003957368.38
2561,2014-10-29,sh600988,³à·å»Æ½ð,10.98,11.15,10.54,10.7,10.69,0.29,2.7128,4.3304,12168647,132380677.0,6221318529.96,3085449195.96
2562,2014-10-30,sh600988,³à·å»Æ½ð,10.96,11.16,10.67,10.7,10.98,-0.02,-0.1821,4.062,11414404,124983764.0,6209986437.92,3079829069.92
2563,2014-10-31,sh600988,³à·å»Æ½ð,10.66,11.09,10.44,10.79,10.96,-0.3,-2.7372,4.5442,12769570,135941056.0,6040005057.32,2995527179.32
2564,2014-11-03,sh600988,³à·å»Æ½ð,10.39,10.52,10.23,10.52,10.66,-0.27,-2.5328,4.6309,13013029,134655097.0,5887021814.78,2919655477.78
2565,2014-11-04,sh600988,³à·å»Æ½ð,10.33,10.41,10.28,10.4,10.39,-0.06,-0.5775,1.824,5125634,52897792.0,5853025538.66,2902795099.66
2566,2014-11-05,sh600988,³à·å»Æ½ð,10.1,10.35,10.07,10.33,10.33,-0.23,-2.2265,3.0472,8562696,87324995.0,5722706480.2,2838163650.2
2567,2014-11-06,sh600988,³à·å»Æ½ð,10.21,10.22,9.96,10.0,10.1,0.11,1.0891,2.0463,5750283,58274128.0,5785032986.42,2869074343.42
2568,2014-11-07,sh600988,³à·å»Æ½ð,10.28,10.31,10.1,10.28,10.21,0.07,0.6856,3.0094,8456590,86385067.0,5824695308.56,2888744784.56
2569,2014-11-10,sh600988,³à·å»Æ½ð,10.21,10.48,10.13,10.4,10.28,-0.07,-0.6809,4.0845,11477759,117621469.0,5785032986.42,2869074343.42
2570,2014-11-11,sh600988,³à·å»Æ½ð,9.94,10.2,9.8,10.16,10.21,-0.27,-2.6445,3.7981,10672811,106921193.0,5632049743.88,2793202641.88
2571,2014-11-12,sh600988,³à·å»Æ½ð,10.11,10.16,9.9,10.08,9.94,0.17,1.7103,2.5952,7292559,73231871.0,5728372526.22,2840973713.22
2572,2014-11-13,sh600988,³à·å»Æ½ð,10.25,10.34,9.98,10.04,10.11,0.14,1.3848,3.9284,11038970,112482688.0,5807697170.5,2880314595.5
2573,2014-11-14,sh600988,³à·å»Æ½ð,10.02,10.1,9.88,10.1,10.25,-0.23,-2.2439,3.6315,10204802,101894170.0,5677378112.04,2815683146.04
2574,2014-11-17,sh600988,³à·å»Æ½ð,10.34,10.38,9.98,10.18,10.02,0.32,3.1936,6.607,18566053,190324762.0,5858691584.68,2905605162.68
2575,2014-11-18,sh600988,³à·å»Æ½ð,10.14,10.26,10.06,10.25,10.34,-0.2,-1.9342,2.7312,7674903,77904898.0,5745370664.28,2849403902.28
2576,2014-11-19,sh600988,³à·å»Æ½ð,10.24,10.28,10.09,10.19,10.14,0.1,0.9862,4.3235,12149279,123712426.0,5802031124.48,2877504532.48
2577,2014-11-20,sh600988,³à·å»Æ½ð,10.0,10.14,9.96,10.13,10.24,-0.24,-2.3438,4.0136,11278592,113360960.0,5666046020.0,2810063020.0
2578,2014-11-21,sh600988,³à·å»Æ½ð,10.03,10.07,9.94,10.0,10.0,0.03,0.3,2.1846,6138769,61383170.0,5683044158.06,2818493209.06
2579,2014-11-24,sh600988,³à·å»Æ½ð,10.21,10.35,10.05,10.1,10.03,0.18,1.7946,4.7936,13470193,137437549.0,5785032986.42,2869074343.42
2580,2014-11-25,sh600988,³à·å»Æ½ð,10.98,11.08,10.1,10.14,10.21,0.77,7.5416,13.8909,39034259,417847719.0,6221318529.96,3085449195.96
2581,2014-11-26,sh600988,³à·å»Æ½ð,10.68,10.98,10.56,10.98,10.98,-0.3,-2.7322,9.1181,25622533,274303298.0,6051337149.36,3001147305.36
2582,2014-11-27,sh600988,³à·å»Æ½ð,10.67,10.75,10.45,10.68,10.68,-0.01,-0.0936,6.0014,16864188,179021440.0,6045671103.34,2998337242.34
2583,2014-11-28,sh600988,³à·å»Æ½ð,10.97,11.15,10.76,10.76,10.67,0.3,2.8116,13.0797,36754798,403934044.0,6215652483.94,3082639132.94
2584,2014-12-01,sh600988,³à·å»Æ½ð,10.59,10.85,10.45,10.7,10.97,-0.38,-3.464,6.3256,17775349,188960792.0,6000342735.18,2975856738.18
2585,2014-12-02,sh600988,³à·å»Æ½ð,10.81,11.1,10.77,10.9,10.59,0.22,2.0774,6.4776,18202463,198637110.0,6124995747.62,3037678124.62
2586,2014-12-03,sh600988,³à·å»Æ½ð,11.38,11.7,10.6,10.66,10.81,0.57,5.2729,12.814,36008079,404804228.0,6447960370.76,3197851716.76
2587,2014-12-04,sh600988,³à·å»Æ½ð,11.45,11.58,11.2,11.4,11.38,0.07,0.6151,8.6184,24218160,275496292.0,6487622692.9,3217522157.9
2588,2014-12-05,sh600988,³à·å»Æ½ð,10.82,11.43,10.5,11.43,11.45,-0.63,-5.5022,7.6825,21588330,237348216.0,6130661793.64,3040488187.64
2589,2014-12-08,sh600988,³à·å»Æ½ð,10.84,11.19,10.54,10.69,10.82,0.02,0.1848,6.8553,19263812,207393195.0,6141993885.68,3046108313.68
2590,2014-12-09,sh600988,³à·å»Æ½ð,10.47,11.15,10.43,10.82,10.84,-0.37,-3.4133,7.2597,20400349,222304488.0,5932350182.94,2942135981.94
2591,2014-12-10,sh600988,³à·å»Æ½ð,10.91,11.06,10.65,10.8,10.47,0.44,4.2025,5.3556,15049591,163254362.0,6181656207.82,3065778754.82
2592,2014-12-11,sh600988,³à·å»Æ½ð,10.82,10.91,10.56,10.91,10.91,-0.09,-0.8249,4.0088,11264984,121193139.0,6130661793.64,3040488187.64
2593,2014-12-12,sh600988,³à·å»Æ½ð,10.88,10.97,10.72,10.79,10.82,0.06,0.5545,3.6888,10365642,112437822.0,6164658069.76,3057348565.76
2594,2014-12-15,sh600988,³à·å»Æ½ð,10.99,11.0,10.7,10.84,10.88,0.11,1.011,3.7006,10398840,112438774.0,6226984575.98,3088259258.98
2595,2014-12-16,sh600988,³à·å»Æ½ð,10.9,10.96,10.78,10.89,10.99,-0.09,-0.8189,3.4446,9679668,105110246.0,6175990161.8,3062968691.8
2596,2014-12-17,sh600988,³à·å»Æ½ð,10.76,11.09,10.71,10.89,10.9,-0.14,-1.2844,5.2762,14826430,161612365.0,6096665517.52,3023627809.52
2597,2014-12-18,sh600988,³à·å»Æ½ð,10.71,10.93,10.6,10.69,10.76,-0.05,-0.4647,3.8923,10937737,117595631.0,6068335287.42,3009577494.42
2598,2014-12-19,sh600988,³à·å»Æ½ð,10.44,10.81,10.23,10.61,10.71,-0.27,-2.521,4.3777,12301540,129387209.0,5915352044.88,2933705792.88
2599,2014-12-22,sh600988,³à·å»Æ½ð,10.09,10.6,9.95,10.26,10.44,-0.35,-3.3525,4.8044,13500588,137757913.0,5717040434.18,2835353587.18
2600,2014-12-23,sh600988,³à·å»Æ½ð,9.68,10.0,9.62,9.9,10.09,-0.41,-4.0634,3.0794,8653314,85279305.0,5484732547.36,2720141003.36
2601,2014-12-24,sh600988,³à·å»Æ½ð,9.7,9.8,9.42,9.75,9.68,0.02,0.2066,2.9436,8271683,79322692.0,5496064639.4,2725761129.4
2602,2014-12-25,sh600988,³à·å»Æ½ð,9.78,9.79,9.65,9.67,9.7,0.08,0.8247,1.8638,5237313,50869344.0,5541393007.56,2748241633.56
2603,2014-12-26,sh600988,³à·å»Æ½ð,9.93,9.97,9.76,9.78,9.78,0.15,1.5337,2.2553,6337607,62728814.0,5626383697.86,2790392578.86
2604,2014-12-29,sh600988,³à·å»Æ½ð,9.75,10.04,9.64,9.95,9.93,-0.18,-1.8127,2.6045,7318737,71776642.0,5524394869.5,2739811444.5
2605,2014-12-30,sh600988,³à·å»Æ½ð,9.43,9.73,9.4,9.73,9.75,-0.32,-3.2821,2.2906,6436665,61092340.0,5343081396.86,2649889427.86
2606,2014-12-31,sh600988,³à·å»Æ½ð,9.62,9.72,9.48,9.48,9.43,0.19,2.0148,1.8697,5253933,50566830.0,5450736271.24,2703280625.24
2607,2015-01-05,sh600988,³à·å»Æ½ð,10.15,10.2,9.43,9.63,9.62,0.53,5.5094,5.027,14126219,140644390.0,5751036710.3,2852213965.3
2608,2015-01-06,sh600988,³à·å»Æ½ð,10.16,10.4,9.9,10.16,10.15,0.01,0.0985,3.9417,11076564,112307178.0,5756702756.32,2855024028.32
2609,2015-01-07,sh600988,³à·å»Æ½ð,10.88,11.15,10.13,10.16,10.16,0.72,7.0866,10.6538,29937889,323665624.0,6164658069.76,3057348565.76
2610,2015-01-08,sh600988,³à·å»Æ½ð,0.0,0.0,0.0,0.0,10.88,,,0.0,0,0.0,6164658069.76,3057348565.76
2611,2015-01-09,sh600988,³à·å»Æ½ð,0.0,0.0,0.0,0.0,10.88,,,0.0,0,0.0,6164658069.76,3057348565.76
2612,2015-01-12,sh600988,³à·å»Æ½ð,0.0,0.0,0.0,0.0,10.88,,,0.0,0,0.0,6164658069.76,3057348565.76
2613,2015-01-13,sh600988,³à·å»Æ½ð,0.0,0.0,0.0,0.0,10.88,,,0.0,0,0.0,6164658069.76,3057348565.76
2614,2015-01-14,sh600988,³à·å»Æ½ð,0.0,0.0,0.0,0.0,10.88,,,0.0,0,0.0,6164658069.76,3057348565.76
2615,2015-01-15,sh600988,³à·å»Æ½ð,0.0,0.0,0.0,0.0,10.88,,,0.0,0,0.0,6164658069.76,3057348565.76
2616,2015-01-16,sh600988,³à·å»Æ½ð,11.25,11.97,11.17,11.97,10.88,0.37,3.4007,15.4578,43437266,501749685.0,6374301772.5,3161320897.5
2617,2015-01-19,sh600988,³à·å»Æ½ð,10.83,11.72,10.71,10.95,11.25,-0.42,-3.7333,11.3691,31947780,360298597.0,6136327839.66,3043298250.66
2618,2015-01-20,sh600988,³à·å»Æ½ð,10.94,10.98,10.5,10.6,10.83,0.11,1.0157,6.2851,17661411,189994077.0,6198654345.88,3074208943.88
2619,2015-01-21,sh600988,³à·å»Æ½ð,11.26,11.36,10.98,11.29,10.94,0.32,2.925,8.7403,24560856,274925063.0,6379967818.52,3164130960.52
2620,2015-01-22,sh600988,³à·å»Æ½ð,11.7,12.19,10.98,11.11,11.26,0.44,3.9076,17.3549,48768323,566725069.0,6629273843.4,3287773733.4
2621,2015-01-23,sh600988,³à·å»Æ½ð,11.46,12.11,11.39,11.84,11.7,-0.24,-2.0513,10.8627,30524825,358185079.0,6493288738.92,3220332220.92
2622,2015-01-26,sh600988,³à·å»Æ½ð,11.43,11.59,11.25,11.43,11.46,-0.03,-0.2618,5.9358,16679849,190100410.0,6476290600.86,3211902031.86
2623,2015-01-27,sh600988,³à·å»Æ½ð,11.17,11.28,10.96,11.27,11.43,-0.26,-2.2747,6.7562,18985436,210930677.0,6328973404.34,3138840393.34
2624,2015-01-28,sh600988,³à·å»Æ½ð,11.05,11.28,11.0,11.17,11.17,-0.12,-1.0743,3.5136,9873418,109836638.0,6260980852.1,3105119637.1
2625,2015-01-29,sh600988,³à·å»Æ½ð,10.81,10.89,10.69,10.88,11.05,-0.24,-2.1719,3.5777,10053687,108581699.0,6124995747.62,3037678124.62
2626,2015-01-30,sh600988,³à·å»Æ½ð,10.76,10.86,10.62,10.67,10.81,-0.05,-0.4625,2.6921,7565105,81251952.0,6096665517.52,3023627809.52
2627,2015-02-02,sh600988,³à·å»Æ½ð,10.84,10.98,10.75,10.75,10.76,0.08,0.7435,2.9856,8389793,91354983.0,6141993885.68,3046108313.68
2628,2015-02-03,sh600988,³à·å»Æ½ð,10.9,10.94,10.75,10.87,10.84,0.06,0.5535,2.42,6800346,73756251.0,6175990161.8,3062968691.8
2629,2015-02-04,sh600988,³à·å»Æ½ð,10.67,10.81,10.64,10.81,10.9,-0.23,-2.1101,2.8857,8109117,86846893.0,6045671103.34,2998337242.34
2630,2015-02-05,sh600988,³à·å»Æ½ð,10.59,10.87,10.58,10.8,10.67,-0.08,-0.7498,2.2897,6434336,68978838.0,6000342735.18,2975856738.18
2631,2015-02-06,sh600988,³à·å»Æ½ð,10.22,10.5,10.15,10.5,10.59,-0.37,-3.4939,2.9431,8270397,84795905.0,5790699032.44,2871884406.44
2632,2015-02-09,sh600988,³à·å»Æ½ð,10.07,10.16,9.97,10.0,10.22,-0.15,-1.4677,2.1003,5902056,59371965.0,5705708342.14,2829733461.14
2633,2015-02-10,sh600988,³à·å»Æ½ð,10.13,10.19,10.06,10.06,10.07,0.06,0.5958,1.507,4234788,42875296.0,5739704618.26,2846593839.26
2634,2015-02-11,sh600988,³à·å»Æ½ð,10.48,10.5,10.1,10.13,10.13,0.35,3.4551,2.6877,7552705,78343024.0,5938016228.96,2944946044.96
2635,2015-02-12,sh600988,³à·å»Æ½ð,10.36,10.45,10.3,10.36,10.48,-0.12,-1.145,1.3684,3845262,39855640.0,5870023676.72,2911225288.72
2636,2015-02-13,sh600988,³à·å»Æ½ð,10.55,10.65,10.42,10.42,10.36,0.19,1.834,1.8632,5235590,55205091.0,5977678551.1,2964616486.1
2637,2015-02-16,sh600988,³à·å»Æ½ð,10.58,10.6,10.45,10.55,10.55,0.03,0.2844,1.9277,5416983,56936048.0,5994676689.16,2973046675.16
2638,2015-02-17,sh600988,³à·å»Æ½ð,10.67,10.73,10.52,10.57,10.58,0.09,0.8507,1.8161,5103478,54303863.0,7262230209.96,2998337242.34
2639,2015-02-25,sh600988,³à·å»Æ½ð,10.36,10.58,10.31,10.58,10.67,-0.31,-2.9053,2.2785,6402799,66500086.0,7051237579.68,2911225288.72
2640,2015-02-26,sh600988,³à·å»Æ½ð,10.6,10.6,10.36,10.37,10.36,0.24,2.3166,2.1065,5919459,62040586.0,7214586712.8,2978666801.2
2641,2015-02-27,sh600988,³à·å»Æ½ð,10.71,10.75,10.5,10.63,10.6,0.11,1.0377,2.8344,7964781,84740064.0,7289455065.48,3009577494.42
2642,2015-03-02,sh600988,³à·å»Æ½ð,11.0,11.09,10.76,10.76,10.71,0.29,2.7077,4.6437,13049177,143153092.0,7486835268.0,3091069322.0
2643,2015-03-03,sh600988,³à·å»Æ½ð,11.11,11.21,10.79,10.9,11.0,0.11,1.0,5.7789,16238960,179543327.0,7561703620.68,3121980015.22
2644,2015-03-04,sh600988,³à·å»Æ½ð,11.18,11.19,11.01,11.13,11.11,0.07,0.6301,3.993,11220691,124504846.0,7609347117.84,3141650456.36
2645,2015-03-05,sh600988,³à·å»Æ½ð,11.17,11.2,10.92,11.13,11.18,-0.01,-0.0894,3.7922,10656205,117706970.0,7602540903.96,3138840393.34
2646,2015-03-06,sh600988,³à·å»Æ½ð,11.42,11.69,11.12,11.18,11.17,0.25,2.2381,7.0285,19750522,225479593.0,7772696250.96,3209091968.84
2647,2015-03-09,sh600988,³à·å»Æ½ð,11.25,11.25,10.94,11.21,11.42,-0.17,-1.4886,4.061,11411590,126873366.0,7656990615.0,3161320897.5
2648,2015-03-10,sh600988,³à·å»Æ½ð,11.17,11.35,11.1,11.17,11.25,-0.08,-0.7111,3.1897,8963144,100386800.0,7602540903.96,3138840393.34
2649,2015-03-11,sh600988,³à·å»Æ½ð,11.09,11.23,11.05,11.15,11.17,-0.08,-0.7162,2.9847,8387225,93180342.0,7548091192.92,3116359889.18
2650,2015-03-12,sh600988,³à·å»Æ½ð,11.04,11.12,10.8,11.07,11.09,-0.05,-0.4509,3.4298,9638029,105802957.0,7514060123.52,3102309574.08
2651,2015-03-13,sh600988,³à·å»Æ½ð,11.07,11.14,10.92,11.03,11.04,0.03,0.2717,2.5074,7046007,77829558.0,7534478765.16,3110739763.14
2652,2015-03-16,sh600988,³à·å»Æ½ð,11.37,11.38,11.11,11.11,11.07,0.3,2.71,4.4455,12492181,140590342.0,7738665181.56,3195041653.74
2653,2015-03-17,sh600988,³à·å»Æ½ð,11.54,11.57,11.25,11.39,11.37,0.17,1.4952,6.223,17486961,199720892.0,7854370817.52,3242812725.08
2654,2015-03-18,sh600988,³à·å»Æ½ð,11.66,11.72,11.45,11.53,11.54,0.12,1.0399,6.3282,17782641,206687692.0,7936045384.08,3276533481.32
2655,2015-03-19,sh600988,³à·å»Æ½ð,12.83,12.83,11.93,11.93,11.66,1.17,10.0343,8.3156,23367241,293712146.0,8732372408.04,3605310854.66
2656,2015-03-20,sh600988,³à·å»Æ½ð,12.85,13.48,12.84,13.48,12.83,0.02,0.1559,18.9666,53297318,696200554.0,8745984835.8,3610930980.7
2657,2015-03-23,sh600988,³à·å»Æ½ð,13.01,13.27,12.75,13.12,12.85,0.16,1.2451,11.1854,31431798,409007673.0,9278611631.48,3655891989.02
2658,2015-03-24,sh600988,³à·å»Æ½ð,13.47,13.96,12.78,12.92,13.01,0.46,3.5357,18.7929,52809112,709976610.0,9606679375.56,3785154887.94
2659,2015-03-25,sh600988,³à·å»Æ½ð,13.23,13.65,13.06,13.15,13.47,-0.24,-1.7817,10.7552,30222798,400629911.0,9435513596.04,3717713375.46
2660,2015-03-26,sh600988,³à·å»Æ½ð,13.35,13.39,12.79,13.19,13.23,0.12,0.907,9.6644,27157436,353934330.0,9521096485.8,3751434131.7
2661,2015-03-27,sh600988,³à·å»Æ½ð,13.25,14.14,13.04,13.39,13.35,-0.1,-0.7491,14.6327,41118695,551035466.0,9449777411.0,3723333501.5
2662,2015-03-30,sh600988,³à·å»Æ½ð,13.0,13.14,12.88,13.02,13.25,-0.25,-1.8868,8.5459,24014453,311354926.0,9271479724.0,3653081926.0
2663,2015-03-31,sh600988,³à·å»Æ½ð,12.86,13.0,12.8,13.0,13.0,-0.14,-1.0769,7.1853,20191235,260352807.0,9171633019.28,3613741043.72
2664,2015-04-01,sh600988,³à·å»Æ½ð,12.98,13.03,12.84,12.87,12.86,0.12,0.9331,6.3088,17728018,229314504.0,9257215909.04,3647461799.96
2665,2015-04-02,sh600988,³à·å»Æ½ð,13.37,13.45,13.1,13.29,12.98,0.39,3.0046,11.3967,32025584,425236363.0,9535360300.76,3757054257.74
2666,2015-04-03,sh600988,³à·å»Æ½ð,13.26,13.36,13.11,13.3,13.37,-0.11,-0.8227,8.4937,23867867,315415355.0,9456909318.48,3726143564.52
2667,2015-04-07,sh600988,³à·å»Æ½ð,13.79,13.9,13.38,13.5,13.26,0.53,3.997,13.337,37477761,511857409.0,9834900414.92,3875076904.58
2668,2015-04-08,sh600988,³à·å»Æ½ð,13.37,13.73,13.09,13.73,13.79,-0.42,-3.0457,10.7743,30276565,405734734.0,9535360300.76,3757054257.74
2669,2015-04-09,sh600988,³à·å»Æ½ð,12.76,13.26,12.56,13.25,13.37,-0.61,-4.5625,9.4604,26584370,341283663.0,9100313944.48,3585640413.52
2670,2015-04-10,sh600988,³à·å»Æ½ð,12.96,13.0,12.61,12.62,12.76,0.2,1.5674,6.042,16978382,218409306.0,9242952094.08,3641841673.92
2671,2015-04-13,sh600988,³à·å»Æ½ð,13.36,13.5,13.13,13.13,12.96,0.4,3.0864,9.4869,26658681,355326105.0,9528228393.28,3754244194.72
2672,2015-04-14,sh600988,³à·å»Æ½ð,14.0,14.15,13.04,13.26,13.36,0.64,4.7904,16.9001,47490410,649479014.0,9984670472.0,3934088228.0
2673,2015-04-15,sh600988,³à·å»Æ½ð,15.4,15.4,14.27,14.27,14.0,1.4,10.0,23.2505,65335245,995292775.0,10983137519.2,4327497050.8
2674,2015-04-16,sh600988,³à·å»Æ½ð,16.37,16.94,15.0,15.6,15.4,0.97,6.2987,22.5285,63306382,1005582513.0,11674932544.8,4600073163.74
2675,2015-04-17,sh600988,³à·å»Æ½ð,15.96,16.99,15.73,16.2,16.37,-0.41,-2.5046,18.4979,51980233,848214800.0,11382524338.1,4484860579.92
2676,2015-04-20,sh600988,³à·å»Æ½ð,15.25,16.25,15.01,15.4,15.96,-0.71,-4.4486,13.8349,38876924,607332217.0,10876158907.0,4285346105.5
2677,2015-04-21,sh600988,³à·å»Æ½ð,15.91,15.94,14.96,15.18,15.25,0.66,4.3279,10.2603,28832226,446079510.0,11346864800.7,4470810264.82
2678,2015-04-22,sh600988,³à·å»Æ½ð,15.98,16.2,15.7,15.9,15.91,0.07,0.44,9.5961,26965742,431543053.0,11396788153.0,4490480705.96
2679,2015-04-23,sh600988,³à·å»Æ½ð,16.15,16.53,15.4,15.75,15.98,0.17,1.0638,10.5434,29627517,471158555.0,11518030580.2,4538251777.3
2680,2015-04-24,sh600988,³à·å»Æ½ð,15.68,16.08,15.53,15.85,16.15,-0.47,-2.9102,6.2603,17591910,277250996.0,11182830928.6,4406178815.36
2681,2015-04-27,sh600988,³à·å»Æ½ð,16.11,16.47,15.5,15.91,15.68,0.43,2.7423,9.0484,25426494,405690542.0,11489502950.3,4527011525.22
2682,2015-04-28,sh600988,³à·å»Æ½ð,17.72,17.72,16.17,16.5,16.11,1.61,9.9938,18.5543,52138841,884120180.0,12637740054.6,4979431671.44
2683,2015-04-29,sh600988,³à·å»Æ½ð,19.49,19.49,17.88,17.9,17.72,1.77,9.9887,12.234,34378249,648060929.0,13900087678.5,5476812825.98
2684,2015-04-30,sh600988,³à·å»Æ½ð,18.5,20.48,18.22,20.28,19.49,-0.99,-5.0795,20.6461,58016744,1106941509.0,13194028838.0,5198616587.0
2685,2015-05-04,sh600988,³à·å»Æ½ð,17.91,18.23,17.48,18.0,18.5,-0.59,-3.1892,9.8827,27770932,494565462.0,12773246296.7,5032822868.82
2686,2015-05-05,sh600988,³à·å»Æ½ð,17.53,18.77,17.48,17.99,17.91,-0.38,-2.1217,10.2056,28678430,521392168.0,12502233812.4,4926040474.06
2687,2015-05-06,sh600988,³à·å»Æ½ð,16.84,18.22,16.4,17.8,17.53,-0.69,-3.9361,7.2651,20415333,356981689.0,12010132196.3,4732146125.68
2688,2015-05-07,sh600988,³à·å»Æ½ð,16.41,17.1,16.09,16.5,16.84,-0.43,-2.5534,5.1889,14581054,240944923.0,11703460174.7,4611313415.82
2689,2015-05-08,sh600988,³à·å»Æ½ð,16.74,16.85,16.12,16.68,16.41,0.33,2.011,6.4677,18174623,299394570.0,11938813121.5,4704045495.48
2690,2015-05-11,sh600988,³à·å»Æ½ð,17.54,17.56,16.69,17.1,16.74,0.8,4.779,8.717,24495218,418229771.0,12509365719.9,4928850537.08
2691,2015-05-12,sh600988,³à·å»Æ½ð,17.59,17.61,16.8,17.35,17.54,0.05,0.2851,10.3317,29032824,501380398.0,12545025257.3,4942900852.18
2692,2015-05-13,sh600988,³à·å»Æ½ð,17.86,18.59,17.7,18.2,17.59,0.27,1.535,11.8231,33223752,600654746.0,12737586759.3,5018772553.72
2693,2015-05-14,sh600988,³à·å»Æ½ð,18.36,18.77,17.9,18.52,17.86,0.5,2.7996,9.6576,27138555,494923521.0,13094182133.3,5159275704.72
2694,2015-05-15,sh600988,³à·å»Æ½ð,17.45,18.34,17.3,18.34,18.36,-0.91,-4.9564,7.5382,21182737,374371578.0,12445178552.6,4903559969.9
2695,2015-05-18,sh600988,³à·å»Æ½ð,18.98,19.2,17.22,17.5,17.45,1.53,8.7679,15.4396,43386160,801140346.0,13536360397.0,5333499611.96
2696,2015-05-19,sh600988,³à·å»Æ½ð,19.65,20.81,19.0,19.0,18.98,0.67,3.53,14.8256,41660872,827088167.0,14014198198.2,5521773834.3
2697,2015-05-20,sh600988,³à·å»Æ½ð,19.96,20.7,19.1,19.28,19.65,0.31,1.5776,12.672,35609071,707729186.0,14235287330.1,5608885787.92
2698,2015-05-21,sh600988,³à·å»Æ½ð,21.96,21.96,19.95,19.95,19.96,2.0,10.02,13.4157,37699084,794911952.0,15661668826.1,6170898391.92
2699,2015-05-22,sh600988,³à·å»Æ½ð,22.73,23.2,21.09,21.97,21.96,0.77,3.5064,12.6143,35447086,784923544.0,16210825702.0,6387273244.46
2700,2015-05-25,sh600988,³à·å»Æ½ð,24.76,25.0,23.0,23.3,22.73,2.03,8.9309,12.6071,35426880,848075702.0,17658602920.5,6957716037.52
2701,2015-05-26,sh600988,³à·å»Æ½ð,25.24,25.59,23.67,24.5,24.76,0.48,1.9386,14.0076,39362146,961436915.0,18000934479.5,7092599062.48
2702,2015-05-27,sh600988,³à·å»Æ½ð,24.11,25.19,23.98,24.7,25.24,-1.13,-4.477,11.4918,32292606,791660361.0,17195028934.3,6775061941.22
2703,2015-05-28,sh600988,³à·å»Æ½ð,21.73,23.9,21.7,23.9,24.11,-2.38,-9.8714,10.9024,30636463,703808727.0,15497634954.0,6106266942.46
2704,2015-05-29,sh600988,³à·å»Æ½ð,22.32,23.26,19.99,21.6,21.73,0.59,2.7151,8.5594,24052401,528686946.0,15918417495.4,6272060660.64
2705,2015-06-01,sh600988,³à·å»Æ½ð,23.87,23.9,22.0,22.63,22.32,1.55,6.9444,8.1511,22904983,532797546.0,17023863154.8,6707620428.74
2706,2015-06-02,sh600988,³à·å»Æ½ð,24.99,26.0,23.0,24.68,23.87,1.12,4.6921,8.0925,22740407,569141978.0,17822636792.5,7022347486.98
2707,2015-06-03,sh600988,³à·å»Æ½ð,24.12,25.35,23.08,25.22,24.99,-0.87,-3.4814,7.2631,20409737,492092226.0,17202160841.8,6777872004.24
2708,2015-06-04,sh600988,³à·å»Æ½ð,23.22,23.88,21.77,23.88,24.12,-0.9,-3.7313,6.5713,18465677,422900933.0,16560289168.6,6524966332.44
2709,2015-06-05,sh600988,³à·å»Æ½ð,23.55,24.42,23.22,23.23,23.22,0.33,1.4212,6.1684,17333493,411701555.0,16795642115.4,6617698412.1
2710,2015-06-08,sh600988,³à·å»Æ½ð,22.98,23.69,22.4,23.57,23.55,-0.57,-2.4204,5.086,14291942,327680478.0,16389123389.0,6457524819.96
2711,2015-06-09,sh600988,³à·å»Æ½ð,23.26,23.45,22.7,22.89,22.98,0.28,1.2185,4.9628,13945651,322721877.0,16588816798.5,6536206584.52
2712,2015-06-10,sh600988,³à·å»Æ½ð,23.68,23.96,22.71,23.0,23.26,0.42,1.8057,5.2071,14632224,346212509.0,16888356912.6,6654229231.36
2713,2015-06-11,sh600988,³à·å»Æ½ð,24.0,24.18,23.5,23.84,23.68,0.32,1.3514,5.5249,15525348,370181275.0,17116577952.0,6744151248.0
2714,2015-06-12,sh600988,³à·å»Æ½ð,24.09,24.5,23.6,24.0,24.0,0.09,0.375,5.9877,16825694,404198468.0,17180765119.3,6769441815.18
2715,2015-06-15,sh600988,³à·å»Æ½ð,24.4,24.98,23.65,24.06,24.09,0.31,1.2868,8.8755,24940591,608064750.0,17401854251.2,6856553768.8
2716,2015-06-16,sh600988,³à·å»Æ½ð,22.28,24.16,21.96,23.63,24.4,-2.12,-8.6885,6.9707,19588121,449730802.0,15889889865.4,6260820408.56
2717,2015-06-17,sh600988,³à·å»Æ½ð,21.81,22.45,20.38,22.0,22.28,-0.47,-2.1095,7.8022,21924766,468905733.0,15554690213.9,6128747446.62
2718,2015-06-18,sh600988,³à·å»Æ½ð,20.81,22.25,20.6,21.91,21.81,-1.0,-4.5851,4.7597,13374933,289053876.0,14841499465.9,5847741144.62
2719,2015-06-19,sh600988,³à·å»Æ½ð,19.01,20.98,19.0,20.7,20.81,-1.8,-8.6497,6.3056,17719217,355132243.0,13557756119.5,5341929801.02
2720,2015-06-23,sh600988,³à·å»Æ½ð,18.88,19.4,17.45,18.8,19.01,-0.13,-0.6839,7.2505,20374412,374838851.0,13465041322.2,5305398981.76
2721,2015-06-24,sh600988,³à·å»Æ½ð,19.43,19.5,18.8,19.09,18.88,0.55,2.9131,5.8612,16470242,316472159.0,13857296233.6,5459952447.86
2722,2015-06-25,sh600988,³à·å»Æ½ð,18.05,19.43,17.63,19.41,19.43,-1.38,-7.1024,5.9026,16586542,310497178.0,12873093001.4,5072163751.1
2723,2015-06-26,sh600988,³à·å»Æ½ð,16.25,17.51,16.25,17.5,18.05,-1.8,-9.9723,5.5976,15729531,262317462.0,11589349655.0,4566352407.5
2724,2015-06-29,sh600988,³à·å»Æ½ð,14.63,16.78,14.63,16.78,16.25,-1.62,-9.9692,9.2104,25881741,393488982.0,10433980643.2,4111122198.26
2725,2015-06-30,sh600988,³à·å»Æ½ð,15.79,15.9,13.17,14.64,14.63,1.16,7.9289,9.9128,27855723,404680505.0,11261281910.9,4437089508.58
2726,2015-07-01,sh600988,³à·å»Æ½ð,14.21,15.93,14.21,15.3,15.79,-1.58,-10.0063,7.6443,21480933,329482862.0,10134440529.1,3993099551.42
2727,2015-07-02,sh600988,³à·å»Æ½ð,13.19,14.68,12.84,14.58,14.21,-1.02,-7.178,6.683,18779517,260979129.0,9406985966.12,3706473123.38
2728,2015-07-03,sh600988,³à·å»Æ½ð,12.36,13.96,11.87,13.0,13.19,-0.83,-6.2926,7.8411,22033989,277800546.0,8815037645.28,3473237892.72
2729,2015-07-06,sh600988,³à·å»Æ½ð,12.0,13.6,11.12,13.6,12.36,-0.36,-2.9126,10.5339,29601043,358525376.0,8558288976.0,3372075624.0
2730,2015-07-07,sh600988,³à·å»Æ½ð,0.0,0.0,0.0,0.0,12.0,,,0.0,0,0.0,8558288976.0,3372075624.0
2731,2015-07-08,sh600988,³à·å»Æ½ð,0.0,0.0,0.0,0.0,12.0,,,0.0,0,0.0,8558288976.0,3372075624.0
2732,2015-07-09,sh600988,³à·å»Æ½ð,0.0,0.0,0.0,0.0,12.0,,,0.0,0,0.0,8558288976.0,3372075624.0
2733,2015-07-10,sh600988,³à·å»Æ½ð,0.0,0.0,0.0,0.0,12.0,,,0.0,0,0.0,8558288976.0,3372075624.0
2734,2015-07-13,sh600988,³à·å»Æ½ð,13.2,13.2,13.2,13.2,12.0,1.2,10.0,0.4113,1155713,15255412.0,9414117873.6,3709283186.4
2735,2015-07-14,sh600988,³à·å»Æ½ð,14.52,14.52,14.52,14.52,13.2,1.32,10.0,0.7388,2076213,30146613.0,10355529661.0,4080211505.04
2736,2015-07-15,sh600988,³à·å»Æ½ð,13.07,15.0,13.07,15.0,14.52,-1.45,-9.9862,11.9951,33707039,465368346.0,9321403076.36,3672752367.14
2737,2015-07-16,sh600988,³à·å»Æ½ð,13.34,13.88,12.0,12.07,13.07,0.27,2.0658,8.1433,22883274,297361457.0,9513964578.32,3748624068.68
2738,2015-07-17,sh600988,³à·å»Æ½ð,14.36,14.67,13.19,13.2,13.34,1.02,7.6462,9.5327,26787523,374978729.0,10241419141.3,4035250496.72
2739,2015-07-20,sh600988,³à·å»Æ½ð,14.21,14.85,13.98,14.1,14.36,-0.15,-1.0446,9.8852,27777991,398419921.0,10134440529.1,3993099551.42
2740,2015-07-21,sh600988,³à·å»Æ½ð,15.03,15.05,13.76,14.25,14.21,0.82,5.7706,11.1687,31384835,457301810.0,10719256942.4,4223524719.06
2741,2015-07-22,sh600988,³à·å»Æ½ð,14.73,15.02,14.24,14.89,15.03,-0.3,-1.996,8.1049,22775418,333900509.0,10505299718.0,4139222828.46
2742,2015-07-23,sh600988,³à·å»Æ½ð,15.19,15.38,14.31,14.71,14.73,0.46,3.1229,9.6391,27086461,402100382.0,10833367462.1,4268485727.38
2743,2015-07-24,sh600988,³à·å»Æ½ð,14.78,15.67,14.51,15.15,15.19,-0.41,-2.6991,10.7764,30282299,456744634.0,10540959255.4,4153273143.56
2744,2015-07-27,sh600988,³à·å»Æ½ð,13.3,14.69,13.3,14.3,14.78,-1.48,-10.0135,7.0873,19915779,279916367.0,9485436948.4,3737383816.6
2745,2015-07-28,sh600988,³à·å»Æ½ð,12.49,13.28,12.01,12.1,13.3,-0.81,-6.0902,7.0554,19826252,248005035.0,8907752442.52,3509768711.98
2746,2015-07-29,sh600988,³à·å»Æ½ð,13.24,13.27,12.12,12.7,12.49,0.75,6.0048,5.239,14721846,186131139.0,9442645503.52,3720523438.48
2747,2015-07-30,sh600988,³à·å»Æ½ð,13.06,13.6,12.71,13.01,13.24,-0.18,-1.3595,5.5233,15520794,206290627.0,9314271168.88,3669942304.12
2748,2015-07-31,sh600988,³à·å»Æ½ð,12.86,13.1,12.61,12.89,13.06,-0.2,-1.5314,3.4219,9615816,123859917.0,9171633019.28,3613741043.72
2749,2015-08-03,sh600988,³à·å»Æ½ð,12.97,13.0,12.2,12.83,12.86,0.11,0.8554,3.8497,10817801,136563206.0,9250084001.56,3644651736.94
2750,2015-08-04,sh600988,³à·å»Æ½ð,13.83,13.91,12.78,12.78,12.97,0.86,6.6307,5.0072,14070473,188001876.0,9863428044.84,3886317156.66
2751,2015-08-05,sh600988,³à·å»Æ½ð,13.56,14.12,13.51,13.69,13.83,-0.27,-1.9523,4.5267,12720392,175925523.0,9670866542.88,3810445455.12
2752,2015-08-06,sh600988,³à·å»Æ½ð,13.39,13.55,13.26,13.4,13.56,-0.17,-1.2537,2.5766,7240353,96991590.0,9549624115.72,3762674383.78
2753,2015-08-07,sh600988,³à·å»Æ½ð,13.72,13.84,13.41,13.41,13.39,0.33,2.4645,3.3254,9344668,127833494.0,9784977062.56,3855406463.44
2754,2015-08-10,sh600988,³à·å»Æ½ð,14.5,14.67,13.69,13.8,13.72,0.78,5.6851,6.038,16967121,241417444.0,10341265846.0,4074591379.0
2755,2015-08-11,sh600988,³à·å»Æ½ð,15.95,15.95,14.3,14.58,14.5,1.45,10.0,14.2386,40011418,623594144.0,11375392430.6,4482050516.9
2756,2015-08-12,sh600988,³à·å»Æ½ð,16.66,17.5,15.45,16.0,15.95,0.71,4.4514,20.519,57659658,939356865.0,11881757861.7,4681564991.32
2757,2015-08-13,sh600988,³à·å»Æ½ð,16.44,17.2,16.01,16.34,16.66,-0.22,-1.3205,14.9365,41972367,694568571.0,11724855897.1,4619743604.88
2758,2015-08-14,sh600988,³à·å»Æ½ð,15.71,16.2,15.68,16.1,16.44,-0.73,-4.4404,9.6967,27248274,432118712.0,11204226651.1,4414609004.42
2759,2015-08-17,sh600988,³à·å»Æ½ð,15.99,16.0,15.41,15.51,15.71,0.28,1.7823,6.4101,18012706,284100950.0,11403920060.5,4493290768.98
2760,2015-08-18,sh600988,³à·å»Æ½ð,14.39,15.97,14.39,15.97,15.99,-1.6,-10.0063,6.607,18566031,281438985.0,10262814863.7,4043680685.78
2761,2015-08-19,sh600988,³à·å»Æ½ð,14.51,14.53,13.09,13.81,14.39,0.12,0.8339,5.9587,16744429,231255664.0,10348397753.5,4077401442.02
2762,2015-08-20,sh600988,³à·å»Æ½ð,14.79,15.88,14.72,14.85,14.51,0.28,1.9297,8.2092,23068281,351436270.0,10548091162.9,4156083206.58
2763,2015-08-21,sh600988,³à·å»Æ½ð,14.29,15.87,14.2,15.5,14.79,-0.5,-3.3807,10.1173,28430111,434604544.0,10191495788.9,4015580055.58
2764,2015-08-24,sh600988,³à·å»Æ½ð,12.87,15.15,12.86,13.25,14.29,-1.42,-9.937,14.8472,41721505,571245984.0,9178764926.76,3616551106.74
2765,2015-08-25,sh600988,³à·å»Æ½ð,11.58,13.74,11.58,11.89,12.87,-1.29,-10.0233,8.4211,23663951,288789389.0,8258748861.84,3254052977.16
2766,2015-08-26,sh600988,³à·å»Æ½ð,10.8,11.84,10.47,11.58,11.58,-0.78,-6.7358,9.2657,26037205,287970497.0,7702460078.4,3034868061.6
2767,2015-08-27,sh600988,³à·å»Æ½ð,10.98,11.16,10.18,10.67,10.8,0.18,1.6667,5.8815,16527333,177598048.0,7830834413.04,3085449195.96
2768,2015-08-28,sh600988,³à·å»Æ½ð,11.57,11.81,11.02,11.02,10.98,0.59,5.3734,4.3419,12200995,138685171.0,8251616954.36,3251242914.14
2769,2015-08-31,sh600988,³à·å»Æ½ð,0.0,0.0,0.0,0.0,11.57,,,0.0,0,0.0,8251616954.36,3251242914.14
2770,2015-09-01,sh600988,³à·å»Æ½ð,0.0,0.0,0.0,0.0,11.57,,,0.0,0,0.0,8251616954.36,3251242914.14
2771,2015-09-02,sh600988,³à·å»Æ½ð,0.0,0.0,0.0,0.0,11.57,,,0.0,0,0.0,8251616954.36,3251242914.14
2772,2015-09-07,sh600988,³à·å»Æ½ð,0.0,0.0,0.0,0.0,11.57,,,0.0,0,0.0,8251616954.36,3251242914.14
2773,2015-09-08,sh600988,³à·å»Æ½ð,0.0,0.0,0.0,0.0,11.57,,,0.0,0,0.0,8251616954.36,3251242914.14
2774,2015-09-09,sh600988,³à·å»Æ½ð,0.0,0.0,0.0,0.0,11.57,,,0.0,0,0.0,8251616954.36,3251242914.14
2775,2015-09-10,sh600988,³à·å»Æ½ð,0.0,0.0,0.0,0.0,11.57,,,0.0,0,0.0,8251616954.36,3251242914.14
2776,2015-09-11,sh600988,³à·å»Æ½ð,0.0,0.0,0.0,0.0,11.57,,,0.0,0,0.0,8251616954.36,3251242914.14
2777,2015-09-14,sh600988,³à·å»Æ½ð,0.0,0.0,0.0,0.0,11.57,,,0.0,0,0.0,8251616954.36,3251242914.14
2778,2015-09-15,sh600988,³à·å»Æ½ð,0.0,0.0,0.0,0.0,11.57,,,0.0,0,0.0,8251616954.36,3251242914.14
2779,2015-09-16,sh600988,³à·å»Æ½ð,0.0,0.0,0.0,0.0,11.57,,,0.0,0,0.0,8251616954.36,3251242914.14
2780,2015-09-17,sh600988,³à·å»Æ½ð,0.0,0.0,0.0,0.0,11.57,,,0.0,0,0.0,8251616954.36,3251242914.14
2781,2015-09-18,sh600988,³à·å»Æ½ð,0.0,0.0,0.0,0.0,11.57,,,0.0,0,0.0,8251616954.36,3251242914.14
2782,2015-09-21,sh600988,³à·å»Æ½ð,0.0,0.0,0.0,0.0,11.57,,,0.0,0,0.0,8251616954.36,3251242914.14
2783,2015-09-22,sh600988,³à·å»Æ½ð,0.0,0.0,0.0,0.0,11.57,,,0.0,0,0.0,8251616954.36,3251242914.14
2784,2015-09-23,sh600988,³à·å»Æ½ð,0.0,0.0,0.0,0.0,11.57,,,0.0,0,0.0,8251616954.36,3251242914.14
2785,2015-09-24,sh600988,³à·å»Æ½ð,0.0,0.0,0.0,0.0,11.57,,,0.0,0,0.0,8251616954.36,3251242914.14
2786,2015-09-25,sh600988,³à·å»Æ½ð,0.0,0.0,0.0,0.0,11.57,,,0.0,0,0.0,8251616954.36,3251242914.14
2787,2015-09-28,sh600988,³à·å»Æ½ð,0.0,0.0,0.0,0.0,11.57,,,0.0,0,0.0,8251616954.36,3251242914.14
2788,2015-09-29,sh600988,³à·å»Æ½ð,0.0,0.0,0.0,0.0,11.57,,,0.0,0,0.0,8251616954.36,3251242914.14
2789,2015-09-30,sh600988,³à·å»Æ½ð,0.0,0.0,0.0,0.0,11.57,,,0.0,0,0.0,8251616954.36,3251242914.14
2790,2015-10-08,sh600988,³à·å»Æ½ð,0.0,0.0,0.0,0.0,11.57,,,0.0,0,0.0,8251616954.36,3251242914.14
2791,2015-10-09,sh600988,³à·å»Æ½ð,0.0,0.0,0.0,0.0,11.57,,,0.0,0,0.0,8251616954.36,3251242914.14
2792,2015-10-12,sh600988,³à·å»Æ½ð,0.0,0.0,0.0,0.0,11.57,,,0.0,0,0.0,8251616954.36,3251242914.14
2793,2015-10-13,sh600988,³à·å»Æ½ð,0.0,0.0,0.0,0.0,11.57,,,0.0,0,0.0,8251616954.36,3251242914.14
2794,2015-10-14,sh600988,³à·å»Æ½ð,0.0,0.0,0.0,0.0,11.57,,,0.0,0,0.0,8251616954.36,3251242914.14
2795,2015-10-15,sh600988,³à·å»Æ½ð,0.0,0.0,0.0,0.0,11.57,,,0.0,0,0.0,8251616954.36,3251242914.14
2796,2015-10-16,sh600988,³à·å»Æ½ð,0.0,0.0,0.0,0.0,11.57,,,0.0,0,0.0,8251616954.36,3251242914.14
2797,2015-10-19,sh600988,³à·å»Æ½ð,0.0,0.0,0.0,0.0,11.57,,,0.0,0,0.0,8251616954.36,3251242914.14
2798,2015-10-20,sh600988,³à·å»Æ½ð,0.0,0.0,0.0,0.0,11.57,,,0.0,0,0.0,8251616954.36,3251242914.14
2799,2015-10-21,sh600988,³à·å»Æ½ð,0.0,0.0,0.0,0.0,11.57,,,0.0,0,0.0,8251616954.36,3251242914.14
2800,2015-10-22,sh600988,³à·å»Æ½ð,0.0,0.0,0.0,0.0,11.57,,,0.0,0,0.0,8251616954.36,3251242914.14
2801,2015-10-23,sh600988,³à·å»Æ½ð,0.0,0.0,0.0,0.0,11.57,,,0.0,0,0.0,8251616954.36,3251242914.14
2802,2015-10-26,sh600988,³à·å»Æ½ð,0.0,0.0,0.0,0.0,11.57,,,0.0,0,0.0,8251616954.36,3251242914.14
2803,2015-10-27,sh600988,³à·å»Æ½ð,0.0,0.0,0.0,0.0,11.57,,,0.0,0,0.0,8251616954.36,3251242914.14
2804,2015-10-28,sh600988,³à·å»Æ½ð,0.0,0.0,0.0,0.0,11.57,,,0.0,0,0.0,8251616954.36,3251242914.14
2805,2015-10-29,sh600988,³à·å»Æ½ð,0.0,0.0,0.0,0.0,11.57,,,0.0,0,0.0,8251616954.36,3251242914.14
2806,2015-10-30,sh600988,³à·å»Æ½ð,0.0,0.0,0.0,0.0,11.57,,,0.0,0,0.0,8251616954.36,3251242914.14
2807,2015-11-02,sh600988,³à·å»Æ½ð,0.0,0.0,0.0,0.0,11.57,,,0.0,0,0.0,8251616954.36,3251242914.14
2808,2015-11-03,sh600988,³à·å»Æ½ð,0.0,0.0,0.0,0.0,11.57,,,0.0,0,0.0,8251616954.36,3251242914.14
2809,2015-11-04,sh600988,³à·å»Æ½ð,0.0,0.0,0.0,0.0,11.57,,,0.0,0,0.0,8251616954.36,3251242914.14
2810,2015-11-05,sh600988,³à·å»Æ½ð,0.0,0.0,0.0,0.0,11.57,,,0.0,0,0.0,8251616954.36,3251242914.14
2811,2015-11-06,sh600988,³à·å»Æ½ð,0.0,0.0,0.0,0.0,11.57,,,0.0,0,0.0,8251616954.36,3251242914.14
2812,2015-11-09,sh600988,³à·å»Æ½ð,0.0,0.0,0.0,0.0,11.57,,,0.0,0,0.0,8251616954.36,3251242914.14
2813,2015-11-10,sh600988,³à·å»Æ½ð,0.0,0.0,0.0,0.0,11.57,,,0.0,0,0.0,8251616954.36,3251242914.14
2814,2015-11-11,sh600988,³à·å»Æ½ð,0.0,0.0,0.0,0.0,11.57,,,0.0,0,0.0,8251616954.36,3251242914.14
2815,2015-11-12,sh600988,³à·å»Æ½ð,0.0,0.0,0.0,0.0,11.57,,,0.0,0,0.0,8251616954.36,3251242914.14
2816,2015-11-13,sh600988,³à·å»Æ½ð,0.0,0.0,0.0,0.0,11.57,,,0.0,0,0.0,8251616954.36,3251242914.14
2817,2015-11-16,sh600988,³à·å»Æ½ð,0.0,0.0,0.0,0.0,11.57,,,0.0,0,0.0,8251616954.36,3251242914.14
2818,2015-11-17,sh600988,³à·å»Æ½ð,0.0,0.0,0.0,0.0,11.57,,,0.0,0,0.0,8251616954.36,3251242914.14
2819,2015-11-18,sh600988,³à·å»Æ½ð,0.0,0.0,0.0,0.0,11.57,,,0.0,0,0.0,8251616954.36,3251242914.14
2820,2015-11-19,sh600988,³à·å»Æ½ð,0.0,0.0,0.0,0.0,11.57,,,0.0,0,0.0,8251616954.36,3251242914.14
2821,2015-11-20,sh600988,³à·å»Æ½ð,0.0,0.0,0.0,0.0,11.57,,,0.0,0,0.0,8251616954.36,3251242914.14
2822,2015-11-23,sh600988,³à·å»Æ½ð,0.0,0.0,0.0,0.0,11.57,,,0.0,0,0.0,8251616954.36,3251242914.14
2823,2015-11-24,sh600988,³à·å»Æ½ð,0.0,0.0,0.0,0.0,11.57,,,0.0,0,0.0,8251616954.36,3251242914.14
2824,2015-11-25,sh600988,³à·å»Æ½ð,0.0,0.0,0.0,0.0,11.57,,,0.0,0,0.0,8251616954.36,3251242914.14
2825,2015-11-26,sh600988,³à·å»Æ½ð,0.0,0.0,0.0,0.0,11.57,,,0.0,0,0.0,8251616954.36,3251242914.14
2826,2015-11-27,sh600988,³à·å»Æ½ð,0.0,0.0,0.0,0.0,11.57,,,0.0,0,0.0,8251616954.36,3251242914.14
2827,2015-11-30,sh600988,³à·å»Æ½ð,0.0,0.0,0.0,0.0,11.57,,,0.0,0,0.0,8251616954.36,3251242914.14
2828,2015-12-01,sh600988,³à·å»Æ½ð,0.0,0.0,0.0,0.0,11.57,,,0.0,0,0.0,8251616954.36,3251242914.14
2829,2015-12-02,sh600988,³à·å»Æ½ð,0.0,0.0,0.0,0.0,11.57,,,0.0,0,0.0,8251616954.36,3251242914.14
2830,2015-12-03,sh600988,³à·å»Æ½ð,0.0,0.0,0.0,0.0,11.57,,,0.0,0,0.0,8251616954.36,3251242914.14
2831,2015-12-04,sh600988,³à·å»Æ½ð,0.0,0.0,0.0,0.0,11.57,,,0.0,0,0.0,8251616954.36,6555615245.14
2832,2015-12-07,sh600988,³à·å»Æ½ð,0.0,0.0,0.0,0.0,11.57,,,0.0,0,0.0,8251616954.36,6555615245.14
2833,2015-12-08,sh600988,³à·å»Æ½ð,0.0,0.0,0.0,0.0,11.57,,,0.0,0,0.0,8251616954.36,6555615245.14
2834,2015-12-09,sh600988,³à·å»Æ½ð,0.0,0.0,0.0,0.0,11.57,,,0.0,0,0.0,8251616954.36,6555615245.14
2835,2015-12-10,sh600988,³à·å»Æ½ð,0.0,0.0,0.0,0.0,11.57,,,0.0,0,0.0,8251616954.36,6555615245.14
2836,2015-12-11,sh600988,³à·å»Æ½ð,0.0,0.0,0.0,0.0,11.57,,,0.0,0,0.0,8251616954.36,6555615245.14
2837,2015-12-14,sh600988,³à·å»Æ½ð,0.0,0.0,0.0,0.0,11.57,,,0.0,0,0.0,8251616954.36,6555615245.14
2838,2015-12-15,sh600988,³à·å»Æ½ð,0.0,0.0,0.0,0.0,11.57,,,0.0,0,0.0,8251616954.36,6555615245.14
2839,2015-12-16,sh600988,³à·å»Æ½ð,0.0,0.0,0.0,0.0,11.57,,,0.0,0,0.0,8251616954.36,6555615245.14
2840,2015-12-17,sh600988,³à·å»Æ½ð,0.0,0.0,0.0,0.0,11.57,,,0.0,0,0.0,8251616954.36,6555615245.14
2841,2015-12-18,sh600988,³à·å»Æ½ð,0.0,0.0,0.0,0.0,11.57,,,0.0,0,0.0,8251616954.36,6555615245.14
2842,2015-12-21,sh600988,³à·å»Æ½ð,0.0,0.0,0.0,0.0,11.57,,,0.0,0,0.0,8251616954.36,6555615245.14
2843,2015-12-22,sh600988,³à·å»Æ½ð,0.0,0.0,0.0,0.0,11.57,,,0.0,0,0.0,8251616954.36,6555615245.14
2844,2015-12-23,sh600988,³à·å»Æ½ð,0.0,0.0,0.0,0.0,11.57,,,0.0,0,0.0,8251616954.36,6555615245.14
2845,2015-12-24,sh600988,³à·å»Æ½ð,0.0,0.0,0.0,0.0,11.57,,,0.0,0,0.0,8251616954.36,6555615245.14
2846,2015-12-25,sh600988,³à·å»Æ½ð,0.0,0.0,0.0,0.0,11.57,,,0.0,0,0.0,8251616954.36,6555615245.14
2847,2015-12-28,sh600988,³à·å»Æ½ð,0.0,0.0,0.0,0.0,11.57,,,0.0,0,0.0,8251616954.36,6555615245.14
2848,2015-12-29,sh600988,³à·å»Æ½ð,0.0,0.0,0.0,0.0,11.57,,,0.0,0,0.0,8251616954.36,6555615245.14
2849,2015-12-30,sh600988,³à·å»Æ½ð,0.0,0.0,0.0,0.0,11.57,,,0.0,0,0.0,8251616954.36,6555615245.14
2850,2015-12-31,sh600988,³à·å»Æ½ð,0.0,0.0,0.0,0.0,11.57,,,0.0,0,0.0,8251616954.36,6555615245.14
2851,2016-01-04,sh600988,³à·å»Æ½ð,0.0,0.0,0.0,0.0,11.57,,,0.0,0,0.0,8251616954.36,6555615245.14
2852,2016-01-05,sh600988,³à·å»Æ½ð,12.73,12.73,12.73,12.73,11.57,1.16,10.0259,0.8544,4841143,61627750.0,9078918222.04,7212876583.46
2853,2016-01-06,sh600988,³à·å»Æ½ð,14.0,14.0,12.92,13.63,12.73,1.27,9.9764,7.8096,44249496,595112390.0,9984670472.0,7932464428.0
2854,2016-01-07,sh600988,³à·å»Æ½ð,12.6,13.88,12.6,13.7,14.0,-1.4,-10.0,1.7335,9821915,129971176.0,8986203424.8,7139217985.2
2855,2016-01-08,sh600988,³à·å»Æ½ð,13.86,13.86,12.9,13.3,12.6,1.26,10.0,6.3573,36020709,488685695.0,9884823767.28,7853139783.72
2856,2016-01-11,sh600988,³à·å»Æ½ð,14.59,15.16,13.5,14.0,13.86,0.73,5.267,8.1204,46010818,668397011.0,10405453013.3,8266761143.18
2857,2016-01-12,sh600988,³à·å»Æ½ð,13.13,14.03,13.13,14.03,14.59,-1.46,-10.0069,5.0191,28438598,381707958.0,9364194521.24,7439518424.26
2858,2016-01-13,sh600988,³à·å»Æ½ð,12.66,13.62,12.54,12.65,13.13,-0.47,-3.5796,4.0184,22768572,297789654.0,9028994869.68,7173214261.32
2859,2016-01-14,sh600988,³à·å»Æ½ð,12.47,12.58,11.45,12.3,12.66,-0.19,-1.5008,3.8401,21758293,261988013.0,8893488627.56,7065559386.94
2860,2016-01-15,sh600988,³à·å»Æ½ð,11.22,12.1,11.22,11.93,12.47,-1.25,-10.0241,3.533,20018210,232742672.0,8002000192.56,6357303634.44
2861,2016-01-18,sh600988,³à·å»Æ½ð,11.21,11.54,10.8,10.81,11.22,-0.01,-0.0891,2.8863,16353747,182907933.0,7994868285.08,6351637588.42
2862,2016-01-19,sh600988,³à·å»Æ½ð,11.54,11.57,10.74,10.98,11.21,0.33,2.9438,3.2482,18404268,207132812.0,8230221231.92,6538617107.08
2863,2016-01-20,sh600988,³à·å»Æ½ð,12.0,12.39,11.15,11.32,11.54,0.46,3.9861,4.0447,22917524,267994618.0,8558288976.0,6799255224.0
2864,2016-01-21,sh600988,³à·å»Æ½ð,12.22,12.75,11.91,12.0,12.0,0.22,1.8333,5.6428,31972554,397331783.0,8715190940.56,6923908236.44
2865,2016-01-22,sh600988,³à·å»Æ½ð,12.14,12.3,11.28,11.85,12.22,-0.08,-0.6547,4.105,23259339,273544929.0,8658135680.72,6878579868.28
2866,2016-01-25,sh600988,³à·å»Æ½ð,11.99,12.12,11.79,11.99,12.14,-0.15,-1.2356,2.6898,15240335,182069891.0,8551157068.52,6793589177.98
2867,2016-01-26,sh600988,³à·å»Æ½ð,11.58,12.45,11.05,12.19,11.99,-0.41,-3.4195,4.0536,22967892,274461412.0,8258748861.84,6561281291.16
2868,2016-01-27,sh600988,³à·å»Æ½ð,11.05,11.76,10.5,11.6,11.58,-0.53,-4.5769,3.0444,17249698,190745007.0,7880757765.4,6260980852.1
2869,2016-01-28,sh600988,³à·å»Æ½ð,9.95,10.87,9.95,10.65,11.05,-1.1,-9.9548,2.889,16368986,169763299.0,7096247942.6,5637715789.9
2870,2016-01-29,sh600988,³à·å»Æ½ð,10.07,10.24,9.35,9.78,9.95,0.12,1.206,2.9296,16599370,163096217.0,7181830832.36,5705708342.14
2871,2016-02-01,sh600988,³à·å»Æ½ð,10.04,10.38,9.8,10.0,10.07,-0.03,-0.2979,2.0986,11890892,120002108.0,7160435109.92,5688710204.08
2872,2016-02-02,sh600988,³à·å»Æ½ð,10.3,10.42,10.08,10.15,10.04,0.26,2.5896,2.1953,12438468,127285458.0,7345864704.4,5836027400.6
2873,2016-02-03,sh600988,³à·å»Æ½ð,10.3,10.47,9.93,10.11,10.3,0.0,0.0,1.9798,11217884,115145747.0,7345864704.4,5836027400.6
2874,2016-02-04,sh600988,³à·å»Æ½ð,10.79,10.97,10.61,10.61,10.3,0.49,4.7573,2.9294,16597893,178990319.0,7695328170.92,6113663655.58
2875,2016-02-05,sh600988,³à·å»Æ½ð,11.39,11.86,11.12,11.12,10.79,0.6,5.5607,4.7879,27128208,312391291.0,8123242619.72,6453626416.78
2876,2016-02-15,sh600988,³à·å»Æ½ð,12.53,12.53,12.52,12.52,11.39,1.14,10.0088,2.0012,11339017,142056331.0,8936280072.44,7099555663.06
2877,2016-02-16,sh600988,³à·å»Æ½ð,13.78,13.78,12.29,12.8,12.53,1.25,9.9761,8.4666,47972092,627376592.0,9827768507.44,7807811415.56
2878,2016-02-17,sh600988,³à·å»Æ½ð,14.13,14.3,13.1,13.2,13.78,0.35,2.5399,7.63,43231773,587876204.0,10077385269.2,8006123026.26
2879,2016-02-18,sh600988,³à·å»Æ½ð,13.56,14.15,13.41,13.7,14.13,-0.57,-4.034,5.9917,33949412,466015182.0,9670866542.88,7683158403.12
2880,2016-02-19,sh600988,³à·å»Æ½ð,13.33,14.03,13.2,13.93,13.56,-0.23,-1.6962,4.7285,26791761,364167511.0,9506832670.84,7552839344.66
2881,2016-02-22,sh600988,³à·å»Æ½ð,13.43,13.45,13.09,13.11,13.33,0.1,0.7502,3.5899,21910434,291119719.0,9578151745.64,8196893395.75
2882,2016-02-23,sh600988,³à·å»Æ½ð,13.92,13.99,13.11,13.2,13.43,0.49,3.6485,6.1532,37555526,509595061.0,9927615212.16,8495960988.0
2883,2016-02-24,sh600988,³à·å»Æ½ð,14.17,15.13,13.42,13.7,13.92,0.25,1.796,8.1382,49670964,704122578.0,10105912899.2,8648546494.25
2884,2016-02-25,sh600988,³à·å»Æ½ð,13.31,14.66,13.0,14.17,14.17,-0.86,-6.0692,6.9158,42209757,589950687.0,9492568855.88,8123652352.75
2885,2016-02-26,sh600988,³à·å»Æ½ð,13.27,13.54,12.61,13.36,13.31,-0.04,-0.3005,3.8886,23733656,311196659.0,9464041225.96,8099238671.75
2886,2016-02-29,sh600988,³à·å»Æ½ð,12.46,13.13,12.12,12.97,13.27,-0.81,-6.104,3.5587,21720159,274967655.0,8886356720.08,7604861631.5
2887,2016-03-01,sh600988,³à·å»Æ½ð,13.71,13.71,12.63,12.71,12.46,1.25,10.0321,7.0145,42812485,577536448.0,9777845155.08,8367789162.75
2888,2016-03-02,sh600988,³à·å»Æ½ð,14.41,14.55,13.16,13.29,13.71,0.7,5.1058,8.4472,51556607,712810137.0,10277078678.7,8795028580.25
2889,2016-03-03,sh600988,³à·å»Æ½ð,15.85,15.85,14.17,14.23,14.41,1.44,9.9931,9.2481,56445308,850410227.0,11304073355.8,9673921096.25
2890,2016-03-04,sh600988,³à·å»Æ½ð,16.94,17.44,16.01,16.16,15.85,1.09,6.877,12.9721,79173956,1337394321.0,12081451271.1,10339193903.5
2891,2016-03-07,sh600988,³à·å»Æ½ð,18.63,18.63,16.61,17.1,16.94,1.69,9.9764,11.4134,69660940,1217290549.0,13286743635.2,11370671925.8
2892,2016-03-08,sh600988,³à·å»Æ½ð,18.73,19.8,18.18,18.67,18.63,0.1,0.5368,13.8095,84285429,1600256345.0,13358062710.0,11431706128.2
2893,2016-03-09,sh600988,³à·å»Æ½ð,18.48,19.38,17.7,17.9,18.73,-0.25,-1.3348,10.4788,63956669,1177467067.0,13179765023.0,11279120622.0
2894,2016-03-10,sh600988,³à·å»Æ½ð,17.71,19.07,17.35,18.02,18.48,-0.77,-4.1667,11.0842,67651770,1227242446.0,12630608147.1,10809157262.8
2895,2016-03-11,sh600988,³à·å»Æ½ð,18.51,19.21,18.1,18.53,17.71,0.8,4.5172,10.8003,65918714,1227187898.0,13201160745.5,11297430882.8
2896,2016-03-14,sh600988,³à·å»Æ½ð,19.07,19.35,17.63,17.63,18.51,0.56,3.0254,10.1602,62011699,1147077590.0,13600547564.4,11639222416.8
2897,2016-03-15,sh600988,³à·å»Æ½ð,17.23,18.46,17.16,18.15,19.07,-1.84,-9.6487,11.4512,69891576,1234486061.0,12288276588.0,10516193090.8
2898,2016-03-16,sh600988,³à·å»Æ½ð,18.03,18.3,16.7,16.88,17.23,0.8,4.6431,11.1078,67795658,1178902355.0,12858829186.4,11004466710.8
2899,2016-03-17,sh600988,³à·å»Æ½ð,18.7,19.18,18.0,18.51,18.03,0.67,3.716,11.9934,73200954,1359196830.0,13336666987.6,11413395867.5
2900,2016-03-18,sh600988,³à·å»Æ½ð,18.56,19.25,18.31,18.69,18.7,-0.14,-0.7487,14.1299,86240780,1610855237.0,13236820282.9,11327947984.0
2901,2016-03-21,sh600988,³à·å»Æ½ð,18.21,18.66,17.5,18.0,18.56,-0.35,-1.8858,11.8227,72159022,1299953688.0,12987203521.1,11114328275.2
2902,2016-03-22,sh600988,³à·å»Æ½ð,18.99,19.24,17.55,17.55,18.21,0.78,4.2834,16.425,100248516,1856810143.0,13543492304.5,11590395054.8
2903,2016-03-23,sh600988,³à·å»Æ½ð,18.35,19.19,17.85,18.76,18.99,-0.64,-3.3702,13.1286,80129117,1482763807.0,13087050225.8,11199776158.8
2904,2016-03-24,sh600988,³à·å»Æ½ð,17.3,17.8,17.26,17.6,18.35,-1.05,-5.7221,10.0869,61564844,1080170628.0,12338199940.4,10558917032.5
2905,2016-03-25,sh600988,³à·å»Æ½ð,16.77,17.28,16.24,17.15,17.3,-0.53,-3.0636,7.3861,45080630,753277654.0,11960208844.0,10235435759.2
2906,2016-03-28,sh600988,³à·å»Æ½ð,17.19,17.23,16.57,16.76,16.77,0.42,2.5045,7.1542,43664835,739554838.0,12259748958.1,10491779409.8
2907,2016-03-29,sh600988,³à·å»Æ½ð,16.82,17.39,16.66,17.1,17.19,-0.37,-2.1524,5.8544,35732030,607199653.0,11995868381.4,10265952860.5
2908,2016-03-30,sh600988,³à·å»Æ½ð,17.22,17.67,17.01,17.51,16.82,0.4,2.3781,7.1596,43698114,756641713.0,12281144680.6,10510089670.5
2909,2016-03-31,sh600988,³à·å»Æ½ð,17.26,17.49,16.83,17.05,17.22,0.04,0.2323,7.0791,43206606,744718391.0,12309672310.5,10534503351.5
2910,2016-04-01,sh600988,³à·å»Æ½ð,16.99,17.55,16.75,17.12,17.26,-0.27,-1.5643,6.4015,39071049,671504602.0,12117110808.5,10369711004.8
2911,2016-04-05,sh600988,³à·å»Æ½ð,16.99,17.04,16.13,16.72,16.99,0.0,0.0,6.8037,41525974,690356184.0,12117110808.5,10369711004.8
2912,2016-04-06,sh600988,³à·å»Æ½ð,17.01,17.5,16.92,17.03,16.99,0.02,0.1177,6.7347,41104974,706701488.0,12131374623.5,10381917845.2
2913,2016-04-07,sh600988,³à·å»Æ½ð,17.18,17.39,16.6,16.77,17.01,0.17,0.9994,7.2253,44099240,751159244.0,12252617050.6,10485675989.5
2914,2016-04-08,sh600988,³à·å»Æ½ð,18.9,18.9,17.44,17.44,17.18,1.72,10.0116,17.1108,104434368,1905918703.0,13479305137.2,11535464272.5
2915,2016-04-11,sh600988,³à·å»Æ½ð,19.99,20.67,18.0,19.2,18.9,1.09,5.7672,14.857,90678242,1772301264.0,14256683052.5,12200737079.8
2916,2016-04-12,sh600988,³à·å»Æ½ð,19.9,21.38,19.5,20.08,19.99,-0.09,-0.4502,14.2733,87116147,1785808199.0,14192495885.2,12145806297.5
2917,2016-04-13,sh600988,³à·å»Æ½ð,20.08,20.48,19.65,19.65,19.9,0.18,0.9045,11.5983,70789342,1414598141.0,14320870219.8,12255667862.0
2918,2016-04-14,sh600988,³à·å»Æ½ð,19.45,19.76,19.3,19.54,20.08,-0.63,-3.1375,7.6506,46694759,909739954.0,13871560048.6,11871152386.2
2919,2016-04-15,sh600988,³à·å»Æ½ð,19.13,19.49,18.91,19.05,19.45,-0.32,-1.6452,8.3556,50997645,979366919.0,13643339009.2,11675842938.2
2920,2016-04-18,sh600988,³à·å»Æ½ð,19.02,19.59,19.0,19.27,19.13,-0.11,-0.575,7.6203,46509686,896205390.0,13564888027.0,11608705315.5
2921,2016-04-19,sh600988,³à·å»Æ½ð,19.59,19.74,18.6,18.63,19.02,0.57,2.9968,7.7153,47089422,894687348.0,13971406753.3,11956600269.8
2922,2016-04-20,sh600988,³à·å»Æ½ð,19.4,20.41,18.39,20.0,19.59,-0.19,-0.9699,13.2036,80587015,1593423128.0,13835900511.2,11840635285.0
2923,2016-04-21,sh600988,³à·å»Æ½ð,20.27,20.76,18.7,19.11,19.4,0.87,4.4845,14.0068,85489343,1693009309.0,14456376462.0,12371632846.8
2924,2016-04-22,sh600988,³à·å»Æ½ð,18.93,19.8,18.76,19.49,20.27,-1.34,-6.6108,8.9053,54352495,1043171925.0,13500700859.6,11553774533.2
2925,2016-04-25,sh600988,³à·å»Æ½ð,18.12,18.51,17.9,18.5,18.93,-0.81,-4.2789,5.761,35161509,639829083.0,12923016353.8,11059397493.0
2926,2016-04-26,sh600988,³à·å»Æ½ð,17.91,18.46,17.6,18.38,18.12,-0.21,-1.1589,5.3656,32748681,587210191.0,12773246296.7,10931225667.8
2927,2016-04-27,sh600988,³à·å»Æ½ð,18.71,18.75,17.9,18.03,17.91,0.8,4.4668,7.7067,47037327,860151857.0,13343798895.1,11419499287.8
2928,2016-04-28,sh600988,³à·å»Æ½ð,18.32,18.85,17.76,18.11,18.71,-0.39,-2.0844,7.1952,43915146,803215128.0,13065654503.4,11181465898.0
2929,2016-04-29,sh600988,³à·å»Æ½ð,18.56,19.19,18.51,18.84,18.32,0.24,1.31,7.6296,46566389,880833260.0,13236820282.9,11327947984.0
2930,2016-05-03,sh600988,³à·å»Æ½ð,19.51,19.67,19.0,19.25,18.56,0.95,5.1185,8.0539,49156148,953005365.0,13914351493.5,11907772907.8
2931,2016-05-04,sh600988,³à·å»Æ½ð,19.2,19.4,19.0,19.07,19.51,-0.31,-1.5889,5.7016,34799351,667090415.0,13693262361.6,11718566880.0
2932,2016-05-05,sh600988,³à·å»Æ½ð,19.2,19.73,18.91,19.02,19.2,0.0,0.0,5.5403,33814723,651876733.0,13693262361.6,11718566880.0
2933,2016-05-06,sh600988,³à·å»Æ½ð,18.32,19.42,18.12,19.0,19.2,-0.88,-4.5833,6.5198,39793051,748805429.0,13065654503.4,11181465898.0
2934,2016-05-09,sh600988,³à·å»Æ½ð,16.88,18.26,16.5,18.14,18.32,-1.44,-7.8603,5.7669,35198076,609882811.0,12038659826.2,10302573382.0
2935,2016-05-10,sh600988,³à·å»Æ½ð,16.38,16.58,16.1,16.19,16.88,-0.5,-2.9621,4.1792,25507316,415489288.0,11682064452.2,9997402369.5
2936,2016-05-11,sh600988,³à·å»Æ½ð,16.88,17.18,15.98,16.55,16.38,0.5,3.0525,5.9184,36122590,599306609.0,12038659826.2,10302573382.0
2937,2016-05-12,sh600988,³à·å»Æ½ð,16.4,16.88,16.25,16.6,16.88,-0.48,-2.8436,4.2778,26109420,431225941.0,11696328267.2,10009609210.0
2938,2016-05-13,sh600988,³à·å»Æ½ð,16.56,16.8,16.1,16.24,16.4,0.16,0.9756,4.9523,30225750,498353294.0,11810438786.9,10107263934.0
2939,2016-05-16,sh600988,³à·å»Æ½ð,17.29,17.47,16.09,16.38,16.56,0.73,4.4082,6.867,41912383,707452487.0,12331068032.9,10552813612.2
2940,2016-05-17,sh600988,³à·å»Æ½ð,16.98,17.63,16.96,16.98,17.29,-0.31,-1.7929,6.2608,38212316,658428885.0,12109978901.0,10363607584.5
2941,2016-05-18,sh600988,³à·å»Æ½ð,16.44,17.25,16.12,17.0,16.98,-0.54,-3.1802,4.2989,26237832,437193782.0,11724855897.1,10034022891.0
2942,2016-05-19,sh600988,³à·å»Æ½ð,16.2,16.29,15.81,15.96,16.44,-0.24,-1.4599,4.157,25372196,408712057.0,11553690117.6,9887540805.0
2943,2016-05-20,sh600988,³à·å»Æ½ð,15.95,16.15,15.61,15.96,16.2,-0.25,-1.5432,3.1753,19380133,307998917.0,11375392430.6,9734955298.75
2944,2016-05-23,sh600988,³à·å»Æ½ð,16.2,16.27,15.91,16.05,15.95,0.25,1.5674,3.0753,18770040,302759964.0,11553690117.6,9887540805.0
2945,2016-05-24,sh600988,³à·å»Æ½ð,15.99,16.08,15.76,16.01,16.2,-0.21,-1.2963,2.5273,15424894,245647813.0,11403920060.5,9759368979.75
2946,2016-05-25,sh600988,³à·å»Æ½ð,15.55,15.86,15.51,15.65,15.99,-0.44,-2.7517,3.1041,18945823,296730994.0,11090116131.4,9490818488.75
2947,2016-05-26,sh600988,³à·å»Æ½ð,15.83,15.96,15.68,15.72,15.55,0.28,1.8006,3.3321,20337245,321807141.0,11289809540.8,9661714255.75
2948,2016-05-27,sh600988,³à·å»Æ½ð,16.05,16.3,15.56,15.61,15.83,0.22,1.3898,4.1993,25629870,407802414.0,11446711505.4,9795989501.25
2949,2016-05-30,sh600988,³à·å»Æ½ð,15.73,15.8,15.5,15.6,16.05,-0.32,-1.9938,2.2549,13762787,215570744.0,11218490466.0,9600680053.25
2950,2016-05-31,sh600988,³à·å»Æ½ð,16.29,16.44,15.82,15.82,15.73,0.56,3.5601,4.6264,28236923,454937116.0,11617877284.9,9942471587.25
2951,2016-06-01,sh600988,³à·å»Æ½ð,16.42,16.64,16.29,16.42,16.29,0.13,0.798,4.7302,28870232,474662902.0,11710592082.2,10021816050.5
2952,2016-06-02,sh600988,³à·å»Æ½ð,16.57,16.79,16.14,16.3,16.42,0.15,0.9135,4.2114,25703746,423621266.0,11817570694.4,10113367354.2
2953,2016-06-03,sh600988,³à·å»Æ½ð,16.41,16.54,16.24,16.37,16.57,-0.16,-0.9656,3.2033,19550818,320145170.0,11703460174.7,10015712630.2
2954,2016-06-06,sh600988,³à·å»Æ½ð,17.15,17.88,17.02,17.58,16.41,0.74,4.5094,7.1234,43477255,753605352.0,12231221328.2,10467365728.8
2955,2016-06-07,sh600988,³à·å»Æ½ð,16.78,17.15,16.7,17.14,17.15,-0.37,-2.1574,3.1709,19353398,325707590.0,11967340751.4,10241539179.5
2956,2016-06-08,sh600988,³à·å»Æ½ð,16.94,17.13,16.67,16.69,16.78,0.16,0.9535,3.0303,18495250,313469530.0,12081451271.1,10339193903.5
2957,2016-06-13,sh600988,³à·å»Æ½ð,17.71,18.2,17.12,17.37,16.94,0.77,4.5455,9.2798,56638523,998564116.0,12630608147.1,10809157262.8
2958,2016-06-14,sh600988,³à·å»Æ½ð,17.37,17.96,17.17,17.47,17.71,-0.34,-1.9198,6.0724,37062609,652854475.0,12388123292.8,10601640974.2
2959,2016-06-15,sh600988,³à·å»Æ½ð,18.12,18.4,17.01,17.41,17.37,0.75,4.3178,8.0284,49000465,866472136.0,12923016353.8,11059397493.0
2960,2016-06-16,sh600988,³à·å»Æ½ð,19.56,19.81,18.01,18.24,18.12,1.44,7.947,10.7525,65626822,1233297874.0,13950011030.9,11938290009.0
2961,2016-06-17,sh600988,³à·å»Æ½ð,18.75,19.35,18.5,18.61,19.56,-0.81,-4.1411,9.1242,55689063,1049291965.0,13372326525.0,11443912968.8
2962,2016-06-20,sh600988,³à·å»Æ½ð,18.3,18.73,18.11,18.73,18.75,-0.45,-2.4,5.0464,30800078,564819997.0,13051390688.4,11169259057.5
2963,2016-06-21,sh600988,³à·å»Æ½ð,17.83,18.23,17.65,18.2,18.3,-0.47,-2.5683,5.4397,33200688,594909617.0,12716191036.8,10882398305.8
2964,2016-06-22,sh600988,³à·å»Æ½ð,17.63,17.82,17.2,17.5,17.83,-0.2,-1.1217,4.2761,26099134,456295183.0,12573552887.2,10760329900.8
2965,2016-06-23,sh600988,³à·å»Æ½ð,17.7,17.89,17.42,17.59,17.63,0.07,0.3971,3.8339,23399997,413763800.0,12623476239.6,10803053842.5
2966,2016-06-24,sh600988,³à·å»Æ½ð,19.47,19.47,17.71,18.05,17.7,1.77,10.0,14.6919,89670924,1692630671.0,13885823863.6,11883359226.8
2967,2016-06-27,sh600988,³à·å»Æ½ð,19.23,20.27,19.01,19.65,19.47,-0.24,-1.2327,10.5476,64376557,1249705309.0,13714658084.0,11736877140.8
2968,2016-06-28,sh600988,³à·å»Æ½ð,19.22,19.59,18.71,19.24,19.23,-0.01,-0.052,7.5328,45976055,882284061.0,13707526176.6,11730773720.5
2969,2016-06-29,sh600988,³à·å»Æ½ð,19.28,19.5,18.8,18.9,19.22,0.06,0.3122,5.5089,33623250,644374804.0,13750317621.4,11767394242.0
2970,2016-06-30,sh600988,³à·å»Æ½ð,18.65,19.16,18.6,19.0,19.28,-0.63,-3.2676,4.6282,28248128,531661653.0,13301007450.2,11382878766.2
2971,2016-07-01,sh600988,³à·å»Æ½ð,19.21,19.87,18.83,18.86,18.65,0.56,3.0027,7.4626,45547632,879184191.0,13700394269.1,11724670300.2
2972,2016-07-04,sh600988,³à·å»Æ½ð,19.65,20.41,19.19,19.7,19.21,0.44,2.2905,8.8758,54172505,1074718044.0,14014198198.2,11993220791.2
2973,2016-07-05,sh600988,³à·å»Æ½ð,19.49,19.68,19.01,19.5,19.65,-0.16,-0.8142,5.6102,34241136,659166003.0,13900087678.5,11895566067.2
2974,2016-07-06,sh600988,³à·å»Æ½ð,20.5,21.26,19.85,19.85,19.49,1.01,5.1821,11.8879,72556623,1490662197.0,14620410334.0,12512011512.5
2975,2016-07-07,sh600988,³à·å»Æ½ð,21.08,22.39,20.1,20.55,20.5,0.58,2.8293,12.441,75932876,1611607779.0,15034060967.8,12866009887.0
2976,2016-07-08,sh600988,³à·å»Æ½ð,20.51,20.94,20.11,20.28,21.08,-0.57,-2.704,6.4206,39187687,807830892.0,14627542241.5,12518114932.8
2977,2016-07-11,sh600988,³à·å»Æ½ð,22.56,22.56,20.96,20.99,20.51,2.05,9.9951,7.0743,43177516,964493372.0,16089583274.9,13769316084.0
2978,2016-07-12,sh600988,³à·å»Æ½ð,23.16,23.77,22.31,22.5,22.56,0.6,2.6596,14.585,89018665,2040782249.0,16517497723.7,14135521299.0
2979,2016-07-13,sh600988,³à·å»Æ½ð,23.04,23.14,21.8,22.23,23.16,-0.12,-0.5181,12.3377,75302132,1686314966.0,16431914833.9,14062280256.0
2980,2016-07-14,sh600988,³à·å»Æ½ð,22.09,23.0,22.01,22.81,23.04,-0.95,-4.1233,8.097,49419205,1102916817.0,15754383623.3,13482455332.2
2981,2016-07-15,sh600988,³à·å»Æ½ð,22.11,22.73,21.37,21.7,22.09,0.02,0.0905,7.4888,45707060,1010091321.0,15768647438.3,13494662172.8
2982,2016-07-18,sh600988,³à·å»Æ½ð,22.37,23.0,21.55,21.92,22.11,0.26,1.1759,7.7352,47211006,1061066720.0,15954077032.8,13653351099.2
2983,2016-07-19,sh600988,³à·å»Æ½ð,22.08,22.5,21.73,22.2,22.37,-0.29,-1.2964,4.2279,25804934,568550031.0,15747251715.8,13476351912.0
2984,2016-07-20,sh600988,³à·å»Æ½ð,21.17,22.19,20.99,22.1,22.08,-0.91,-4.1214,5.4775,33431652,717337088.0,15098248135.2,12920940669.2
2985,2016-07-21,sh600988,³à·å»Æ½ð,20.73,20.95,20.46,20.68,21.17,-0.44,-2.0784,4.0107,24479039,506352874.0,14784444206.0,12652390178.2
2986,2016-07-22,sh600988,³à·å»Æ½ð,20.39,21.15,20.2,21.06,20.73,-0.34,-1.6401,3.7945,23159662,480380686.0,14541959351.7,12444873889.8
2987,2016-07-25,sh600988,³à·å»Æ½ð,19.67,20.16,19.54,20.14,20.39,-0.72,-3.5311,3.8816,23690974,468558918.0,14028462013.2,12005427631.8
2988,2016-07-26,sh600988,³à·å»Æ½ð,20.39,20.54,19.8,19.85,19.67,0.72,3.6604,4.7094,28743655,582166423.0,14541959351.7,12444873889.8
2989,2016-07-27,sh600988,³à·å»Æ½ð,20.15,20.6,18.88,20.35,20.39,-0.24,-1.177,5.7318,34983600,699075876.0,14370793572.2,12298391803.8
2990,2016-07-28,sh600988,³à·å»Æ½ð,20.36,20.82,20.14,20.67,20.15,0.21,1.0422,5.4627,33341136,681534365.0,14520563629.3,12426563629.0
2991,2016-07-29,sh600988,³à·å»Æ½ð,19.7,20.42,19.6,20.14,20.36,-0.66,-3.2417,3.4225,20888705,416907041.0,14049857735.6,12023737892.5
2992,2016-08-01,sh600988,³à·å»Æ½ð,19.77,20.21,19.7,20.1,19.7,0.07,0.3553,3.5077,21409266,427992242.0,14099781088.0,12066461834.2
2993,2016-08-02,sh600988,³à·å»Æ½ð,19.73,19.81,19.31,19.78,19.77,-0.04,-0.2023,2.2844,13942674,272356982.0,14071253458.0,12042048153.2
2994,2016-08-03,sh600988,³à·å»Æ½ð,19.99,20.17,19.91,20.1,19.73,0.26,1.3178,3.2698,19956794,400038205.0,14256683052.5,12200737079.8
2995,2016-08-04,sh600988,³à·å»Æ½ð,19.66,19.76,19.42,19.47,19.99,-0.33,-1.6508,2.7812,16974784,332069617.0,14021330105.7,11999324211.5
2996,2016-08-05,sh600988,³à·å»Æ½ð,19.79,19.9,19.41,19.79,19.66,0.13,0.6612,2.5974,15852936,312360613.0,14114044902.9,12078668674.8
2997,2016-08-08,sh600988,³à·å»Æ½ð,18.59,19.16,18.36,19.1,19.79,-1.2,-6.0637,5.9208,36136915,675201199.0,13258216005.3,11346258244.8
2998,2016-08-09,sh600988,³à·å»Æ½ð,18.64,18.74,18.45,18.51,18.59,0.05,0.269,2.8206,17215522,320066098.0,13293875542.7,11376775346.0
2999,2016-08-10,sh600988,³à·å»Æ½ð,19.38,19.57,18.81,18.98,18.64,0.74,3.97,5.8827,35904730,685355887.0,13821636696.2,11828428444.5
3000,2016-08-11,sh600988,³à·å»Æ½ð,18.78,19.01,18.7,19.01,19.38,-0.6,-3.096,2.9326,17899050,337293760.0,13393722247.4,11462223229.5
3001,2016-08-12,sh600988,³à·å»Æ½ð,18.81,18.86,18.52,18.6,18.78,0.03,0.1597,1.8487,11283320,210825490.0,13415117969.9,11480533490.2
3002,2016-08-15,sh600988,³à·å»Æ½ð,18.98,19.09,18.45,18.65,18.81,0.17,0.9038,3.7173,22688177,427325813.0,13536360397.0,11584291634.5
3003,2016-08-16,sh600988,³à·å»Æ½ð,19.53,19.73,18.88,19.0,18.98,0.55,2.8978,5.5127,33646168,650855473.0,13928615308.4,11919979748.2
3004,2016-08-17,sh600988,³à·å»Æ½ð,19.24,19.33,19.08,19.23,19.53,-0.29,-1.4849,3.0672,18720293,359378533.0,13721789991.5,11742980561.0
3005,2016-08-18,sh600988,³à·å»Æ½ð,19.29,19.7,19.22,19.41,19.24,0.05,0.2599,3.1551,19256627,374322113.0,13757449528.9,11773497662.2
3006,2016-08-19,sh600988,³à·å»Æ½ð,19.01,19.15,18.85,19.1,19.29,-0.28,-1.4515,2.2988,14030707,266403556.0,13557756119.5,11602601895.2
3007,2016-08-22,sh600988,³à·å»Æ½ð,18.85,18.98,18.62,18.7,19.01,-0.16,-0.8417,1.5995,9762613,183105638.0,13443645599.8,11504947171.2
3008,2016-08-23,sh600988,³à·å»Æ½ð,19.13,19.2,18.7,18.95,18.85,0.28,1.4854,2.0988,12809741,242595093.0,13643339009.2,11675842938.2
3009,2016-08-24,sh600988,³à·å»Æ½ð,19.02,19.18,18.95,19.0,19.13,-0.11,-0.575,1.7733,10822990,206346363.0,13564888027.0,11608705315.5
3010,2016-08-25,sh600988,³à·å»Æ½ð,18.61,18.69,18.44,18.65,19.02,-0.41,-2.1556,2.6047,15897576,295028304.0,13272479820.3,11358465085.2
3011,2016-08-26,sh600988,³à·å»Æ½ð,18.66,18.74,18.5,18.59,18.61,0.05,0.2687,1.4693,8967738,167184966.0,13308139357.7,11388982186.5
3012,2016-08-29,sh600988,³à·å»Æ½ð,18.4,18.65,18.36,18.45,18.66,-0.26,-1.3934,2.0506,12515790,231086307.0,13122709763.2,11230293260.0
3013,2016-08-30,sh600988,³à·å»Æ½ð,18.36,18.57,18.3,18.43,18.4,-0.04,-0.2174,1.6685,10183390,187584407.0,13094182133.3,11205879579.0
3014,2016-08-31,sh600988,³à·å»Æ½ð,18.3,18.37,18.02,18.08,18.36,-0.06,-0.3268,1.8487,11283295,205351677.0,13051390688.4,11169259057.5
3015,2016-09-01,sh600988,³à·å»Æ½ð,18.23,18.52,18.16,18.2,18.3,-0.07,-0.3825,1.8612,11359678,208392691.0,13001467336.0,11126535115.8
3016,2016-09-02,sh600988,³à·å»Æ½ð,18.27,18.58,18.24,18.42,18.23,0.04,0.2194,2.0249,12358606,227269863.0,13029994966.0,11150948796.8
3017,2016-09-05,sh600988,³à·å»Æ½ð,18.4,18.66,18.35,18.52,18.27,0.13,0.7115,1.7407,10624436,195914287.0,13122709763.2,11230293260.0
3018,2016-09-06,sh600988,³à·å»Æ½ð,18.3,18.46,18.01,18.4,18.4,-0.1,-0.5435,1.6922,10328418,187704519.0,13051390688.4,11169259057.5
3019,2016-09-07,sh600988,³à·å»Æ½ð,18.49,18.75,18.45,18.65,18.3,0.19,1.0383,3.1333,19124108,355474106.0,13186896930.5,11285224042.2
3020,2016-09-08,sh600988,³à·å»Æ½ð,18.31,18.38,18.21,18.38,18.49,-0.18,-0.9735,1.6398,10008314,182804782.0,13058522595.9,11175362477.8
3021,2016-09-09,sh600988,³à·å»Æ½ð,17.97,18.18,17.9,18.0,18.31,-0.34,-1.8569,2.0436,12473111,224998631.0,12816037741.6,10967846189.2
3022,2016-09-12,sh600988,³à·å»Æ½ð,16.8,17.55,16.74,17.55,17.97,-1.17,-6.5109,3.6346,22183492,379369561.0,11981604566.4,10253746020.0
3023,2016-09-13,sh600988,³à·å»Æ½ð,16.83,17.04,16.69,16.88,16.8,0.03,0.1786,1.9856,12119020,204437426.0,12003000288.8,10272056280.8
3024,2016-09-14,sh600988,³à·å»Æ½ð,17.17,17.24,16.41,16.53,16.83,0.34,2.0202,2.6548,16203581,273641133.0,12245485143.2,10479572569.2
3025,2016-09-19,sh600988,³à·å»Æ½ð,17.1,17.15,16.9,16.98,17.17,-0.07,-0.4077,1.6297,9946617,169416846.0,12195561790.8,10436848627.5
3026,2016-09-20,sh600988,³à·å»Æ½ð,17.04,17.23,16.92,17.14,17.1,-0.06,-0.3509,1.3905,8486599,144766308.0,12152770345.9,10400228106.0
3027,2016-09-21,sh600988,³à·å»Æ½ð,17.34,17.36,16.93,17.01,17.04,0.3,1.7606,2.3532,14362580,246438588.0,12366727570.3,10583330713.5
3028,2016-09-22,sh600988,³à·å»Æ½ð,17.26,17.85,17.25,17.66,17.34,-0.08,-0.4614,2.8099,17150106,299968290.0,12309672310.5,10534503351.5
3029,2016-09-23,sh600988,³à·å»Æ½ð,16.93,17.37,16.88,17.26,17.26,-0.33,-1.9119,1.6771,10236186,174473048.0,12074319363.6,10333090483.2
3030,2016-09-26,sh600988,³à·å»Æ½ð,16.39,16.92,16.36,16.9,16.93,-0.54,-3.1896,1.6192,9882893,163591880.0,11689196359.7,10003505789.8
3031,2016-09-27,sh600988,³à·å»Æ½ð,16.6,16.74,16.4,16.42,16.39,0.21,1.2813,1.2995,7931498,131322513.0,11838966416.8,10131677615.0
3032,2016-09-28,sh600988,³à·å»Æ½ð,16.36,16.48,16.3,16.45,16.6,-0.24,-1.4458,0.9946,6070472,99363081.0,11667800637.3,9985195529.0
3033,2016-09-29,sh600988,³à·å»Æ½ð,16.36,16.49,16.32,16.36,16.36,0.0,0.0,0.7933,4841721,79366360.0,11667800637.3,9985195529.0
3034,2016-09-30,sh600988,³à·å»Æ½ð,16.63,16.64,16.35,16.38,16.36,0.27,1.6504,1.1575,7064438,116556947.0,11860362139.2,10149987875.8
3035,2016-10-10,sh600988,³à·å»Æ½ð,16.2,16.22,15.68,15.8,16.63,-0.43,-2.5857,2.9141,17785743,282800293.0,11553690117.6,9887540805.0
3036,2016-10-11,sh600988,³à·å»Æ½ð,16.39,16.45,16.0,16.15,16.2,0.19,1.1728,2.3755,14498564,235045657.0,11689196359.7,10003505789.8
3037,2016-10-12,sh600988,³à·å»Æ½ð,16.19,16.32,16.13,16.19,16.39,-0.2,-1.2203,1.3794,8419194,136336551.0,11546558210.1,9881437384.75
3038,2016-10-13,sh600988,³à·å»Æ½ð,16.27,16.45,16.18,16.25,16.19,0.08,0.4941,1.8148,11076603,180622450.0,11603613470.0,9930264746.75
3039,2016-10-14,sh600988,³à·å»Æ½ð,16.08,16.27,15.88,16.27,16.27,-0.19,-1.1678,1.6685,10183459,163408721.0,11468107227.8,9814299762.0
3040,2016-10-17,sh600988,³à·å»Æ½ð,16.7,16.97,15.99,16.09,16.08,0.62,3.8557,3.6471,22259711,366900743.0,11910285491.6,10192711817.5
3041,2016-10-18,sh600988,³à·å»Æ½ð,16.7,16.77,16.42,16.6,16.7,0.0,0.0,2.7643,16871548,280407999.0,11910285491.6,10192711817.5
3042,2016-10-19,sh600988,³à·å»Æ½ð,16.74,16.9,16.61,16.81,16.7,0.04,0.2395,2.2101,13488878,226000736.0,11938813121.5,10217125498.5
3043,2016-10-20,sh600988,³à·å»Æ½ð,16.77,16.95,16.67,16.76,16.74,0.03,0.1792,2.0924,12770582,214682479.0,11960208844.0,10235435759.2
3044,2016-10-21,sh600988,³à·å»Æ½ð,16.54,16.69,16.4,16.69,16.77,-0.23,-1.3715,1.7803,10865960,179751665.0,11796174971.9,10095057093.5
3045,2016-10-24,sh600988,³à·å»Æ½ð,16.6,16.65,16.34,16.4,16.54,0.06,0.3628,1.4795,9030117,148898571.0,11838966416.8,10131677615.0
3046,2016-10-25,sh600988,³à·å»Æ½ð,16.81,16.87,16.51,16.6,16.6,0.21,1.2651,2.4075,14693757,246378295.0,11988736473.9,10259849440.2
3047,2016-10-26,sh600988,³à·å»Æ½ð,17.13,17.27,16.72,16.94,16.81,0.32,1.9036,3.8946,23770639,404907118.0,12216957513.2,10455158888.2
3048,2016-10-27,sh600988,³à·å»Æ½ð,16.89,17.07,16.82,16.93,17.13,-0.24,-1.4011,1.8089,11040390,186734715.0,12045791733.7,10308676802.2
3049,2016-10-28,sh600988,³à·å»Æ½ð,16.92,17.17,16.84,16.88,16.89,0.03,0.1776,1.9971,12189169,207146438.0,12067187456.2,10326987063.0
3050,2016-10-31,sh600988,³à·å»Æ½ð,17.34,17.78,17.23,17.28,16.92,0.42,2.4823,4.32,26366519,460840372.0,12366727570.3,10583330713.5
3051,2016-11-01,sh600988,³à·å»Æ½ð,17.64,17.65,17.06,17.24,17.34,0.3,1.7301,3.9139,23888103,414930777.0,12580684794.7,10766433321.0
3052,2016-11-02,sh600988,³à·å»Æ½ð,18.68,19.1,17.91,17.91,17.64,1.04,5.8957,9.191,56096259,1029025526.0,13322403172.6,11401189027.0
3053,2016-11-03,sh600988,³à·å»Æ½ð,18.55,18.93,18.29,18.71,18.68,-0.13,-0.6959,5.6818,34678631,643976588.0,13229688375.4,11321844563.8
3054,2016-11-04,sh600988,³à·å»Æ½ð,18.25,18.47,18.2,18.35,18.55,-0.3,-1.6173,3.2868,20060714,366871130.0,13015731151.0,11138741956.2
3055,2016-11-07,sh600988,³à·å»Æ½ð,17.97,18.1,17.65,18.03,18.25,-0.28,-1.5342,3.1808,19413505,346335619.0,12816037741.6,10967846189.2
3056,2016-11-08,sh600988,³à·å»Æ½ð,17.81,17.87,17.53,17.53,17.97,-0.16,-0.8904,2.9946,18277498,323473098.0,12701927221.9,10870191465.2
3057,2016-11-09,sh600988,³à·å»Æ½ð,19.59,19.59,17.6,17.65,17.81,1.78,9.9944,14.9247,91091447,1716702063.0,13971406753.3,11956600269.8
3058,2016-11-10,sh600988,³à·å»Æ½ð,18.47,18.8,18.3,18.5,19.59,-1.12,-5.7172,8.0971,49420279,913625087.0,13172633115.6,11273017201.8
3059,2016-11-11,sh600988,³à·å»Æ½ð,18.13,18.22,17.71,18.04,18.47,-0.34,-1.8408,6.2085,37893027,679739540.0,12930148261.2,11065500913.2
3060,2016-11-14,sh600988,³à·å»Æ½ð,17.5,17.66,17.24,17.3,18.13,-0.63,-3.4749,6.8432,41767178,728526647.0,12480838090.0,10680985437.5
3061,2016-11-15,sh600988,³à·å»Æ½ð,17.59,17.83,17.5,17.5,17.5,0.09,0.5143,4.1998,25633087,452065681.0,12545025257.3,10735916219.8
3062,2016-11-16,sh600988,³à·å»Æ½ð,17.49,17.68,17.3,17.47,17.59,-0.1,-0.5685,3.6322,22169061,387553073.0,12473706182.5,10674882017.2
3063,2016-11-17,sh600988,³à·å»Æ½ð,17.46,17.6,17.38,17.38,17.49,-0.03,-0.1715,2.1964,13405801,234478076.0,12452310460.1,10656571756.5
3064,2016-11-18,sh600988,³à·å»Æ½ð,17.07,17.35,17.03,17.32,17.46,-0.39,-2.2337,3.4612,21125449,361404179.0,12174166068.4,10418538366.8
3065,2016-11-21,sh600988,³à·å»Æ½ð,17.23,17.24,17.01,17.12,17.07,0.16,0.9373,2.7587,16837285,287835287.0,12288276588.0,10516193090.8
3066,2016-11-22,sh600988,³à·å»Æ½ð,17.23,17.34,17.14,17.31,17.23,0.0,0.0,2.5115,15328505,263768436.0,12288276588.0,10516193090.8
3067,2016-11-23,sh600988,³à·å»Æ½ð,17.3,17.32,17.08,17.22,17.23,0.07,0.4063,3.0953,18891693,325141639.0,12338199940.4,10558917032.5
3068,2016-11-24,sh600988,³à·å»Æ½ð,16.94,17.06,16.79,16.86,17.3,-0.36,-2.0809,3.1791,19403139,328584981.0,12081451271.1,10339193903.5
3069,2016-11-25,sh600988,³à·å»Æ½ð,16.72,16.9,16.5,16.8,16.94,-0.22,-1.2987,2.7776,16952963,282408080.0,11924549306.6,10204918658.0
3070,2016-11-28,sh600988,³à·å»Æ½ð,16.94,17.09,16.85,16.89,16.72,0.22,1.3158,3.6217,22104633,375097804.0,12081451271.1,10339193903.5
3071,2016-11-29,sh600988,³à·å»Æ½ð,16.82,16.99,16.72,16.98,16.94,-0.12,-0.7084,2.6729,16313787,274832274.0,11995868381.4,10265952860.5
3072,2016-11-30,sh600988,³à·å»Æ½ð,16.67,16.88,16.6,16.7,16.82,-0.15,-0.8918,1.731,10565239,176773712.0,11888889769.2,10174401556.8
3073,2016-12-01,sh600988,³à·å»Æ½ð,16.8,16.86,16.42,16.42,16.67,0.13,0.7798,2.6122,15943113,264889803.0,11981604566.4,10253746020.0
3074,2016-12-02,sh600988,³à·å»Æ½ð,16.93,17.05,16.71,16.81,16.8,0.13,0.7738,3.8408,23442079,396140806.0,12074319363.6,10333090483.2
3075,2016-12-05,sh600988,³à·å»Æ½ð,16.35,16.87,16.3,16.86,16.93,-0.58,-3.4259,2.852,17406701,286952435.0,11660668729.8,9979092108.75
3076,2016-12-06,sh600988,³à·å»Æ½ð,16.11,16.41,16.05,16.29,16.35,-0.24,-1.4679,2.421,14776198,239019056.0,11489502950.3,9832610022.75
3077,2016-12-07,sh600988,³à·å»Æ½ð,16.17,16.17,15.96,16.08,16.11,0.06,0.3724,2.1581,13171898,211616441.0,11532294395.2,9869230544.25
3078,2016-12-08,sh600988,³à·å»Æ½ð,16.24,16.4,16.16,16.24,16.17,0.07,0.4329,2.248,13720653,223725648.0,11582217747.5,9911954486.0
3079,2016-12-09,sh600988,³à·å»Æ½ð,16.08,16.23,15.95,16.09,16.24,-0.16,-0.9852,1.9328,11796846,189451372.0,11468107227.8,9814299762.0
3080,2016-12-12,sh600988,³à·å»Æ½ð,15.59,16.16,15.51,15.89,16.08,-0.49,-3.0473,2.9024,17714317,281458492.0,11118643761.3,9515232169.75
3081,2016-12-13,sh600988,³à·å»Æ½ð,15.56,15.72,15.36,15.68,15.59,-0.03,-0.1924,1.765,10772587,167375882.0,11097248038.9,9496921909.0
3082,2016-12-14,sh600988,³à·å»Æ½ð,16.09,16.17,15.4,15.44,15.56,0.53,3.4062,3.9653,24202002,384007387.0,11475239135.3,9820403182.25
3083,2016-12-15,sh600988,³à·å»Æ½ð,15.67,15.73,15.53,15.65,16.09,-0.42,-2.6103,3.1434,19185706,299920965.0,11175699021.2,9564059531.75
3084,2016-12-16,sh600988,³à·å»Æ½ð,15.49,15.51,15.29,15.5,15.67,-0.18,-1.1487,2.2389,13664892,210281838.0,11047324686.5,9454197967.25
3085,2016-12-19,sh600988,³à·å»Æ½ð,15.59,15.64,15.41,15.57,15.49,0.1,0.6456,1.431,8734053,135659271.0,11118643761.3,9515232169.75
3086,2016-12-20,sh600988,³à·å»Æ½ð,15.45,15.53,15.37,15.5,15.59,-0.14,-0.898,1.1478,7005432,108178772.0,11018797056.6,9429784286.25
3087,2016-12-21,sh600988,³à·å»Æ½ð,15.54,15.55,15.36,15.39,15.45,0.09,0.5825,1.4371,8771495,135641643.0,11082984223.9,9484715068.5
3088,2016-12-22,sh600988,³à·å»Æ½ð,15.34,15.52,15.26,15.44,15.54,-0.2,-1.287,1.6278,9935219,152662565.0,10940346074.3,9362646663.5
3089,2016-12-23,sh600988,³à·å»Æ½ð,15.27,15.43,15.26,15.35,15.34,-0.07,-0.4563,1.1462,6995903,107241743.0,10890422722.0,9319922721.75
3090,2016-12-26,sh600988,³à·å»Æ½ð,15.07,15.33,14.71,15.27,15.27,-0.2,-1.3098,1.9929,12163486,181709920.0,10747784572.4,9197854316.75
3091,2016-12-27,sh600988,³à·å»Æ½ð,15.14,15.2,14.93,14.99,15.07,0.07,0.4645,1.2635,7711792,116436308.0,10797707924.7,9240578258.5
3092,2016-12-28,sh600988,³à·å»Æ½ð,15.18,15.25,15.12,15.17,15.14,0.04,0.2642,1.11,6775045,102931780.0,10826235554.6,9264991939.5
3093,2016-12-29,sh600988,³à·å»Æ½ð,15.45,15.48,15.29,15.3,15.18,0.27,1.7787,2.3674,14449226,222742896.0,11018797056.6,9429784286.25
3094,2016-12-30,sh600988,³à·å»Æ½ð,15.42,15.82,15.38,15.8,15.45,-0.03,-0.1942,1.796,10961481,170618053.0,10997401334.2,9411474025.5
3095,2017-01-03,sh600988,³à·å»Æ½ð,15.43,15.45,15.31,15.34,15.42,0.01,0.0649,1.2464,7607375,116992629.0,11004533241.6,9417577445.75
3096,2017-01-04,sh600988,³à·å»Æ½ð,15.5,15.52,15.35,15.45,15.43,0.07,0.4537,1.4808,9038027,139598334.0,11054456594.0,9460301387.5
3097,2017-01-05,sh600988,³à·å»Æ½ð,15.73,15.84,15.55,15.59,15.5,0.23,1.4839,2.312,14110804,221406836.0,11218490466.0,9600680053.25
3098,2017-01-06,sh600988,³à·å»Æ½ð,15.48,15.88,15.47,15.81,15.73,-0.25,-1.5893,1.9695,12020735,188511196.0,11040192779.0,9448094547.0
3099,2017-01-09,sh600988,³à·å»Æ½ð,15.3,15.43,15.2,15.42,15.48,-0.18,-1.1628,1.29,7873198,120451299.0,10911818444.4,9338232982.5
3100,2017-01-10,sh600988,³à·å»Æ½ð,15.47,15.53,15.38,15.45,15.3,0.17,1.1111,1.4144,8632696,133458309.0,11033060871.6,9441991126.75
3101,2017-01-11,sh600988,³à·å»Æ½ð,15.26,15.5,15.2,15.48,15.47,-0.21,-1.3575,1.1477,7004803,107170383.0,10883290814.5,9313819301.5
3102,2017-01-12,sh600988,³à·å»Æ½ð,15.33,15.45,15.2,15.3,15.26,0.07,0.4587,1.0617,6480166,99417258.0,10933214166.8,9356543243.25
3103,2017-01-13,sh600988,³à·å»Æ½ð,14.93,15.34,14.9,15.33,15.33,-0.4,-2.6093,1.2489,7622601,114829037.0,10647937867.6,9112406433.25
3104,2017-01-16,sh600988,³à·å»Æ½ð,14.68,15.02,13.95,14.96,14.93,-0.25,-1.6745,1.5935,9725616,143033356.0,10469640180.6,8959820927.0
3105,2017-01-17,sh600988,³à·å»Æ½ð,14.91,15.05,14.42,14.65,14.68,0.23,1.5668,1.4596,8908532,131283707.0,10633674052.7,9100199592.75
3106,2017-01-18,sh600988,³à·å»Æ½ð,15.13,15.25,14.87,14.97,14.91,0.22,1.4755,1.7953,10957225,164911600.0,10790576017.2,9234474838.25
3107,2017-01-19,sh600988,³à·å»Æ½ð,14.78,14.94,14.7,14.9,15.13,-0.35,-2.3133,0.9638,5882325,87215939.0,10540959255.4,9020855129.5
3108,2017-01-20,sh600988,³à·å»Æ½ð,14.96,15.08,14.8,14.82,14.78,0.18,1.2179,0.8808,5375775,80408342.0,10669333590.1,9130716694.0
3109,2017-01-23,sh600988,³à·å»Æ½ð,15.23,15.33,15.04,15.06,14.96,0.27,1.8048,1.2444,7595236,115564919.0,10861895092.0,9295509040.75
3110,2017-01-24,sh600988,³à·å»Æ½ð,15.11,15.31,15.09,15.25,15.23,-0.12,-0.7879,0.7706,4703304,71286036.0,10776312202.3,9222267997.75
3111,2017-01-25,sh600988,³à·å»Æ½ð,14.98,15.03,14.88,14.91,15.11,-0.13,-0.8604,0.8022,4896390,73258093.0,10683597405.0,9142923534.5
3112,2017-01-26,sh600988,³à·å»Æ½ð,15.04,15.06,14.83,14.9,14.98,0.06,0.4005,0.886,5407457,80988897.0,10726388849.9,9179544056.0
3113,2017-02-03,sh600988,³à·å»Æ½ð,15.22,15.6,15.18,15.4,15.04,0.18,1.1968,2.1002,12818536,197560161.0,10854763184.6,9289405620.5
3114,2017-02-06,sh600988,³à·å»Æ½ð,15.39,15.44,15.23,15.34,15.22,0.17,1.117,1.2097,7383119,113196197.0,10976005611.7,9393163764.75
3115,2017-02-07,sh600988,³à·å»Æ½ð,15.81,15.86,15.56,15.56,15.39,0.42,2.729,3.6586,22330224,350795124.0,11275545725.9,9649507415.25
3116,2017-02-08,sh600988,³à·å»Æ½ð,15.72,15.81,15.56,15.66,15.81,-0.09,-0.5693,1.8949,11565098,181208451.0,11211358558.6,9594576633.0
3117,2017-02-09,sh600988,³à·å»Æ½ð,15.69,15.84,15.66,15.84,15.72,-0.03,-0.1908,1.6694,10188761,160270627.0,11189962836.1,9576266372.25
3118,2017-02-10,sh600988,³à·å»Æ½ð,15.45,15.52,15.4,15.47,15.69,-0.24,-1.5296,1.6026,9781222,151192286.0,11018797056.6,9429784286.25
3119,2017-02-13,sh600988,³à·å»Æ½ð,15.49,15.55,15.4,15.44,15.45,0.04,0.2589,1.1796,7199853,111402613.0,11047324686.5,9454197967.25
3120,2017-02-14,sh600988,³à·å»Æ½ð,15.45,15.48,15.3,15.39,15.49,-0.04,-0.2582,1.229,7501124,115331123.0,11018797056.6,9429784286.25
3121,2017-02-15,sh600988,³à·å»Æ½ð,15.2,15.39,15.18,15.39,15.45,-0.25,-1.6181,1.3747,8390525,128256417.0,10840499369.6,9277198780.0
3122,2017-02-16,sh600988,³à·å»Æ½ð,15.33,15.39,15.2,15.25,15.2,0.13,0.8553,1.1413,6965948,106680477.0,10933214166.8,9356543243.25
3123,2017-02-17,sh600988,³à·å»Æ½ð,15.29,15.44,15.2,15.38,15.33,-0.04,-0.2609,1.1802,7203193,110177884.0,10904686536.9,9332129562.25
3124,2017-02-20,sh600988,³à·å»Æ½ð,15.19,15.22,15.08,15.2,15.29,-0.1,-0.654,1.1353,6929062,104834102.0,10833367462.1,9271095359.75
3125,2017-02-21,sh600988,³à·å»Æ½ð,15.29,15.31,15.07,15.16,15.19,0.1,0.6583,1.7585,10732596,162722002.0,10904686536.9,9332129562.25
3126,2017-02-22,sh600988,³à·å»Æ½ð,15.28,15.44,15.21,15.29,15.29,-0.01,-0.0654,1.534,9362715,143330609.0,10897554629.4,9326026142.0
3127,2017-02-23,sh600988,³à·å»Æ½ð,15.44,15.57,15.13,15.28,15.28,0.16,1.0471,2.6787,16349357,251240763.0,11011665149.1,9423680866.0
3128,2017-02-24,sh600988,³à·å»Æ½ð,15.57,15.63,15.4,15.6,15.44,0.13,0.842,2.8643,17481857,271355221.0,11104379946.4,9503025329.25
3129,2017-02-27,sh600988,³à·å»Æ½ð,15.8,16.15,15.6,15.62,15.57,0.23,1.4772,4.863,29680740,471230875.0,11268413818.4,9643403995.0
3130,2017-02-28,sh600988,³à·å»Æ½ð,15.64,15.68,15.51,15.52,15.8,-0.16,-1.0127,1.8716,11423043,178115087.0,11154303298.7,9545749271.0
3131,2017-03-01,sh600988,³à·å»Æ½ð,15.51,15.57,15.41,15.46,15.64,-0.13,-0.8312,1.751,10687143,165378457.0,11061588501.5,9466404807.75
3132,2017-03-02,sh600988,³à·å»Æ½ð,15.42,15.63,15.4,15.51,15.51,-0.09,-0.5803,1.7147,10465565,162255801.0,10997401334.2,9411474025.5
3133,2017-03-03,sh600988,³à·å»Æ½ð,15.02,15.25,14.96,15.2,15.42,-0.4,-2.594,2.6388,16105906,242919663.0,10712125035.0,9167337215.5
3134,2017-03-06,sh600988,³à·å»Æ½ð,15.02,15.09,14.97,15.01,15.02,0.0,0.0,1.6774,10237966,153679235.0,10712125035.0,9167337215.5
3135,2017-03-07,sh600988,³à·å»Æ½ð,14.99,15.0,14.89,14.98,15.02,-0.03,-0.1997,1.7892,10920131,163264351.0,10690729312.5,9149026954.75
3136,2017-03-08,sh600988,³à·å»Æ½ð,14.9,14.93,14.75,14.93,14.99,-0.09,-0.6004,1.5912,9711919,144219325.0,10626542145.2,9094096172.5
3137,2017-03-09,sh600988,³à·å»Æ½ð,14.71,14.84,14.68,14.79,14.9,-0.19,-1.2752,1.3705,8364979,123317845.0,10491035903.1,8978131187.75
3138,2017-03-10,sh600988,³à·å»Æ½ð,14.79,14.85,14.6,14.65,14.71,0.08,0.5438,1.19,7263102,107371619.0,10548091162.9,9026958549.75
3139,2017-03-13,sh600988,³à·å»Æ½ð,15.08,15.1,14.78,14.79,14.79,0.29,1.9608,2.5365,15481119,232436882.0,10754916479.8,9203957737.0
3140,2017-03-14,sh600988,³à·å»Æ½ð,14.95,15.04,14.91,15.0,15.08,-0.13,-0.8621,1.1511,7025523,105032025.0,10662201682.6,9124613273.75
3141,2017-03-15,sh600988,³à·å»Æ½ð,15.13,15.17,14.9,14.95,14.95,0.18,1.204,1.762,10754187,162163252.0,10790576017.2,9234474838.25
3142,2017-03-16,sh600988,³à·å»Æ½ð,15.14,15.5,15.1,15.32,15.13,0.01,0.0661,2.7858,17002865,258998271.0,10797707924.7,9240578258.5
3143,2017-03-17,sh600988,³à·å»Æ½ð,15.08,15.21,14.98,15.18,15.14,-0.06,-0.3963,2.0263,12367501,186481148.0,10754916479.8,9203957737.0
3144,2017-03-20,sh600988,³à·å»Æ½ð,15.04,15.1,14.94,15.1,15.08,-0.04,-0.2653,1.0699,6530301,98019627.0,10726388849.9,9179544056.0
3145,2017-03-21,sh600988,³à·å»Æ½ð,14.86,15.08,14.79,15.08,15.04,-0.18,-1.1968,1.9152,11688971,173745749.0,10598014515.3,9069682491.5
3146,2017-03-22,sh600988,³à·å»Æ½ð,14.99,15.09,14.9,14.95,14.86,0.13,0.8748,1.8116,11056876,165856532.0,10690729312.5,9149026954.75
3147,2017-03-23,sh600988,³à·å»Æ½ð,15.08,15.18,14.82,14.99,14.99,0.09,0.6004,2.7183,16590897,249317450.0,10754916479.8,9203957737.0
3148,2017-03-24,sh600988,³à·å»Æ½ð,14.88,14.95,14.82,14.92,15.08,-0.2,-1.3263,1.4708,8977200,133395901.0,10612278330.2,9081889332.0
3149,2017-03-27,sh600988,³à·å»Æ½ð,15.21,15.22,14.92,15.0,14.88,0.33,2.2177,2.9771,18170779,274033390.0,10847631277.1,9283302200.25
3150,2017-03-28,sh600988,³à·å»Æ½ð,15.03,15.16,15.0,15.16,15.21,-0.18,-1.1834,1.7045,10403227,156714709.0,10719256942.4,9173440635.75
3151,2017-03-29,sh600988,³à·å»Æ½ð,14.88,15.09,14.86,15.06,15.03,-0.15,-0.998,1.8029,11003743,164019922.0,10612278330.2,9081889332.0
3152,2017-03-30,sh600988,³à·å»Æ½ð,14.44,14.87,14.43,14.87,14.88,-0.44,-2.957,2.0638,12596315,183655719.0,10298474401.1,8813338841.0
3153,2017-03-31,sh600988,³à·å»Æ½ð,14.45,14.46,14.3,14.31,14.44,0.01,0.0693,0.7653,4671003,67225993.0,10305606308.6,8819442261.25
3154,2017-04-05,sh600988,³à·å»Æ½ð,14.58,14.63,14.45,14.45,14.45,0.13,0.8997,0.9371,5719240,83215484.0,10398321105.8,8898786724.5
3155,2017-04-06,sh600988,³à·å»Æ½ð,14.63,14.65,14.48,14.6,14.58,0.05,0.3429,1.0157,6199530,90414466.0,10433980643.2,8929303825.75
3156,2017-04-07,sh600988,³à·å»Æ½ð,15.28,15.87,14.6,14.6,14.63,0.65,4.4429,7.6526,46706799,715628055.0,10897554629.4,9326026142.0
3157,2017-04-10,sh600988,³à·å»Æ½ð,14.84,14.98,14.72,14.98,15.28,-0.44,-2.8796,3.6006,21975758,325943093.0,10583750700.3,9057475651.0
3158,2017-04-11,sh600988,³à·å»Æ½ð,15.28,15.54,14.51,14.75,14.84,0.44,2.965,7.2807,44437185,672911788.0,10897554629.4,9326026142.0
3159,2017-04-12,sh600988,³à·å»Æ½ð,15.24,15.77,15.19,15.74,15.28,-0.04,-0.2618,5.3032,32367744,500274920.0,10869026999.5,9301612461.0
3160,2017-04-13,sh600988,³à·å»Æ½ð,15.38,15.6,15.18,15.5,15.24,0.14,0.9186,3.3721,20581543,316026287.0,10968873704.2,9387060344.5
3161,2017-04-14,sh600988,³à·å»Æ½ð,16.37,16.84,15.41,15.41,15.38,0.99,6.4369,13.1863,80481796,1301541165.0,11674932544.8,9991298949.25
3162,2017-04-17,sh600988,³à·å»Æ½ð,15.93,16.29,15.7,16.12,16.37,-0.44,-2.6878,7.4055,45198676,720665076.0,11361128615.6,9722748458.25
3163,2017-04-18,sh600988,³à·å»Æ½ð,15.69,15.9,15.43,15.78,15.93,-0.24,-1.5066,5.0862,31043310,484939230.0,11189962836.1,9576266372.25
3164,2017-04-19,sh600988,³à·å»Æ½ð,15.49,16.06,15.35,15.67,15.69,-0.2,-1.2747,5.0314,30708478,482186838.0,11047324686.5,9454197967.25
3165,2017-04-20,sh600988,³à·å»Æ½ð,14.89,15.29,14.73,15.21,15.49,-0.6,-3.8735,4.6433,28340219,423290618.0,10619410237.7,9087992752.25
3166,2017-04-21,sh600988,³à·å»Æ½ð,14.79,14.94,14.65,14.75,14.89,-0.1,-0.6716,2.2881,13964945,206588778.0,10548091162.9,9026958549.75
3167,2017-04-24,sh600988,³à·å»Æ½ð,13.77,14.55,13.61,14.55,14.79,-1.02,-6.8966,4.0802,24903342,349424337.0,9820636599.96,8404409684.25
3168,2017-04-25,sh600988,³à·å»Æ½ð,13.75,13.85,13.63,13.63,13.77,-0.02,-0.1452,2.122,12951389,177879029.0,9806372785.0,8392202843.75
3169,2017-04-26,sh600988,³à·å»Æ½ð,13.66,13.68,13.33,13.51,13.75,-0.09,-0.6545,2.5086,15311021,206721787.0,9742185617.68,8337272061.5
3170,2017-04-27,sh600988,³à·å»Æ½ð,13.48,13.57,13.16,13.55,13.66,-0.18,-1.3177,2.4049,14678303,196606878.0,9613811283.04,8227410497.0
3171,2017-04-28,sh600988,³à·å»Æ½ð,13.74,13.86,13.36,13.38,13.48,0.26,1.9288,2.2392,13666752,186802708.0,9799240877.52,8386099423.5
3172,2017-05-02,sh600988,³à·å»Æ½ð,13.36,13.5,13.26,13.4,13.74,-0.38,-2.7656,2.012,12280296,164056613.0,9528228393.28,8154169454.0
3173,2017-05-03,sh600988,³à·å»Æ½ð,13.44,13.49,13.24,13.35,13.36,0.08,0.5988,1.5311,9345152,125019894.0,9585283653.12,8202996816.0
3174,2017-05-04,sh600988,³à·å»Æ½ð,13.06,13.23,13.03,13.18,13.44,-0.38,-2.8274,2.1038,12840620,168424920.0,9314271168.88,7971066846.5
3175,2017-05-05,sh600988,³à·å»Æ½ð,12.73,12.94,12.68,12.94,13.06,-0.33,-2.5268,1.9087,11649764,148861804.0,9078918222.04,7769653978.25
3176,2017-05-08,sh600988,³à·å»Æ½ð,12.23,12.72,12.21,12.72,12.73,-0.5,-3.9277,1.4964,9133021,113816045.0,8722322848.04,7464482965.75
3177,2017-05-09,sh600988,³à·å»Æ½ð,12.19,12.21,11.91,11.91,12.23,-0.04,-0.3271,1.2104,7387792,89240291.0,8693795218.12,7440069284.75
3178,2017-05-10,sh600988,³à·å»Æ½ð,11.87,12.27,11.81,12.11,12.19,-0.32,-2.6251,1.1898,7261709,87955595.0,8465574178.76,7244759836.75
3179,2017-05-11,sh600988,³à·å»Æ½ð,11.56,11.83,11.29,11.8,11.87,-0.31,-2.6116,1.9568,11943157,137314488.0,8244485046.88,7055553809.0
3180,2017-05-12,sh600988,³à·å»Æ½ð,11.65,11.79,11.58,11.6,11.56,0.09,0.7785,1.3323,8131424,94927784.0,8308672214.2,7110484591.25
3181,2017-05-15,sh600988,³à·å»Æ½ð,11.99,12.17,11.59,11.66,11.65,0.34,2.9185,1.6962,10352600,123116857.0,8551157068.52,7318000879.75
3182,2017-05-16,sh600988,³à·å»Æ½ð,12.07,12.08,11.81,11.92,11.99,0.08,0.6672,1.4864,9072228,108598784.0,8608212328.36,7366828241.75
3183,2017-05-17,sh600988,³à·å»Æ½ð,12.16,12.38,12.11,12.11,12.07,0.09,0.7457,1.5269,9319523,113802292.0,8672399495.68,7421759024.0
3184,2017-05-18,sh600988,³à·å»Æ½ð,12.43,12.9,12.37,12.74,12.16,0.27,2.2204,2.972,18139646,229017939.0,8864960997.64,7586551370.75
3185,2017-05-19,sh600988,³à·å»Æ½ð,12.12,12.22,11.99,12.07,12.43,-0.31,-2.494,1.9436,11862556,143546806.0,8643871865.76,7397345343.0
3186,2017-05-22,sh600988,³à·å»Æ½ð,11.71,12.08,11.65,12.05,12.12,-0.41,-3.3828,1.592,9716369,114936627.0,8351463659.08,7147105112.75
3187,2017-05-23,sh600988,³à·å»Æ½ð,11.44,11.89,11.3,11.82,11.71,-0.27,-2.3057,1.4531,8869000,103198723.0,8158902157.12,6982312766.0
3188,2017-05-24,sh600988,³à·å»Æ½ð,11.23,11.29,10.85,11.29,11.44,-0.21,-1.8357,1.5127,9232519,102152852.0,8009132100.04,6854140940.75
3189,2017-05-25,sh600988,³à·å»Æ½ð,11.44,11.45,11.11,11.25,11.23,0.21,1.87,1.1624,7094404,80174418.0,8158902157.12,6982312766.0
3190,2017-05-26,sh600988,³à·å»Æ½ð,11.72,11.76,11.31,11.36,11.44,0.28,2.4476,1.6358,9984013,116246153.0,8358595566.56,7153208533.0
3191,2017-05-31,sh600988,³à·å»Æ½ð,11.77,11.88,11.66,11.75,11.72,0.05,0.4266,1.2579,7677702,90130273.0,8394255103.96,7183725634.25
3192,2017-06-01,sh600988,³à·å»Æ½ð,11.55,11.87,11.43,11.8,11.77,-0.22,-1.8692,1.0657,6504132,75946022.0,8237353139.4,7049450388.75
3193,2017-06-02,sh600988,³à·å»Æ½ð,11.62,11.74,11.2,11.54,11.55,0.07,0.6061,0.863,5267083,60454380.0,8287276491.76,7092174330.5
3194,2017-06-05,sh600988,³à·å»Æ½ð,11.94,12.09,11.75,11.81,11.62,0.32,2.7539,1.5408,9403958,112012078.0,8515497531.12,7287483778.5
3195,2017-06-06,sh600988,³à·å»Æ½ð,12.16,12.17,11.76,11.91,11.94,0.22,1.8425,1.4723,8986032,107868220.0,8672399495.68,7421759024.0
3196,2017-06-07,sh600988,³à·å»Æ½ð,12.25,12.31,12.06,12.26,12.16,0.09,0.7401,2.0386,12442640,151511729.0,8736586663.0,7476689806.25
3197,2017-06-08,sh600988,³à·å»Æ½ð,12.15,12.17,12.02,12.13,12.25,-0.1,-0.8163,1.2748,7780694,94057739.0,8665267588.2,7415655603.75
3198,2017-06-09,sh600988,³à·å»Æ½ð,12.04,12.15,11.9,11.94,12.15,-0.11,-0.9053,0.9392,5732351,68817949.0,8586816605.92,7348517981.0
3199,2017-06-12,sh600988,³à·å»Æ½ð,12.05,12.12,11.9,11.94,12.04,0.01,0.0831,0.9978,6089716,73113022.0,8593948513.4,7354621401.25
3200,2017-06-13,sh600988,³à·å»Æ½ð,12.28,12.31,11.98,12.02,12.05,0.23,1.9087,1.4684,8962474,108989793.0,8757982385.44,7495000067.0
3201,2017-06-14,sh600988,³à·å»Æ½ð,12.3,12.44,12.16,12.21,12.28,0.02,0.1629,1.3168,8037024,98776836.0,8772246200.4,7507206907.5
3202,2017-06-15,sh600988,³à·å»Æ½ð,12.5,12.56,12.06,12.12,12.3,0.2,1.626,2.299,14031678,172791700.0,8914884350.0,7629275312.5
3203,2017-06-16,sh600988,³à·å»Æ½ð,12.37,12.64,12.23,12.32,12.5,-0.13,-1.04,1.4491,8844622,109671490.0,8822169552.76,7549930849.25
3204,2017-06-19,sh600988,³à·å»Æ½ð,12.38,12.5,12.25,12.3,12.37,0.01,0.0808,0.8594,5245269,64884145.0,8829301460.24,7556034269.5
3205,2017-06-20,sh600988,³à·å»Æ½ð,12.35,12.44,12.27,12.33,12.38,-0.03,-0.2423,1.0472,6391379,78866420.0,8807905737.8,7537724008.75
3206,2017-06-21,sh600988,³à·å»Æ½ð,12.42,12.43,12.23,12.34,12.35,0.07,0.5668,1.0009,6108647,75346811.0,8857829090.16,7580447950.5
3207,2017-06-22,sh600988,³à·å»Æ½ð,12.38,12.53,12.34,12.41,12.42,-0.04,-0.3221,1.1624,7094359,88188097.0,8829301460.24,7556034269.5
3208,2017-06-23,sh600988,³à·å»Æ½ð,12.31,12.4,12.13,12.2,12.38,-0.07,-0.5654,0.983,5999517,73608550.0,8779378107.88,7513310327.75
3209,2017-06-26,sh600988,³à·å»Æ½ð,12.45,12.6,12.25,12.31,12.31,0.14,1.1373,1.0424,6362024,78939562.0,8879224812.6,7598758211.25
3210,2017-06-27,sh600988,³à·å»Æ½ð,12.65,12.69,12.31,12.36,12.45,0.2,1.6064,1.8989,11589787,145261439.0,9021862962.2,7720826616.25
3211,2017-06-28,sh600988,³à·å»Æ½ð,12.9,12.98,12.49,12.52,12.65,0.25,1.9763,2.512,15331557,196553255.0,9200160649.2,7873412122.5
3212,2017-06-29,sh600988,³à·å»Æ½ð,12.7,12.91,12.7,12.8,12.9,-0.2,-1.5504,1.616,9863094,126020074.0,9057522499.6,7751343717.5
3213,2017-06-30,sh600988,³à·å»Æ½ð,12.75,12.79,12.55,12.6,12.7,0.05,0.3937,1.1382,6946740,88126791.0,9093182037.0,7781860818.75
3214,2017-07-03,sh600988,³à·å»Æ½ð,12.54,12.72,12.48,12.72,12.75,-0.21,-1.6471,1.4302,8728864,109817704.0,8943411979.92,7653688993.5
3215,2017-07-04,sh600988,³à·å»Æ½ð,12.49,12.55,12.35,12.38,12.54,-0.05,-0.3987,0.9941,6067691,75483757.0,8907752442.52,7623171892.25
3216,2017-07-05,sh600988,³à·å»Æ½ð,12.53,12.54,12.45,12.46,12.49,0.04,0.3203,0.7429,4534301,56673381.0,8936280072.44,7647585573.25
3217,2017-07-06,sh600988,³à·å»Æ½ð,12.75,12.8,12.48,12.49,12.53,0.22,1.7558,1.5633,9541680,121090861.0,9093182037.0,7781860818.75
3218,2017-07-07,sh600988,³à·å»Æ½ð,12.82,12.88,12.61,12.66,12.75,0.07,0.549,1.4577,8897037,113482803.0,9143105389.36,7824584760.5
3219,2017-07-10,sh600988,³à·å»Æ½ð,12.84,13.1,12.68,12.75,12.82,0.02,0.156,2.337,14263606,184270263.0,9157369204.32,7836791601.0
3220,2017-07-11,sh600988,³à·å»Æ½ð,12.47,12.93,12.41,12.87,12.84,-0.37,-2.8816,1.2676,7736637,97963577.0,8893488627.56,7610965051.75
3221,2017-07-12,sh600988,³à·å»Æ½ð,12.45,12.64,12.24,12.51,12.47,-0.02,-0.1604,1.2196,7443629,92392816.0,8879224812.6,7598758211.25
3222,2017-07-13,sh600988,³à·å»Æ½ð,12.76,12.94,12.28,12.45,12.45,0.31,2.49,2.0262,12366678,157098770.0,9100313944.48,7787964239.0
3223,2017-07-14,sh600988,³à·å»Æ½ð,12.5,12.62,12.42,12.59,12.76,-0.26,-2.0376,1.159,7074075,88475342.0,8914884350.0,7629275312.5
3224,2017-07-17,sh600988,³à·å»Æ½ð,12.26,12.85,11.61,12.53,12.5,-0.24,-1.92,2.6487,16166180,203475503.0,8743718570.48,7482793226.5
3225,2017-07-18,sh600988,³à·å»Æ½ð,12.28,12.38,12.08,12.17,12.26,0.02,0.1631,1.3891,8477968,103754039.0,8757982385.44,7495000067.0
3226,2017-07-19,sh600988,³à·å»Æ½ð,12.89,12.9,12.32,12.38,12.28,0.61,4.9674,3.5851,21881434,279171574.0,9193028741.72,7867308702.25
3227,2017-07-20,sh600988,³à·å»Æ½ð,12.77,12.9,12.64,12.9,12.89,-0.12,-0.931,2.4303,14833212,188925615.0,9107445851.96,7794067659.25
3228,2017-07-21,sh600988,³à·å»Æ½ð,13.15,13.15,12.81,12.81,12.77,0.38,2.9757,3.9802,24293089,316167492.0,9378458336.2,8025997628.75
3229,2017-07-24,sh600988,³à·å»Æ½ð,13.04,13.49,13.01,13.39,13.15,-0.11,-0.8365,3.1793,19404841,255882532.0,9300007353.92,7958860006.0
3230,2017-07-25,sh600988,³à·å»Æ½ð,12.69,12.9,12.6,12.85,13.04,-0.35,-2.684,2.3621,14416783,183284906.0,9050390592.12,7745240297.25
3231,2017-07-26,sh600988,³à·å»Æ½ð,12.6,12.74,12.54,12.67,12.69,-0.09,-0.7092,1.4926,9109904,114944144.0,8986203424.8,7690309515.0
3232,2017-07-27,sh600988,³à·å»Æ½ð,12.71,12.87,12.56,12.84,12.6,0.11,0.873,1.6447,10038520,127525233.0,9064654407.08,7757447137.75
3233,2017-07-28,sh600988,³à·å»Æ½ð,12.54,12.63,12.38,12.6,12.71,-0.17,-1.3375,1.7404,10622385,132796853.0,8943411979.92,7653688993.5
3234,2017-07-31,sh600988,³à·å»Æ½ð,12.85,12.97,12.55,12.55,12.54,0.31,2.4721,2.7581,16833929,215874401.0,9164501111.8,7842895021.25
3235,2017-08-01,sh600988,³à·å»Æ½ð,13.38,13.63,12.7,12.86,12.85,0.53,4.1245,4.7284,28859454,380213922.0,9542492208.24,8166376294.5
3236,2017-08-02,sh600988,³à·å»Æ½ð,13.17,13.48,13.01,13.2,13.38,-0.21,-1.5695,3.2113,19600181,259028019.0,9392722151.16,8038204469.25
3237,2017-08-03,sh600988,³à·å»Æ½ð,13.28,13.41,13.0,13.08,13.17,0.11,0.8352,2.3691,14459772,190931979.0,9471173133.44,8105342092.0
3238,2017-08-04,sh600988,³à·å»Æ½ð,13.88,13.98,13.22,13.31,13.28,0.6,4.5181,5.6561,34521777,471114004.0,9899087582.24,8471547307.0
3239,2017-08-07,sh600988,³à·å»Æ½ð,13.62,13.64,13.3,13.58,13.88,-0.26,-1.8732,3.2494,19832682,267289361.0,9713657987.76,8312858380.5
3240,2017-08-08,sh600988,³à·å»Æ½ð,13.38,13.92,13.32,13.53,13.62,-0.24,-1.7621,3.3699,20567916,279068011.0,9542492208.24,8166376294.5
3241,2017-08-09,sh600988,³à·å»Æ½ð,13.6,13.63,13.36,13.6,13.38,0.22,1.6442,2.2532,13752486,185659001.0,9699394172.8,8300651540.0
3242,2017-08-10,sh600988,³à·å»Æ½ð,13.76,14.08,13.65,13.9,13.6,0.16,1.1765,5.1681,31542819,436383182.0,9813504692.48,8398306264.0
3243,2017-08-11,sh600988,³à·å»Æ½ð,13.55,14.42,13.48,13.92,13.76,-0.21,-1.5262,6.4783,39539711,555889559.0,9663734635.4,8270134438.75
3244,2017-08-14,sh600988,³à·å»Æ½ð,13.46,13.49,13.03,13.38,13.55,-0.09,-0.6642,3.1821,19421581,257837614.0,9599547468.08,8215203656.5
3245,2017-08-15,sh600988,³à·å»Æ½ð,0.0,0.0,0.0,0.0,13.46,,,0.0,0,0.0,9599547468.08,8215203656.5
3246,2017-08-16,sh600988,³à·å»Æ½ð,0.0,0.0,0.0,0.0,13.46,,,0.0,0,0.0,9599547468.08,8215203656.5
3247,2017-08-17,sh600988,³à·å»Æ½ð,14.0,14.3,13.65,13.91,13.46,0.54,4.0119,6.7422,41150754,576487023.0,9984670472.0,8544788350.0
3248,2017-08-18,sh600988,³à·å»Æ½ð,14.37,14.65,13.77,13.87,14.0,0.37,2.6429,5.2179,31847182,457438567.0,10248551048.8,8770614899.25
3249,2017-08-21,sh600988,³à·å»Æ½ð,14.25,14.36,13.98,14.2,14.37,-0.12,-0.8351,3.0085,18362015,259709334.0,10162968159.0,8697373856.25
3250,2017-08-22,sh600988,³à·å»Æ½ð,14.08,14.32,14.03,14.17,14.25,-0.17,-1.193,2.1131,12896942,182424287.0,10041725731.8,8593615712.0
3251,2017-08-23,sh600988,³à·å»Æ½ð,13.8,13.99,13.74,13.9,14.08,-0.28,-1.9886,1.7451,10651300,147166968.0,9842032322.4,8422719945.0
3252,2017-08-24,sh600988,³à·å»Æ½ð,13.59,13.86,13.54,13.8,13.8,-0.21,-1.5217,1.5095,9212882,125904051.0,9692262265.32,8294548119.75
3253,2017-08-25,sh600988,³à·å»Æ½ð,13.72,13.76,13.51,13.53,13.59,0.13,0.9566,1.4174,8651243,118451555.0,9784977062.56,8373892583.0
3254,2017-08-28,sh600988,³à·å»Æ½ð,14.29,14.3,13.71,13.8,13.72,0.57,4.1545,3.1799,19408552,273395642.0,10191495788.9,8721787537.25
3255,2017-08-29,sh600988,³à·å»Æ½ð,14.48,14.93,14.34,14.65,14.29,0.19,1.3296,5.1706,31558316,461554250.0,10327002031.0,8837752522.0
3256,2017-08-30,sh600988,³à·å»Æ½ð,14.25,14.44,14.14,14.2,14.48,-0.23,-1.5884,2.6553,16206566,231321753.0,10162968159.0,8697373856.25
3257,2017-08-31,sh600988,³à·å»Æ½ð,14.59,14.64,14.11,14.11,14.25,0.34,2.386,3.7727,23026275,333250632.0,10405453013.3,8904890144.75
3258,2017-09-01,sh600988,³à·å»Æ½ð,14.5,14.75,14.47,14.75,14.59,-0.09,-0.6169,3.8379,23424230,341979848.0,10341265846.0,8849959362.5
3259,2017-09-04,sh600988,³à·å»Æ½ð,14.85,14.86,14.52,14.77,14.5,0.35,2.4138,5.323,32488809,477357373.0,10590882607.8,9063579071.25
3260,2017-09-05,sh600988,³à·å»Æ½ð,14.5,14.75,14.43,14.65,14.85,-0.35,-2.3569,3.5157,21457639,312624454.0,10341265846.0,8849959362.5
3261,2017-09-06,sh600988,³à·å»Æ½ð,14.52,14.7,14.45,14.62,14.5,0.02,0.1379,3.0907,18863675,274742353.0,10355529661.0,8862166203.0
3262,2017-09-07,sh600988,³à·å»Æ½ð,14.25,14.44,14.18,14.35,14.52,-0.27,-1.8595,2.5254,15413577,220450399.0,10162968159.0,8697373856.25
3263,2017-09-08,sh600988,³à·å»Æ½ð,14.5,14.7,14.36,14.38,14.25,0.25,1.7544,3.6881,22510262,326925449.0,10341265846.0,8849959362.5
3264,2017-09-11,sh600988,³à·å»Æ½ð,14.43,14.48,14.11,14.25,14.5,-0.07,-0.4828,3.0453,18586688,265693716.0,10291342493.6,8807235420.75
3265,2017-09-12,sh600988,³à·å»Æ½ð,14.09,14.35,14.06,14.3,14.43,-0.34,-2.3562,3.3055,20174597,286506903.0,10048857639.3,8599719132.25
3266,2017-09-13,sh600988,³à·å»Æ½ð,14.12,14.18,14.05,14.05,14.09,0.03,0.2129,1.5569,9502525,133933553.0,10070253361.8,8618029393.0
3267,2017-09-14,sh600988,³à·å»Æ½ð,13.81,14.08,13.72,14.02,14.12,-0.31,-2.1955,2.5455,15536125,215169328.0,9849164229.88,8428823365.25
3268,2017-09-15,sh600988,³à·å»Æ½ð,13.76,13.92,13.58,13.9,13.81,-0.05,-0.3621,1.8479,11278794,154862163.0,9813504692.48,8398306264.0
3269,2017-09-18,sh600988,³à·å»Æ½ð,13.75,13.78,13.57,13.69,13.76,-0.01,-0.0727,1.1475,7003738,95853779.0,9806372785.0,8392202843.75
3270,2017-09-19,sh600988,³à·å»Æ½ð,13.81,13.88,13.62,13.65,13.75,0.06,0.4364,1.4057,8579831,118334604.0,9849164229.88,8428823365.25
3271,2017-09-20,sh600988,³à·å»Æ½ð,13.98,13.99,13.79,13.85,13.81,0.17,1.231,1.7241,10522754,146259264.0,9970406657.04,8532581509.5
3272,2017-09-21,sh600988,³à·å»Æ½ð,13.61,13.82,13.6,13.82,13.98,-0.37,-2.6466,1.7922,10938279,150014690.0,9706526080.28,8306754960.25
3273,2017-09-22,sh600988,³à·å»Æ½ð,13.59,13.71,13.49,13.62,13.61,-0.02,-0.147,1.2614,7699092,104557070.0,9692262265.32,8294548119.75
3274,2017-09-25,sh600988,³à·å»Æ½ð,13.52,13.63,13.49,13.57,13.59,-0.07,-0.5151,0.9503,5799800,78559743.0,9642338912.96,8251824178.0
3275,2017-09-26,sh600988,³à·å»Æ½ð,13.7,13.83,13.58,13.59,13.52,0.18,1.3314,1.595,9735101,133410270.0,9770713247.6,8361685742.5
3276,2017-09-27,sh600988,³à·å»Æ½ð,13.64,13.69,13.57,13.6,13.7,-0.06,-0.438,0.945,5767635,78580105.0,9727921802.72,8325065221.0
3277,2017-09-28,sh600988,³à·å»Æ½ð,13.42,13.61,13.41,13.61,13.64,-0.22,-1.6129,1.6951,10346200,139349622.0,9571019838.16,8190789975.5
3278,2017-09-29,sh600988,³à·å»Æ½ð,13.59,13.6,13.42,13.48,13.42,0.17,1.2668,1.0508,6413685,86589465.0,9692262265.32,8294548119.75
3279,2017-10-09,sh600988,³à·å»Æ½ð,13.84,13.94,13.66,13.68,13.59,0.25,1.8396,1.8515,11300482,156195238.0,9870559952.32,8447133626.0
3280,2017-10-10,sh600988,³à·å»Æ½ð,14.0,14.08,13.77,13.9,13.84,0.16,1.1561,1.7025,10390888,145168749.0,9984670472.0,8544788350.0
3281,2017-10-11,sh600988,³à·å»Æ½ð,13.84,14.0,13.79,13.92,14.0,-0.16,-1.1429,1.1588,7072822,98161911.0,9870559952.32,8447133626.0
3282,2017-10-12,sh600988,³à·å»Æ½ð,13.97,13.99,13.82,13.89,13.84,0.13,0.9393,1.202,7336516,101990837.0,9963274749.56,8526478089.25
3283,2017-10-13,sh600988,³à·å»Æ½ð,14.03,14.04,13.85,13.92,13.97,0.06,0.4295,1.3422,8191900,114354857.0,10006066194.4,8563098610.75
3284,2017-10-16,sh600988,³à·å»Æ½ð,14.01,14.09,13.62,14.03,14.03,-0.02,-0.1426,1.7206,10501734,145821661.0,9991802379.48,8550891770.25
3285,2017-10-17,sh600988,³à·å»Æ½ð,13.76,13.93,13.68,13.82,14.01,-0.25,-1.7844,1.0279,6273867,86489054.0,9813504692.48,8398306264.0
3286,2017-10-18,sh600988,³à·å»Æ½ð,13.61,13.79,13.53,13.75,13.76,-0.15,-1.0901,1.1047,6742390,91854377.0,9706526080.28,8306754960.25
3287,2017-10-19,sh600988,³à·å»Æ½ð,13.05,13.68,12.98,13.68,13.61,-0.56,-4.1146,2.353,14361190,190392607.0,9307139261.4,7964963426.25
3288,2017-10-20,sh600988,³à·å»Æ½ð,13.12,13.14,12.97,13.08,13.05,0.07,0.5364,1.2317,7517505,98117353.0,9357062613.76,8007687368.0
3289,2017-10-23,sh600988,³à·å»Æ½ð,13.22,13.28,12.98,13.11,13.12,0.1,0.7622,1.1428,6974816,91752184.0,9428381688.56,8068721570.5
3290,2017-10-24,sh600988,³à·å»Æ½ð,13.13,13.28,13.11,13.25,13.22,-0.09,-0.6808,1.1864,7241000,95455053.0,9364194521.24,8013790788.25
3291,2017-10-25,sh600988,XR³à·å»Æ,6.7,6.91,6.52,6.52,6.57,0.13,1.9787,1.9425,23711315,160250513.0,9556756023.2,8178583135.0
3292,2017-10-26,sh600988,³à·å»Æ½ð,6.59,6.65,6.55,6.61,6.7,-0.11,-1.6418,1.8767,22908400,150921275.0,9399854058.64,8044307889.5
3293,2017-10-27,sh600988,³à·å»Æ½ð,6.36,6.54,6.32,6.52,6.59,-0.23,-3.4901,1.7747,21663595,138950310.0,9071786314.56,7763550558.0
3294,2017-10-30,sh600988,³à·å»Æ½ð,6.12,6.39,6.08,6.37,6.36,-0.24,-3.7736,1.4059,17161502,106023800.0,8729454755.52,7470586386.0
3295,2017-10-31,sh600988,³à·å»Æ½ð,6.17,6.25,6.12,6.14,6.12,0.05,0.817,0.9492,11586220,71528302.0,8800773830.32,7531620588.5
3296,2017-11-01,sh600988,³à·å»Æ½ð,6.19,6.21,6.11,6.14,6.17,0.02,0.3241,0.7853,9586366,59156136.0,8829301460.24,7556034269.5
3297,2017-11-02,sh600988,³à·å»Æ½ð,6.17,6.27,6.15,6.2,6.19,-0.02,-0.3231,0.9656,11787521,73218062.0,8800773830.32,7531620588.5
3298,2017-11-03,sh600988,³à·å»Æ½ð,6.07,6.18,6.0,6.17,6.17,-0.1,-1.6207,1.0959,13377096,81241849.0,8658135680.72,7409552183.5
3299,2017-11-06,sh600988,³à·å»Æ½ð,6.08,6.16,5.99,6.02,6.07,0.01,0.1647,0.8628,10532482,64059523.0,8672399495.68,7421759024.0
3300,2017-11-07,sh600988,³à·å»Æ½ð,6.1,6.15,6.08,6.11,6.08,0.02,0.3289,1.1273,13760840,84072745.0,8700927125.6,7446172705.0
3301,2017-11-08,sh600988,³à·å»Æ½ð,6.1,6.12,6.05,6.12,6.1,0.0,0.0,1.07,13061872,79471261.0,8700927125.6,7446172705.0
3302,2017-11-09,sh600988,³à·å»Æ½ð,6.09,6.1,6.06,6.08,6.1,-0.01,-0.1639,0.8533,10415600,63347157.0,8686663310.64,7433965864.5
3303,2017-11-10,sh600988,³à·å»Æ½ð,6.0,6.1,5.98,6.1,6.09,-0.09,-1.4778,1.3963,17044800,102771437.0,8558288976.0,7324104300.0
3304,2017-11-13,sh600988,³à·å»Æ½ð,5.91,5.97,5.86,5.95,6.0,-0.09,-1.5,1.2112,14785502,87256861.0,8429914641.36,7214242735.5
3305,2017-11-14,sh600988,³à·å»Æ½ð,5.89,5.92,5.84,5.91,5.91,-0.02,-0.3384,1.0343,12625160,74260765.0,8401387011.44,7189829054.5
3306,2017-11-15,sh600988,³à·å»Æ½ð,5.95,5.99,5.89,5.9,5.89,0.06,1.0187,1.5888,19393878,115282904.0,8486969901.2,7263070097.5
3307,2017-11-16,sh600988,³à·å»Æ½ð,5.84,5.92,5.82,5.92,5.95,-0.11,-1.8487,1.1363,13870694,81121198.0,8330067936.64,7128794852.0
3308,2017-11-17,sh600988,³à·å»Æ½ð,5.61,5.85,5.58,5.83,5.84,-0.23,-3.9384,1.6561,20215600,115384436.0,8002000192.56,6848037520.5
3309,2017-11-20,sh600988,³à·å»Æ½ð,5.53,5.68,5.43,5.65,5.61,-0.08,-1.426,1.3006,15876602,87684754.0,7887889672.88,6750382796.5
3310,2017-11-21,sh600988,³à·å»Æ½ð,5.54,5.55,5.42,5.48,5.53,0.01,0.1808,1.2234,14934140,81720700.0,7902153487.84,6762589637.0
3311,2017-11-22,sh600988,³à·å»Æ½ð,5.56,5.59,5.5,5.52,5.54,0.02,0.361,0.9911,12098124,67039681.0,7930681117.76,6787003318.0
3312,2017-11-23,sh600988,³à·å»Æ½ð,5.51,5.62,5.48,5.58,5.56,-0.05,-0.8993,1.1839,14451364,80393404.0,7859362042.96,6725969115.5
3313,2017-11-24,sh600988,³à·å»Æ½ð,5.56,5.56,5.41,5.46,5.51,0.05,0.9074,0.7475,9125139,50173391.0,7930681117.76,6787003318.0
3314,2017-11-27,sh600988,³à·å»Æ½ð,5.52,5.56,5.48,5.55,5.56,-0.04,-0.7194,0.5386,6574200,36229419.0,7873625857.92,6738175956.0
3315,2017-11-28,sh600988,³à·å»Æ½ð,5.56,5.57,5.51,5.53,5.52,0.04,0.7246,0.6809,8311211,46059461.0,7930681117.76,6787003318.0
3316,2017-11-29,sh600988,³à·å»Æ½ð,5.67,5.68,5.51,5.53,5.56,0.11,1.9784,1.6527,20174849,113347980.0,8087583082.32,6921278563.5
3317,2017-11-30,sh600988,³à·å»Æ½ð,5.57,5.62,5.53,5.58,5.67,-0.1,-1.7637,1.0656,13008190,72510031.0,7944944932.72,6799210158.5
3318,2017-12-01,sh600988,³à·å»Æ½ð,5.53,5.54,5.49,5.51,5.57,-0.04,-0.7181,0.7017,8566010,47199329.0,7887889672.88,6750382796.5
3319,2017-12-04,sh600988,³à·å»Æ½ð,5.43,5.53,5.43,5.5,5.53,-0.1,-1.8083,0.7207,8797648,48136644.0,7745251523.28,6628314391.5
3320,2017-12-05,sh600988,³à·å»Æ½ð,5.28,5.47,5.25,5.41,5.43,-0.15,-2.7624,0.9503,11599872,62212900.0,7531294298.88,6445211784.0
3321,2017-12-06,sh600988,³à·å»Æ½ð,5.28,5.28,5.16,5.21,5.28,0.0,0.0,0.8599,10497118,54726259.0,7531294298.88,6445211784.0
3322,2017-12-07,sh600988,³à·å»Æ½ð,5.56,5.59,5.2,5.23,5.28,0.28,5.303,3.0023,36648558,200968705.0,7930681117.76,6787003318.0
3323,2017-12-08,sh600988,³à·å»Æ½ð,5.52,5.54,5.38,5.4,5.56,-0.04,-0.7194,1.5502,18923644,103267534.0,7873625857.92,6738175956.0
3324,2017-12-11,sh600988,³à·å»Æ½ð,5.5,5.52,5.41,5.52,5.52,-0.02,-0.3623,0.962,11743456,64123906.0,7845098228.0,6713762275.0
3325,2017-12-12,sh600988,³à·å»Æ½ð,5.48,5.54,5.46,5.5,5.5,-0.02,-0.3636,0.8346,10187556,55943199.0,7816570598.08,6689348594.0
3326,2017-12-13,sh600988,³à·å»Æ½ð,5.47,5.51,5.43,5.48,5.48,-0.01,-0.1825,0.6024,7353504,40191929.0,7802306783.12,6677141753.5
3327,2017-12-14,sh600988,³à·å»Æ½ð,5.61,5.74,5.52,5.52,5.47,0.14,2.5594,2.7211,33215644,187887701.0,8002000192.56,6848037520.5
3328,2017-12-15,sh600988,³à·å»Æ½ð,5.89,5.92,5.52,5.57,5.61,0.28,4.9911,3.8002,46388693,266144108.0,8401387011.44,7189829054.5
3329,2017-12-18,sh600988,³à·å»Æ½ð,6.0,6.15,5.73,5.78,5.89,0.11,1.8676,4.0735,49725042,296759303.0,8558288976.0,7324104300.0
3330,2017-12-19,sh600988,³à·å»Æ½ð,6.07,6.2,5.9,5.92,6.0,0.07,1.1667,4.0512,49452839,301255639.0,8658135680.72,7409552183.5
3331,2017-12-20,sh600988,³à·å»Æ½ð,6.06,6.14,5.98,6.04,6.07,-0.01,-0.1647,1.9623,23953236,144817503.0,8643871865.76,7397345343.0
3332,2017-12-21,sh600988,³à·å»Æ½ð,5.95,6.1,5.87,6.02,6.06,-0.11,-1.8152,2.6445,32281092,192487606.0,8486969901.2,7263070097.5
3333,2017-12-22,sh600988,³à·å»Æ½ð,5.92,6.02,5.88,5.96,5.95,-0.03,-0.5042,1.2415,15154714,90063947.0,8444178456.32,7226449576.0
3334,2017-12-25,sh600988,³à·å»Æ½ð,6.51,6.51,5.92,5.99,5.92,0.59,9.9662,6.8162,83204666,520751124.0,9285743538.96,7946653165.5
3335,2017-12-26,sh600988,³à·å»Æ½ð,6.33,6.45,6.24,6.44,6.51,-0.18,-2.765,4.086,49876609,315820626.0,9028994869.68,7726930036.5
3336,2017-12-27,sh600988,³à·å»Æ½ð,6.36,6.54,6.17,6.3,6.33,0.03,0.4739,4.8146,58770492,374796785.0,9071786314.56,7763550558.0
3337,2017-12-28,sh600988,³à·å»Æ½ð,6.44,6.53,6.15,6.31,6.36,0.08,1.2579,4.5046,54986432,350553558.0,9185896834.24,7861205282.0
3338,2017-12-29,sh600988,³à·å»Æ½ð,6.44,6.53,6.31,6.44,6.44,0.0,0.0,2.9897,36494546,234658074.0,9185896834.24,7861205282.0
3339,2018-01-02,sh600988,³à·å»Æ½ð,6.42,6.52,6.32,6.48,6.44,-0.02,-0.3106,2.3241,28369380,181487097.0,9157369204.32,7836791601.0
3340,2018-01-03,sh600988,³à·å»Æ½ð,6.46,6.77,6.4,6.54,6.42,0.04,0.6231,4.7449,57919934,381374135.0,9214424464.16,7885618963.0
3341,2018-01-04,sh600988,³à·å»Æ½ð,6.31,6.36,6.2,6.32,6.46,-0.15,-2.322,3.304,40330807,253141445.0,9000467239.76,7702516355.5
3342,2018-01-05,sh600988,³à·å»Æ½ð,6.4,6.57,6.3,6.37,6.31,0.09,1.4263,3.963,48375937,310617717.0,9128841574.4,7812377920.0
3343,2018-01-08,sh600988,³à·å»Æ½ð,6.34,6.44,6.23,6.31,6.4,-0.06,-0.9375,2.5676,31342190,198837115.0,9043258684.64,7739136877.0
3344,2018-01-09,sh600988,³à·å»Æ½ð,6.2,6.31,6.18,6.28,6.34,-0.14,-2.2082,2.3091,28186658,175514900.0,8843565275.2,7568241110.0
3345,2018-01-10,sh600988,³à·å»Æ½ð,6.07,6.2,6.02,6.11,6.2,-0.13,-2.0968,2.0645,25201116,153802447.0,8658135680.72,7409552183.5
3346,2018-01-11,sh600988,³à·å»Æ½ð,6.16,6.24,6.08,6.08,6.07,0.09,1.4827,1.6912,20644653,127432700.0,8786510015.36,7519413748.0
3347,2018-01-12,sh600988,³à·å»Æ½ð,6.34,6.4,6.09,6.14,6.16,0.18,2.9221,3.2961,40235233,251974065.0,9043258684.64,7739136877.0
3348,2018-01-15,sh600988,³à·å»Æ½ð,6.3,6.56,6.28,6.48,6.34,-0.04,-0.6309,3.103,37877707,243078627.0,8986203424.8,7690309515.0
3349,2018-01-16,sh600988,³à·å»Æ½ð,6.2,6.27,6.1,6.21,6.3,-0.1,-1.5873,2.1086,25739726,158845940.0,8843565275.2,7568241110.0
3350,2018-01-17,sh600988,³à·å»Æ½ð,6.22,6.39,6.11,6.2,6.2,0.02,0.3226,2.167,26452197,165610683.0,8872092905.12,7592654791.0
3351,2018-01-18,sh600988,³à·å»Æ½ð,6.14,6.16,6.06,6.1,6.22,-0.08,-1.2862,1.5178,18527208,113185253.0,8757982385.44,7495000067.0
3352,2018-01-19,sh600988,³à·å»Æ½ð,6.11,6.16,6.05,6.05,6.14,-0.03,-0.4886,1.1664,14238640,86861962.0,8715190940.56,7458379545.5
3353,2018-01-22,sh600988,³à·å»Æ½ð,6.08,6.13,6.04,6.13,6.11,-0.03,-0.491,1.2361,15089126,91620909.0,8672399495.68,7421759024.0
3354,2018-01-23,sh600988,³à·å»Æ½ð,6.17,6.28,6.03,6.07,6.08,0.09,1.4803,2.1163,25832979,159297783.0,8800773830.32,7531620588.5
3355,2018-01-24,sh600988,³à·å»Æ½ð,6.12,6.17,6.08,6.16,6.17,-0.05,-0.8104,1.5553,18985714,115940243.0,8729454755.52,7470586386.0
3356,2018-01-25,sh600988,³à·å»Æ½ð,6.31,6.34,6.18,6.24,6.12,0.19,3.1046,3.384,41307569,258797165.0,9000467239.76,7702516355.5
3357,2018-01-26,sh600988,³à·å»Æ½ð,6.17,6.2,6.11,6.19,6.31,-0.14,-2.2187,1.6419,20042027,123482055.0,8800773830.32,7531620588.5
3358,2018-01-29,sh600988,³à·å»Æ½ð,6.12,6.17,6.06,6.11,6.17,-0.05,-0.8104,1.2869,15708508,95848970.0,8729454755.52,7470586386.0
3359,2018-01-30,sh600988,³à·å»Æ½ð,5.97,6.08,5.97,6.06,6.12,-0.15,-2.451,1.3794,16838404,101219756.0,8515497531.12,7287483778.5
3360,2018-01-31,sh600988,³à·å»Æ½ð,5.84,5.98,5.72,5.97,5.97,-0.13,-2.1776,1.6573,20230590,117715598.0,8330067936.64,7128794852.0
3361,2018-02-01,sh600988,³à·å»Æ½ð,5.39,5.83,5.3,5.76,5.84,-0.45,-7.7055,2.1386,26105805,145074027.0,7688196263.44,6579487029.5
3362,2018-02-02,sh600988,³à·å»Æ½ð,5.53,5.59,5.25,5.27,5.39,0.14,2.5974,1.3696,16718711,91415660.0,7887889672.88,6750382796.5
3363,2018-02-05,sh600988,³à·å»Æ½ð,5.41,5.48,5.34,5.39,5.53,-0.12,-2.17,1.0226,12482311,67488092.0,7716723893.36,6603900710.5
3364,2018-02-06,sh600988,³à·å»Æ½ð,5.86,5.94,5.48,5.5,5.41,0.45,8.3179,4.7443,57913460,334249202.0,8358595566.56,7153208533.0
3365,2018-02-07,sh600988,³à·å»Æ½ð,5.91,6.14,5.57,5.61,5.86,0.05,0.8532,4.6962,57325973,336136785.0,8429914641.36,7214242735.5
3366,2018-02-08,sh600988,³à·å»Æ½ð,5.6,5.78,5.46,5.7,5.91,-0.31,-5.2453,2.9924,36527704,205634747.0,7987736377.6,6835830680.0
3367,2018-02-09,sh600988,³à·å»Æ½ð,5.33,5.85,5.3,5.73,5.6,-0.27,-4.8214,3.0638,37399177,206932261.0,7602613373.68,6506245986.5
3368,2018-02-12,sh600988,³à·å»Æ½ð,5.32,5.38,5.11,5.15,5.33,-0.01,-0.1876,1.7649,21544070,113250877.0,7588349558.72,6494039146.0
3369,2018-02-13,sh600988,³à·å»Æ½ð,5.4,5.42,5.28,5.34,5.32,0.08,1.5038,1.2419,15159604,81424595.0,7702460078.4,6591693870.0
3370,2018-02-14,sh600988,³à·å»Æ½ð,5.53,5.58,5.39,5.42,5.4,0.13,2.4074,1.3769,16808000,92272788.0,7887889672.88,6750382796.5
3371,2018-02-22,sh600988,³à·å»Æ½ð,5.56,5.58,5.36,5.47,5.53,0.03,0.5425,1.6777,20479804,112578800.0,7930681117.76,6787003318.0
3372,2018-02-23,sh600988,³à·å»Æ½ð,5.5,5.55,5.44,5.52,5.56,-0.06,-1.0791,1.1856,14472704,79410777.0,7845098228.0,6713762275.0
3373,2018-02-26,sh600988,³à·å»Æ½ð,5.57,5.57,5.45,5.46,5.5,0.07,1.2727,1.7448,21298812,117802447.0,7944944932.72,6799210158.5
3374,2018-02-27,sh600988,³à·å»Æ½ð,5.48,5.57,5.44,5.57,5.57,-0.09,-1.6158,1.5074,18400812,101052015.0,7816570598.08,6689348594.0
3375,2018-02-28,sh600988,³à·å»Æ½ð,5.42,5.44,5.35,5.39,5.48,-0.06,-1.0949,1.2049,14707810,79220923.0,7730987708.32,6616107551.0
3376,2018-03-01,sh600988,³à·å»Æ½ð,5.42,5.46,5.36,5.38,5.42,0.0,0.0,1.0498,12814304,69406032.0,7730987708.32,6616107551.0
3377,2018-03-02,sh600988,³à·å»Æ½ð,5.65,5.73,5.39,5.42,5.42,0.23,4.2435,3.4143,41678229,233866690.0,8059055452.4,6896864882.5
3378,2018-03-05,sh600988,³à·å»Æ½ð,5.62,5.7,5.55,5.66,5.65,-0.03,-0.531,1.7887,21834224,122225996.0,8016264007.52,6860244361.0
3379,2018-03-06,sh600988,³à·å»Æ½ð,5.64,5.65,5.53,5.56,5.62,0.02,0.3559,1.4751,18006413,100447661.0,8044791637.44,6884658042.0
3380,2018-03-07,sh600988,³à·å»Æ½ð,5.66,5.85,5.64,5.73,5.64,0.02,0.3546,2.2258,27170006,155793281.0,8073319267.36,6909071723.0
3381,2018-03-08,sh600988,³à·å»Æ½ð,5.67,5.72,5.55,5.56,5.66,0.01,0.1767,1.3068,15952349,89993811.0,8087583082.32,6921278563.5
3382,2018-03-09,sh600988,³à·å»Æ½ð,5.66,5.66,5.56,5.62,5.67,-0.01,-0.1764,1.3678,16696590,93468484.0,8073319267.36,6909071723.0
3383,2018-03-12,sh600988,³à·å»Æ½ð,5.71,5.76,5.61,5.64,5.66,0.05,0.8834,1.7444,21293654,120758032.0,8144638342.16,6970105925.5
3384,2018-03-13,sh600988,³à·å»Æ½ð,5.7,5.76,5.66,5.7,5.71,-0.01,-0.1751,1.5086,18415662,105226022.0,8130374527.2,6957899085.0
3385,2018-03-14,sh600988,³à·å»Æ½ð,5.65,5.77,5.63,5.73,5.7,-0.05,-0.8772,1.3596,16595860,94661326.0,8059055452.4,6896864882.5
3386,2018-03-15,sh600988,³à·å»Æ½ð,5.54,5.63,5.48,5.63,5.65,-0.11,-1.9469,1.4051,17151306,95056202.0,7902153487.84,6762589637.0
3387,2018-03-16,sh600988,³à·å»Æ½ð,5.58,5.63,5.46,5.48,5.54,0.04,0.722,1.1363,13870756,76988206.0,7959208747.68,6811416999.0
3388,2018-03-19,sh600988,³à·å»Æ½ð,5.52,5.58,5.48,5.51,5.58,-0.06,-1.0753,0.829,10119400,55978379.0,7873625857.92,6738175956.0
3389,2018-03-20,sh600988,³à·å»Æ½ð,5.59,5.66,5.55,5.58,5.52,0.07,1.2681,1.2851,15686540,87741003.0,7973472562.64,6823623839.5
3390,2018-03-21,sh600988,³à·å»Æ½ð,5.92,6.09,5.51,5.53,5.59,0.33,5.9034,3.5901,43824204,253054431.0,8444178456.32,7226449576.0
3391,2018-03-22,sh600988,³à·å»Æ½ð,5.78,5.97,5.75,5.92,5.92,-0.14,-2.3649,3.0819,37620479,219553291.0,8244485046.88,7055553809.0
3392,2018-03-23,sh600988,³à·å»Æ½ð,6.3,6.32,5.88,5.98,5.78,0.52,8.9965,10.3702,126587738,777136218.0,8986203424.8,7690309515.0
3393,2018-03-26,sh600988,³à·å»Æ½ð,6.29,6.85,6.16,6.4,6.3,-0.01,-0.1587,10.7808,131599933,855288161.0,8971939609.84,7678102674.5
3394,2018-03-27,sh600988,³à·å»Æ½ð,6.71,6.85,5.93,6.08,6.29,0.42,6.6773,9.5765,116898638,745593715.0,9571019838.16,8190789975.5
3395,2018-03-28,sh600988,³à·å»Æ½ð,6.63,6.92,6.43,6.47,6.71,-0.08,-1.1923,9.5596,116692004,785157866.0,9456909318.48,8093135251.5
3396,2018-03-29,sh600988,³à·å»Æ½ð,6.33,6.57,6.25,6.41,6.63,-0.3,-4.5249,6.0734,74137392,473720163.0,9028994869.68,7726930036.5
3397,2018-03-30,sh600988,³à·å»Æ½ð,6.32,6.38,6.21,6.23,6.33,-0.01,-0.158,3.4434,42033237,264526759.0,9014731054.72,7714723196.0
3398,2018-04-02,sh600988,³à·å»Æ½ð,6.85,6.88,6.36,6.41,6.32,0.53,8.3861,7.6907,93879357,619122459.0,9770713247.6,8361685742.5
3399,2018-04-03,sh600988,³à·å»Æ½ð,6.85,7.18,6.73,7.02,6.85,0.0,0.0,10.8071,131920451,922687161.0,9770713247.6,8361685742.5
3400,2018-04-04,sh600988,³à·å»Æ½ð,7.25,7.35,6.58,6.62,6.85,0.4,5.8394,11.8005,144046466,1016910784.0,10341265846.0,8849959362.5
3401,2018-04-09,sh600988,³à·å»Æ½ð,7.12,7.49,6.98,7.05,7.25,-0.13,-1.7931,9.9331,121251801,875256417.0,10155836251.5,8691270436.0
3402,2018-04-10,sh600988,³à·å»Æ½ð,6.93,7.13,6.84,7.05,7.12,-0.19,-2.6685,5.9111,72156379,503379236.0,9884823767.28,8459340466.5
3403,2018-04-11,sh600988,³à·å»Æ½ð,7.38,7.43,6.72,6.86,6.93,0.45,6.4935,9.5641,116747725,830542306.0,10526695440.5,9008648289.0
3404,2018-04-12,sh600988,³à·å»Æ½ð,7.36,7.63,7.21,7.3,7.38,-0.02,-0.271,11.9095,145377247,1076915223.0,10498167810.6,8984234608.0
3405,2018-04-13,sh600988,³à·å»Æ½ð,7.08,7.29,6.92,7.0,7.36,-0.28,-3.8043,6.7148,81966403,580348883.0,10098780991.7,8642443074.0
3406,2018-04-16,sh600988,³à·å»Æ½ð,7.1,7.35,7.06,7.21,7.08,0.02,0.2825,6.8871,84070140,605432043.0,10127308621.6,8666856755.0
3407,2018-04-17,sh600988,³à·å»Æ½ð,7.14,7.27,6.68,6.96,7.1,0.04,0.5634,6.1672,87968034,610299884.0,10184363881.4,10184363881.4
3408,2018-04-18,sh600988,³à·å»Æ½ð,6.9,7.0,6.81,6.91,7.14,-0.24,-3.3613,3.8257,54569148,376872871.0,9842032322.4,9842032322.4
3409,2018-04-19,sh600988,³à·å»Æ½ð,6.92,7.04,6.77,6.9,6.9,0.02,0.2899,3.4956,49860281,343682093.0,9870559952.32,9870559952.32
3410,2018-04-20,sh600988,³à·å»Æ½ð,6.68,6.98,6.65,6.83,6.92,-0.24,-3.4682,3.3892,48342253,330663658.0,9528228393.28,9528228393.28
3411,2018-04-23,sh600988,³à·å»Æ½ð,6.16,6.5,6.08,6.45,6.68,-0.52,-7.7844,4.3076,61443235,387513908.0,8786510015.36,8786510015.36
3412,2018-04-24,sh600988,³à·å»Æ½ð,6.19,6.22,5.99,6.09,6.16,0.03,0.487,3.0186,43057343,263453104.0,8829301460.24,8829301460.24
3413,2018-04-25,sh600988,³à·å»Æ½ð,6.19,6.33,6.15,6.22,6.19,0.0,0.0,2.3892,34079237,212333573.0,8829301460.24,8829301460.24
3414,2018-04-26,sh600988,³à·å»Æ½ð,6.2,6.34,6.06,6.1,6.19,0.01,0.1616,2.4998,35656960,221870366.0,8843565275.2,8843565275.2
3415,2018-04-27,sh600988,³à·å»Æ½ð,6.09,6.17,6.0,6.08,6.2,-0.11,-1.7742,2.0228,28852400,175300697.0,8686663310.64,8686663310.64
3416,2018-05-02,sh600988,³à·å»Æ½ð,5.88,5.99,5.8,5.98,6.09,-0.21,-3.4483,2.6758,38167610,225379233.0,8387123196.48,8387123196.48
3417,2018-05-03,sh600988,³à·å»Æ½ð,5.92,5.99,5.86,5.92,5.88,0.04,0.6803,2.5263,36034906,213190815.0,8444178456.32,8444178456.32
3418,2018-05-04,sh600988,³à·å»Æ½ð,6.04,6.09,5.89,5.92,5.92,0.12,2.027,2.8256,40303463,241888221.0,8615344235.84,8615344235.84
3419,2018-05-07,sh600988,³à·å»Æ½ð,6.03,6.06,5.93,6.05,6.04,-0.01,-0.1656,2.0937,29864219,178899116.0,8601080420.88,8601080420.88
3420,2018-05-08,sh600988,³à·å»Æ½ð,6.13,6.14,5.98,5.99,6.03,0.1,1.6584,2.6902,38373058,233294910.0,8743718570.48,8743718570.48
3421,2018-05-09,sh600988,³à·å»Æ½ð,6.03,6.1,6.0,6.07,6.13,-0.1,-1.6313,2.3165,33042058,199694208.0,8601080420.88,8601080420.88
3422,2018-05-10,sh600988,³à·å»Æ½ð,6.01,6.05,5.98,6.03,6.03,-0.02,-0.3317,1.7255,24611584,148015103.0,8572552790.96,8572552790.96
3423,2018-05-11,sh600988,³à·å»Æ½ð,6.1,6.12,6.03,6.06,6.01,0.09,1.4975,2.6019,37112991,225780174.0,8700927125.6,8700927125.6
3424,2018-05-14,sh600988,³à·å»Æ½ð,5.99,6.09,5.97,6.09,6.1,-0.11,-1.8033,1.7655,25182145,151044784.0,8544025161.04,8544025161.04
3425,2018-05-15,sh600988,³à·å»Æ½ð,5.88,5.91,5.81,5.91,5.99,-0.11,-1.8364,2.2073,31483832,184353359.0,8387123196.48,8387123196.48
3426,2018-05-16,sh600988,³à·å»Æ½ð,5.75,5.77,5.64,5.69,5.88,-0.13,-2.2109,2.2591,32223097,184479208.0,8201693602.0,8201693602.0
3427,2018-05-17,sh600988,³à·å»Æ½ð,5.72,5.77,5.68,5.71,5.75,-0.03,-0.5217,1.3226,18865756,108139349.0,8158902157.12,8158902157.12
3428,2018-05-18,sh600988,³à·å»Æ½ð,5.77,5.86,5.68,5.69,5.72,0.05,0.8741,1.7031,24292300,139933656.0,8230221231.92,8230221231.92
3429,2018-05-21,sh600988,³à·å»Æ½ð,5.72,5.74,5.68,5.7,5.77,-0.05,-0.8666,1.7207,24544051,140139698.0,8158902157.12,8158902157.12
3430,2018-05-22,sh600988,³à·å»Æ½ð,5.72,5.73,5.68,5.73,5.72,0.0,0.0,1.305,18614572,106249787.0,8158902157.12,8158902157.12
3431,2018-05-23,sh600988,³à·å»Æ½ð,5.69,5.75,5.67,5.73,5.72,-0.03,-0.5245,1.2341,17602544,100352933.0,8116110712.24,8116110712.24
3432,2018-05-24,sh600988,³à·å»Æ½ð,5.65,5.71,5.61,5.69,5.69,-0.04,-0.703,1.148,16375300,92761201.0,8059055452.4,8059055452.4
3433,2018-05-25,sh600988,³à·å»Æ½ð,5.73,5.79,5.71,5.74,5.65,0.08,1.4159,2.4007,34243355,196821679.0,8173165972.08,8173165972.08
3434,2018-05-28,sh600988,³à·å»Æ½ð,5.46,5.63,5.42,5.62,5.73,-0.27,-4.712,2.3738,33858755,186685995.0,7788042968.16,7788042968.16
3435,2018-05-29,sh600988,³à·å»Æ½ð,5.43,5.49,5.39,5.44,5.46,-0.03,-0.5495,0.9487,13531600,73692674.0,7745251523.28,7745251523.28
3436,2018-05-30,sh600988,³à·å»Æ½ð,5.97,5.97,5.54,5.54,5.43,0.54,9.9448,6.3794,90994711,527489204.0,8515497531.12,8515497531.12
3437,2018-05-31,sh600988,³à·å»Æ½ð,6.07,6.26,5.71,5.81,5.97,0.1,1.675,7.4358,106062861,636740913.0,8658135680.72,8658135680.72
3438,2018-06-01,sh600988,³à·å»Æ½ð,6.01,6.25,5.9,6.0,6.07,-0.06,-0.9885,5.8901,84015194,510121252.0,8572552790.96,8572552790.96
3439,2018-06-04,sh600988,³à·å»Æ½ð,5.78,5.93,5.73,5.81,6.01,-0.23,-3.827,3.3588,47908644,278376998.0,8244485046.88,8244485046.88
3440,2018-06-05,sh600988,³à·å»Æ½ð,5.79,5.82,5.61,5.66,5.78,0.01,0.173,2.4807,35384646,202448912.0,8258748861.84,8258748861.84
3441,2018-06-06,sh600988,³à·å»Æ½ð,5.87,5.9,5.76,5.79,5.79,0.08,1.3817,2.6583,37917872,221838547.0,8372859381.52,8372859381.52
3442,2018-06-07,sh600988,³à·å»Æ½ð,5.9,5.95,5.76,5.8,5.87,0.03,0.5111,2.6518,37825010,221405165.0,8415650826.4,8415650826.4
3443,2018-06-08,sh600988,³à·å»Æ½ð,5.71,6.0,5.63,5.86,5.9,-0.19,-3.2203,3.1756,45295577,263788888.0,8144638342.16,8144638342.16
3444,2018-06-11,sh600988,³à·å»Æ½ð,5.88,5.93,5.69,5.71,5.71,0.17,2.9772,3.1356,44725464,261165393.0,8387123196.48,8387123196.48
3445,2018-06-12,sh600988,³à·å»Æ½ð,5.83,5.88,5.74,5.82,5.88,-0.05,-0.8503,2.3892,34078957,197945330.0,8315804121.68,8315804121.68
3446,2018-06-13,sh600988,³à·å»Æ½ð,5.81,5.87,5.71,5.75,5.83,-0.02,-0.3431,3.2726,46679720,269969634.0,8287276491.76,8287276491.76
3447,2018-06-14,sh600988,³à·å»Æ½ð,5.74,5.82,5.65,5.77,5.81,-0.07,-1.2048,2.9255,41728171,239675979.0,8187429787.04,8187429787.04
3448,2018-06-15,sh600988,³à·å»Æ½ð,5.26,5.63,5.17,5.58,5.74,-0.48,-8.3624,5.7353,81806866,438024786.0,7502766668.96,7502766668.96
3449,2018-06-19,sh600988,³à·å»Æ½ð,5.06,5.41,4.8,5.15,5.26,-0.2,-3.8023,3.664,52262605,268119674.0,7217490369.76,7217490369.76
3450,2018-06-20,sh600988,³à·å»Æ½ð,4.97,5.02,4.82,4.95,5.06,-0.09,-1.7787,1.9886,28364861,139900642.0,7089116035.12,7089116035.12
3451,2018-06-21,sh600988,³à·å»Æ½ð,4.82,4.97,4.8,4.9,4.97,-0.15,-3.0181,1.8755,26751773,130434647.0,6875158810.72,6875158810.72
3452,2018-06-22,sh600988,³à·å»Æ½ð,4.94,4.95,4.83,4.9,4.82,0.12,2.4896,1.4372,20500375,100529855.0,7046324590.24,7046324590.24
3453,2018-06-25,sh600988,³à·å»Æ½ð,4.91,4.98,4.9,4.94,4.94,-0.03,-0.6073,1.0412,14851875,73282394.0,7003533145.36,7003533145.36
3454,2018-06-26,sh600988,³à·å»Æ½ð,4.9,4.9,4.81,4.88,4.91,-0.01,-0.2037,1.0508,14989012,72766231.0,6989269330.4,6989269330.4
3455,2018-06-27,sh600988,³à·å»Æ½ð,4.91,4.97,4.82,4.85,4.9,0.01,0.2041,1.1743,16749500,82188640.0,7003533145.36,7003533145.36
3456,2018-06-28,sh600988,³à·å»Æ½ð,4.82,4.9,4.81,4.85,4.91,-0.09,-1.833,0.9175,13087634,63622941.0,6875158810.72,6875158810.72
3457,2018-06-29,sh600988,³à·å»Æ½ð,4.87,4.88,4.71,4.81,4.82,0.05,1.0373,1.3412,19129998,92091952.0,6946477885.52,6946477885.52
3458,2018-07-02,sh600988,³à·å»Æ½ð,4.8,4.93,4.77,4.84,4.87,-0.07,-1.4374,1.2551,17902698,86997433.0,6846631180.8,6846631180.8
3459,2018-07-03,sh600988,³à·å»Æ½ð,4.83,4.84,4.71,4.73,4.8,0.03,0.625,1.0588,15103016,71991550.0,6889422625.68,6889422625.68
3460,2018-07-04,sh600988,³à·å»Æ½ð,5.31,5.31,4.93,4.93,4.83,0.48,9.9379,5.3779,76709118,395492554.0,7574085743.76,7574085743.76
3461,2018-07-05,sh600988,³à·å»Æ½ð,5.18,5.4,5.15,5.2,5.31,-0.13,-2.4482,5.0475,71996135,379374015.0,7388656149.28,7388656149.28
3462,2018-07-06,sh600988,³à·å»Æ½ð,5.18,5.24,4.97,5.1,5.18,0.0,0.0,3.4275,48889390,248673224.0,7388656149.28,7388656149.28
3463,2018-07-09,sh600988,³à·å»Æ½ð,5.17,5.2,5.05,5.08,5.18,-0.01,-0.1931,2.0039,28583608,146836800.0,7374392334.32,7374392334.32
3464,2018-07-10,sh600988,³à·å»Æ½ð,5.13,5.23,5.06,5.15,5.17,-0.04,-0.7737,1.9154,27320588,140525059.0,7317337074.48,7317337074.48
3465,2018-07-11,sh600988,³à·å»Æ½ð,5.13,5.3,5.06,5.06,5.13,0.0,0.0,3.1827,45397992,235140387.0,7317337074.48,7317337074.48
3466,2018-07-12,sh600988,³à·å»Æ½ð,5.1,5.11,4.9,4.95,5.13,-0.03,-0.5848,2.8476,40617940,203628151.0,7274545629.6,7274545629.6
3467,2018-07-13,sh600988,³à·å»Æ½ð,5.04,5.09,5.01,5.07,5.1,-0.06,-1.1765,1.623,23149802,116607130.0,7188962739.84,7188962739.84
3468,2018-07-16,sh600988,³à·å»Æ½ð,5.02,5.05,4.97,5.02,5.04,-0.02,-0.3968,1.0925,15582679,78024722.0,7160435109.92,7160435109.92
3469,2018-07-17,sh600988,³à·å»Æ½ð,5.01,5.02,4.93,4.96,5.02,-0.01,-0.1992,1.1669,16644111,82740065.0,7146171294.96,7146171294.96
3470,2018-07-18,sh600988,³à·å»Æ½ð,4.96,4.99,4.89,4.89,5.01,-0.05,-0.998,1.6891,24093621,118929359.0,7074852220.16,7074852220.16
3471,2018-07-19,sh600988,³à·å»Æ½ð,4.87,4.95,4.86,4.92,4.96,-0.09,-1.8145,1.1794,16822868,82473798.0,6946477885.52,6946477885.52
3472,2018-07-20,sh600988,³à·å»Æ½ð,4.93,4.94,4.87,4.9,4.87,0.06,1.232,0.9972,14224085,69818691.0,7032060775.28,7032060775.28
3473,2018-07-23,sh600988,³à·å»Æ½ð,5.0,5.05,4.97,4.99,4.93,0.07,1.4199,1.6376,23358380,116919278.0,7131907480.0,7131907480.0
3474,2018-07-24,sh600988,³à·å»Æ½ð,5.07,5.08,4.91,4.91,5.0,0.07,1.4,2.138,30495484,152815719.0,7231754184.72,7231754184.72
3475,2018-07-25,sh600988,³à·å»Æ½ð,5.23,5.27,5.03,5.05,5.07,0.16,3.1558,3.3586,47905893,247213174.0,7459975224.08,7459975224.08
3476,2018-07-26,sh600988,³à·å»Æ½ð,5.14,5.25,5.11,5.25,5.23,-0.09,-1.7208,2.2016,31403155,161912984.0,7331600889.44,7331600889.44
3477,2018-07-27,sh600988,³à·å»Æ½ð,5.08,5.11,5.05,5.07,5.14,-0.06,-1.1673,1.3977,19936104,101193750.0,7246017999.68,7246017999.68
3478,2018-07-30,sh600988,³à·å»Æ½ð,5.12,5.21,5.08,5.08,5.08,0.04,0.7874,1.907,27201780,139702690.0,7303073259.52,7303073259.52
3479,2018-07-31,sh600988,³à·å»Æ½ð,5.19,5.24,5.07,5.12,5.12,0.07,1.3672,2.0101,28672144,147895257.0,7402919964.24,7402919964.24
3480,2018-08-01,sh600988,³à·å»Æ½ð,5.09,5.18,5.08,5.13,5.19,-0.1,-1.9268,1.5596,22245362,113997863.0,7260281814.64,7260281814.64
3481,2018-08-02,sh600988,³à·å»Æ½ð,4.87,5.13,4.72,5.05,5.09,-0.22,-4.3222,2.4271,34620360,169810370.0,6946477885.52,6946477885.52
3482,2018-08-03,sh600988,³à·å»Æ½ð,4.82,4.87,4.73,4.78,4.87,-0.05,-1.0267,1.0717,15287164,73459674.0,6875158810.72,6875158810.72
3483,2018-08-06,sh600988,³à·å»Æ½ð,4.74,4.87,4.7,4.82,4.82,-0.08,-1.6598,0.9931,14164772,67592273.0,6761048291.04,6761048291.04
3484,2018-08-07,sh600988,³à·å»Æ½ð,4.84,4.85,4.67,4.75,4.74,0.1,2.1097,1.0918,15573364,74242098.0,6903686440.64,6903686440.64
3485,2018-08-08,sh600988,³à·å»Æ½ð,5.08,5.31,4.79,4.84,4.84,0.24,4.9587,3.5122,50097202,253812172.0,7246017999.68,7246017999.68
3486,2018-08-09,sh600988,³à·å»Æ½ð,5.1,5.15,4.96,5.03,5.08,0.02,0.3937,2.7078,38622866,195008780.0,7274545629.6,7274545629.6
3487,2018-08-10,sh600988,³à·å»Æ½ð,5.05,5.12,5.0,5.05,5.1,-0.05,-0.9804,1.8783,26792096,135590145.0,7203226554.8,7203226554.8
3488,2018-08-13,sh600988,³à·å»Æ½ð,5.1,5.23,5.08,5.09,5.05,0.05,0.9901,2.9485,42057376,215834517.0,7274545629.6,7274545629.6
3489,2018-08-14,sh600988,³à·å»Æ½ð,5.02,5.02,4.9,4.92,5.1,-0.08,-1.5686,1.9871,28344082,141040164.0,7160435109.92,7160435109.92
3490,2018-08-15,sh600988,³à·å»Æ½ð,4.9,4.99,4.89,4.95,5.02,-0.12,-2.3904,1.3454,19190890,94665449.0,6989269330.4,6989269330.4
3491,2018-08-16,sh600988,³à·å»Æ½ð,4.86,4.95,4.77,4.79,4.9,-0.04,-0.8163,1.1509,16415522,79843973.0,6932214070.56,6932214070.56
3492,2018-08-17,sh600988,³à·å»Æ½ð,4.82,4.9,4.78,4.88,4.86,-0.04,-0.823,0.9792,13967414,67404059.0,6875158810.72,6875158810.72
3493,2018-08-20,sh600988,³à·å»Æ½ð,4.87,4.88,4.79,4.83,4.82,0.05,1.0373,0.8016,11434200,55270193.0,6946477885.52,6946477885.52
3494,2018-08-21,sh600988,³à·å»Æ½ð,4.94,4.98,4.88,4.92,4.87,0.07,1.4374,1.1594,16537772,81613949.0,7046324590.24,7046324590.24
3495,2018-08-22,sh600988,³à·å»Æ½ð,4.89,4.98,4.88,4.96,4.94,-0.05,-1.0121,1.3295,18963668,93625400.0,6975005515.44,6975005515.44
3496,2018-08-23,sh600988,³à·å»Æ½ð,4.87,4.92,4.82,4.88,4.89,-0.02,-0.409,1.0254,14625802,71164887.0,6946477885.52,6946477885.52
3497,2018-08-24,sh600988,³à·å»Æ½ð,4.87,4.88,4.83,4.84,4.87,0.0,0.0,0.7992,11400200,55341172.0,6946477885.52,6946477885.52
3498,2018-08-27,sh600988,³à·å»Æ½ð,4.93,5.02,4.91,4.95,4.87,0.06,1.232,1.1565,16495706,81422943.0,7032060775.28,7032060775.28
3499,2018-08-28,sh600988,³à·å»Æ½ð,4.95,4.96,4.92,4.95,4.93,0.02,0.4057,0.9785,13957106,68980391.0,7060588405.2,7060588405.2
3500,2018-08-29,sh600988,³à·å»Æ½ð,4.87,4.93,4.85,4.92,4.95,-0.08,-1.6162,1.019,14535300,70989581.0,6946477885.52,6946477885.52
3501,2018-08-30,sh600988,³à·å»Æ½ð,4.81,4.89,4.81,4.86,4.87,-0.06,-1.232,0.7103,10130924,49027725.0,6860894995.76,6860894995.76
3502,2018-08-31,sh600988,³à·å»Æ½ð,4.64,4.73,4.57,4.69,4.81,-0.17,-3.5343,1.9803,28246902,131214013.0,6618410141.44,6618410141.44
3503,2018-09-03,sh600988,³à·å»Æ½ð,4.63,4.65,4.57,4.6,4.64,-0.01,-0.2155,0.7791,11112300,51097382.0,6604146326.48,6604146326.48
3504,2018-09-04,sh600988,³à·å»Æ½ð,4.66,4.66,4.59,4.6,4.63,0.03,0.6479,0.7612,10857200,50307338.0,6646937771.36,6646937771.36
3505,2018-09-05,sh600988,³à·å»Æ½ð,4.59,4.64,4.58,4.61,4.66,-0.07,-1.5021,0.6996,9979202,45967042.0,6547091066.64,6547091066.64
3506,2018-09-06,sh600988,³à·å»Æ½ð,4.71,4.8,4.59,4.59,4.59,0.12,2.6144,1.8987,27082702,127311741.0,6718256846.16,6718256846.16
3507,2018-09-07,sh600988,³à·å»Æ½ð,4.73,4.85,4.65,4.67,4.71,0.02,0.4246,1.9844,28305166,134406533.0,6746784476.08,6746784476.08
3508,2018-09-10,sh600988,³à·å»Æ½ð,4.6,4.68,4.58,4.67,4.73,-0.13,-2.7484,1.2238,17456600,80704303.0,6561354881.6,6561354881.6
3509,2018-09-11,sh600988,³à·å»Æ½ð,4.59,4.65,4.58,4.58,4.6,-0.01,-0.2174,0.6788,9682520,44594893.0,6547091066.64,6547091066.64
3510,2018-09-12,sh600988,³à·å»Æ½ð,4.55,4.61,4.53,4.61,4.59,-0.04,-0.8715,0.5956,8495066,38780488.0,6490035806.8,6490035806.8
3511,2018-09-13,sh600988,³à·å»Æ½ð,4.59,4.65,4.57,4.6,4.55,0.04,0.8791,0.6551,9344366,42953301.0,6547091066.64,6547091066.64
3512,2018-09-14,sh600988,³à·å»Æ½ð,4.57,4.59,4.55,4.58,4.59,-0.02,-0.4357,0.5613,8006800,36583084.0,6518563436.72,6518563436.72
3513,2018-09-17,sh600988,³à·å»Æ½ð,4.45,4.53,4.45,4.53,4.57,-0.12,-2.6258,0.6945,9906004,44248647.0,6347397657.2,6347397657.2
3514,2018-09-18,sh600988,³à·å»Æ½ð,4.4,4.49,4.18,4.47,4.45,-0.05,-1.1236,1.7323,24708739,106876651.0,6276078582.4,6276078582.4
3515,2018-09-19,sh600988,³à·å»Æ½ð,4.41,4.43,4.31,4.33,4.4,0.01,0.2273,1.0308,14703400,64516878.0,6290342397.36,6290342397.36
3516,2018-09-20,sh600988,³à·å»Æ½ð,4.33,4.44,4.31,4.4,4.41,-0.08,-1.8141,1.2567,17925998,78377586.0,6176231877.68,6176231877.68
3517,2018-09-21,sh600988,³à·å»Æ½ð,4.38,4.38,4.33,4.34,4.33,0.05,1.1547,0.9606,13702400,59804656.0,6247550952.48,6247550952.48
3518,2018-09-25,sh600988,³à·å»Æ½ð,4.4,4.42,4.32,4.36,4.38,0.02,0.4566,0.9556,13630300,59906606.0,6276078582.4,6276078582.4
3519,2018-09-26,sh600988,³à·å»Æ½ð,4.42,4.44,4.38,4.4,4.4,0.02,0.4545,0.9564,13642400,60150135.0,6304606212.32,6304606212.32
3520,2018-09-27,sh600988,³à·å»Æ½ð,4.32,4.42,4.3,4.41,4.42,-0.1,-2.2624,0.9894,14113200,61385095.0,6161968062.72,6161968062.72
3521,2018-09-28,sh600988,³à·å»Æ½ð,4.34,4.34,4.26,4.28,4.32,0.02,0.463,0.5888,8398300,36152896.0,6190495692.64,6190495692.64
3522,2018-10-08,sh600988,³à·å»Æ½ð,4.32,4.46,4.3,4.39,4.34,-0.02,-0.4608,1.3797,19679800,86431539.0,6161968062.72,6161968062.72
3523,2018-10-09,sh600988,³à·å»Æ½ð,4.41,4.45,4.16,4.21,4.32,0.09,2.0833,1.842,26274300,114065687.0,6290342397.36,6290342397.36
3524,2018-10-10,sh600988,³à·å»Æ½ð,4.42,4.55,4.33,4.36,4.41,0.01,0.2268,1.927,27486798,122341030.0,6304606212.32,6304606212.32
3525,2018-10-11,sh600988,³à·å»Æ½ð,4.47,4.6,4.27,4.49,4.42,0.05,1.1312,3.9167,55866775,250346486.0,6375925287.12,6375925287.12
3526,2018-10-12,sh600988,³à·å»Æ½ð,4.53,4.68,4.5,4.62,4.47,0.06,1.3423,3.5922,51239134,234539105.0,6461508176.88,6461508176.88
3527,2018-10-15,sh600988,³à·å»Æ½ð,4.64,4.64,4.41,4.54,4.53,0.11,2.4283,2.5826,36837098,167794487.0,6618410141.44,6618410141.44
3528,2018-10-16,sh600988,³à·å»Æ½ð,4.5,4.64,4.47,4.6,4.64,-0.14,-3.0172,2.0697,29522500,134141874.0,6418716732.0,6418716732.0
3529,2018-10-17,sh600988,³à·å»Æ½ð,4.34,4.46,4.3,4.37,4.5,-0.16,-3.5556,2.0483,29216859,127517493.0,6190495692.64,6190495692.64
3530,2018-10-18,sh600988,³à·å»Æ½ð,3.92,4.3,3.92,4.3,4.34,-0.42,-9.6774,2.5737,36710602,148706754.0,5591415464.32,5591415464.32
3531,2018-10-19,sh600988,³à·å»Æ½ð,3.96,3.98,3.85,3.89,3.92,0.04,1.0204,1.1417,16284610,64101810.0,5648470724.16,5648470724.16
3532,2018-10-22,sh600988,³à·å»Æ½ð,4.08,4.12,3.91,3.95,3.96,0.12,3.0303,1.4666,20919200,84486761.0,5819636503.68,5819636503.68
3533,2018-10-23,sh600988,³à·å»Æ½ð,4.22,4.28,4.0,4.07,4.08,0.14,3.4314,2.4965,35609424,147611543.0,6019329913.12,6019329913.12
3534,2018-10-24,sh600988,³à·å»Æ½ð,4.18,4.34,4.1,4.15,4.22,-0.04,-0.9479,2.2318,31834539,134544246.0,5962274653.28,5962274653.28
3535,2018-10-25,sh600988,³à·å»Æ½ð,4.32,4.37,4.22,4.26,4.18,0.14,3.3493,3.1938,45555326,195733206.0,6161968062.72,6161968062.72
3536,2018-10-26,sh600988,³à·å»Æ½ð,4.24,4.32,4.18,4.21,4.32,-0.08,-1.8519,1.8414,26264698,111570795.0,6047857543.04,6047857543.04
3537,2018-10-29,sh600988,³à·å»Æ½ð,4.13,4.29,4.11,4.21,4.24,-0.11,-2.5943,1.305,18614292,78277164.0,5890955578.48,5890955578.48
3538,2018-10-30,sh600988,³à·å»Æ½ð,4.08,4.11,3.97,4.08,4.13,-0.05,-1.2107,1.4673,20929820,84789055.0,5819636503.68,5819636503.68
3539,2018-10-31,sh600988,³à·å»Æ½ð,4.11,4.13,3.98,4.01,4.08,0.03,0.7353,1.2539,17885002,72923171.0,5862427948.56,5862427948.56
3540,2018-11-01,sh600988,³à·å»Æ½ð,4.34,4.35,4.05,4.09,4.11,0.23,5.5961,2.9325,41828280,176602279.0,6190495692.64,6190495692.64
3541,2018-11-02,sh600988,³à·å»Æ½ð,4.34,4.42,4.23,4.25,4.34,0.0,0.0,2.827,40323546,174378590.0,6190495692.64,6190495692.64
3542,2018-11-05,sh600988,³à·å»Æ½ð,4.38,4.43,4.28,4.3,4.34,0.04,0.9217,2.5407,36239746,158218964.0,6247550952.48,6247550952.48
3543,2018-11-06,sh600988,³à·å»Æ½ð,4.42,4.53,4.33,4.35,4.38,0.04,0.9132,2.621,37385180,165091042.0,6304606212.32,6304606212.32
3544,2018-11-07,sh600988,³à·å»Æ½ð,4.5,4.55,4.34,4.38,4.42,0.08,1.81,3.554,50693334,225550769.0,6418716732.0,6418716732.0
3545,2018-11-08,sh600988,³à·å»Æ½ð,4.34,4.45,4.34,4.4,4.5,-0.16,-3.5556,2.7181,38770142,170339822.0,6190495692.64,6190495692.64
3546,2018-11-09,sh600988,³à·å»Æ½ð,4.21,4.33,4.19,4.3,4.34,-0.13,-2.9954,1.6965,24199000,102834678.0,6005066098.16,6005066098.16
3547,2018-11-12,sh600988,³à·å»Æ½ð,4.25,4.25,4.12,4.15,4.21,0.04,0.9501,1.185,16902004,71146880.0,6062121358.0,6062121358.0
3548,2018-11-13,sh600988,³à·å»Æ½ð,4.35,4.37,4.21,4.21,4.25,0.1,2.3529,1.9791,28229538,121965410.0,6204759507.6,6204759507.6
3549,2018-11-14,sh600988,³à·å»Æ½ð,4.35,4.41,4.32,4.33,4.35,0.0,0.0,1.5801,22538512,98319929.0,6204759507.6,6204759507.6
3550,2018-11-15,sh600988,³à·å»Æ½ð,4.4,4.42,4.34,4.37,4.35,0.05,1.1494,1.5487,22090182,96690971.0,6276078582.4,6276078582.4
3551,2018-11-16,sh600988,³à·å»Æ½ð,4.41,4.45,4.38,4.4,4.4,0.01,0.2273,1.8021,25705480,113423253.0,6290342397.36,6290342397.36
3552,2018-11-19,sh600988,³à·å»Æ½ð,4.41,4.45,4.39,4.43,4.41,0.0,0.0,1.4654,20902600,92341386.0,6290342397.36,6290342397.36
3553,2018-11-20,sh600988,³à·å»Æ½ð,4.71,4.78,4.41,4.44,4.41,0.3,6.8027,5.4812,78182389,358482268.0,6718256846.16,6718256846.16
3554,2018-11-21,sh600988,³à·å»Æ½ð,4.6,4.7,4.51,4.64,4.71,-0.11,-2.3355,3.6297,51773632,237486062.0,6561354881.6,6561354881.6
3555,2018-11-22,sh600988,³à·å»Æ½ð,4.65,4.76,4.57,4.58,4.6,0.05,1.087,3.7668,53728912,251003023.0,6632673956.4,6632673956.4
3556,2018-11-23,sh600988,³à·å»Æ½ð,4.44,4.74,4.4,4.62,4.65,-0.21,-4.5161,3.3879,48324188,222074361.0,6333133842.24,6333133842.24
3557,2018-11-26,sh600988,³à·å»Æ½ð,4.34,4.39,4.13,4.37,4.44,-0.1,-2.2523,2.0635,29432702,126733002.0,6190495692.64,6190495692.64
3558,2018-11-27,sh600988,³à·å»Æ½ð,4.36,4.41,4.26,4.32,4.34,0.02,0.4608,1.4801,21111352,91644500.0,6219023322.56,6219023322.56
3559,2018-11-28,sh600988,³à·å»Æ½ð,4.33,4.34,4.22,4.29,4.36,-0.03,-0.6881,1.5588,22234516,95295965.0,6176231877.68,6176231877.68
3560,2018-11-29,sh600988,³à·å»Æ½ð,4.5,4.55,4.36,4.38,4.33,0.17,3.9261,3.2489,46341280,207137615.0,6418716732.0,6418716732.0
3561,2018-11-30,sh600988,³à·å»Æ½ð,4.42,4.51,4.35,4.45,4.5,-0.08,-1.7778,2.0682,29500230,130885088.0,6304606212.32,6304606212.32
3562,2018-12-03,sh600988,³à·å»Æ½ð,4.56,4.57,4.34,4.37,4.42,0.14,3.1674,2.7708,39521698,177044210.0,6504299621.76,6504299621.76
3563,2018-12-04,sh600988,³à·å»Æ½ð,4.58,4.63,4.51,4.55,4.56,0.02,0.4386,2.9247,41716700,190859804.0,6532827251.68,6532827251.68
3564,2018-12-05,sh600988,³à·å»Æ½ð,4.52,4.67,4.5,4.62,4.58,-0.06,-1.31,3.1887,45483500,208639024.0,6447244361.92,6447244361.92
3565,2018-12-06,sh600988,³à·å»Æ½ð,4.5,4.63,4.49,4.54,4.52,-0.02,-0.4425,2.9264,41742102,190264101.0,6418716732.0,6418716732.0
3566,2018-12-07,sh600988,³à·å»Æ½ð,4.47,4.54,4.42,4.47,4.5,-0.03,-0.6667,2.0557,29322598,131179096.0,6375925287.12,6375925287.12
3567,2018-12-10,sh600988,³à·å»Æ½ð,4.52,4.6,4.48,4.56,4.47,0.05,1.1186,2.0466,29191739,132272399.0,6447244361.92,6447244361.92
3568,2018-12-11,sh600988,³à·å»Æ½ð,4.56,4.6,4.44,4.46,4.52,0.04,0.885,2.3347,33301200,150490100.0,6504299621.76,6504299621.76
3569,2018-12-12,sh600988,³à·å»Æ½ð,4.49,4.56,4.47,4.52,4.56,-0.07,-1.5351,1.546,22051500,99372710.0,6404452917.04,6404452917.04
3570,2018-12-13,sh600988,³à·å»Æ½ð,4.49,4.49,4.41,4.48,4.49,0.0,0.0,1.6111,22980301,102253757.0,6404452917.04,6404452917.04
3571,2018-12-14,sh600988,³à·å»Æ½ð,4.35,4.51,4.34,4.46,4.49,-0.14,-3.118,1.7685,25224930,111513663.0,6204759507.6,6204759507.6
3572,2018-12-17,sh600988,³à·å»Æ½ð,4.31,4.35,4.27,4.3,4.35,-0.04,-0.9195,0.8632,12312832,53162110.0,6147704247.76,6147704247.76
3573,2018-12-18,sh600988,³à·å»Æ½ð,4.37,4.43,4.35,4.35,4.31,0.06,1.3921,1.5124,21572933,94587216.0,6233287137.52,6233287137.52
3574,2018-12-19,sh600988,³à·å»Æ½ð,4.31,4.38,4.28,4.35,4.37,-0.06,-1.373,1.2875,18364701,79296349.0,6147704247.76,6147704247.76
3575,2018-12-20,sh600988,³à·å»Æ½ð,4.24,4.27,4.2,4.25,4.31,-0.07,-1.6241,1.0807,15415300,65281385.0,6047857543.04,6047857543.04
3576,2018-12-21,sh600988,³à·å»Æ½ð,4.24,4.35,4.23,4.3,4.24,0.0,0.0,1.0809,15417400,66075114.0,6047857543.04,6047857543.04
3577,2018-12-24,sh600988,³à·å»Æ½ð,4.24,4.27,4.18,4.22,4.24,0.0,0.0,1.1712,16705232,70510421.0,6047857543.04,6047857543.04
3578,2018-12-25,sh600988,³à·å»Æ½ð,4.1,4.3,3.94,4.28,4.24,-0.14,-3.3019,3.2914,46948138,193979877.0,5848164133.6,5848164133.6
3579,2018-12-26,sh600988,³à·å»Æ½ð,4.09,4.11,4.02,4.06,4.1,-0.01,-0.2439,1.669,23806347,96638849.0,5833900318.64,5833900318.64
3580,2018-12-27,sh600988,³à·å»Æ½ð,3.98,4.1,3.98,4.07,4.09,-0.11,-2.6895,1.4975,21360541,86435823.0,5676998354.08,5676998354.08
3581,2018-12-28,sh600988,³à·å»Æ½ð,3.99,4.0,3.92,3.99,3.98,0.01,0.2513,1.4214,20273934,80301699.0,5691262169.04,5691262169.04
3582,2019-01-02,sh600988,³à·å»Æ½ð,3.9,3.98,3.82,3.97,3.99,-0.09,-2.2556,1.4381,20512400,79960127.0,5562887834.4,5562887834.4
3583,2019-01-03,sh600988,³à·å»Æ½ð,4.11,4.17,3.86,3.88,3.9,0.21,5.3846,3.1378,44756716,180287270.0,5862427948.56,5862427948.56
3584,2019-01-04,sh600988,³à·å»Æ½ð,4.14,4.21,4.08,4.13,4.11,0.03,0.7299,2.8382,40482854,167180214.0,5905219393.44,5905219393.44
3585,2019-01-07,sh600988,³à·å»Æ½ð,4.16,4.16,4.05,4.07,4.14,0.02,0.4831,1.8897,26954754,110916779.0,5933747023.36,5933747023.36
3586,2019-01-08,sh600988,³à·å»Æ½ð,4.08,4.14,4.05,4.14,4.16,-0.08,-1.9231,1.5682,22368700,91375972.0,5819636503.68,5819636503.68
3587,2019-01-09,sh600988,³à·å»Æ½ð,4.12,4.12,4.06,4.07,4.08,0.04,0.9804,1.5128,21578378,88408943.0,5876691763.52,5876691763.52
3588,2019-01-10,sh600988,³à·å»Æ½ð,4.13,4.19,4.1,4.13,4.12,0.01,0.2427,2.0089,28654500,118814121.0,5890955578.48,5890955578.48
3589,2019-01-11,sh600988,³à·å»Æ½ð,4.11,4.13,4.07,4.07,4.13,-0.02,-0.4843,1.1512,16420800,67314531.0,5862427948.56,5862427948.56
3590,2019-01-14,sh600988,³à·å»Æ½ð,4.14,4.18,4.09,4.11,4.11,0.03,0.7299,1.5866,22631000,93536023.0,5905219393.44,5905219393.44
3591,2019-01-15,sh600988,³à·å»Æ½ð,4.13,4.13,4.08,4.11,4.14,-0.01,-0.2415,1.2408,17697900,72688193.0,5890955578.48,5890955578.48
3592,2019-01-16,sh600988,³à·å»Æ½ð,4.1,4.11,4.07,4.1,4.13,-0.03,-0.7264,0.9971,14222012,58179941.0,5848164133.6,5848164133.6
3593,2019-01-17,sh600988,³à·å»Æ½ð,4.14,4.16,4.08,4.1,4.1,0.04,0.9756,1.589,22665742,93323887.0,5905219393.44,5905219393.44
3594,2019-01-18,sh600988,³à·å»Æ½ð,4.13,4.16,4.09,4.1,4.14,-0.01,-0.2415,1.2682,18089634,74520756.0,5890955578.48,5890955578.48
3595,2019-01-21,sh600988,³à·å»Æ½ð,4.1,4.12,4.08,4.09,4.13,-0.03,-0.7264,1.1315,16139637,66091735.0,5848164133.6,5848164133.6
3596,2019-01-22,sh600988,³à·å»Æ½ð,4.04,4.1,4.02,4.09,4.1,-0.06,-1.4634,1.3103,18690404,75903117.0,5762581243.84,5762581243.84
3597,2019-01-23,sh600988,³à·å»Æ½ð,4.03,4.06,4.02,4.04,4.04,-0.01,-0.2475,0.8018,11437325,46195128.0,5748317428.88,5748317428.88
3598,2019-01-24,sh600988,³à·å»Æ½ð,4.01,4.03,3.99,4.02,4.03,-0.02,-0.4963,0.7727,11021400,44168224.0,5719789798.96,5719789798.96
3599,2019-01-25,sh600988,³à·å»Æ½ð,4.02,4.04,3.99,4.0,4.01,0.01,0.2494,0.6725,9592337,38538432.0,5734053613.92,5734053613.92
3600,2019-01-28,sh600988,³à·å»Æ½ð,4.05,4.12,4.04,4.09,4.02,0.03,0.7463,1.3803,19688900,80271607.0,5776845058.8,5776845058.8
3601,2019-01-29,sh600988,³à·å»Æ½ð,3.92,4.07,3.85,4.07,4.05,-0.13,-3.2099,1.6844,24025400,94190930.0,5591415464.32,5591415464.32
3602,2019-01-30,sh600988,³à·å»Æ½ð,3.93,3.96,3.91,3.93,3.92,0.01,0.2551,0.778,11097100,43700108.0,5605679279.28,5605679279.28
3603,2019-01-31,sh600988,³à·å»Æ½ð,3.78,3.93,3.76,3.88,3.93,-0.15,-3.8168,1.5712,22411500,86210666.0,5391722054.88,5391722054.88
3604,2019-02-01,sh600988,³à·å»Æ½ð,3.84,3.84,3.78,3.78,3.78,0.06,1.5873,0.9574,13656200,52144572.0,5477304944.64,5477304944.64
3605,2019-02-11,sh600988,³à·å»Æ½ð,3.91,3.92,3.84,3.84,3.84,0.07,1.8229,0.879,12538600,48724433.0,5577151649.36,5577151649.36
3606,2019-02-12,sh600988,³à·å»Æ½ð,3.98,3.98,3.87,3.9,3.91,0.07,1.7903,1.2521,17859290,70323777.0,5676998354.08,5676998354.08
3607,2019-02-13,sh600988,³à·å»Æ½ð,4.04,4.05,3.95,3.96,3.98,0.06,1.5075,1.5762,22482296,90301989.0,5762581243.84,5762581243.84
3608,2019-02-14,sh600988,³à·å»Æ½ð,4.03,4.04,4.0,4.03,4.04,-0.01,-0.2475,0.8868,12649194,50860976.0,5748317428.88,5748317428.88
3609,2019-02-15,sh600988,³à·å»Æ½ð,4.03,4.12,4.02,4.04,4.03,0.0,0.0,1.5801,22538206,91562426.0,5748317428.88,5748317428.88
3610,2019-02-18,sh600988,³à·å»Æ½ð,4.12,4.13,4.04,4.07,4.03,0.09,2.2333,2.0924,29845536,122241643.0,5876691763.52,5876691763.52
3611,2019-02-19,sh600988,³à·å»Æ½ð,4.21,4.29,4.11,4.13,4.12,0.09,2.1845,3.7532,53534802,224777614.0,6005066098.16,6005066098.16
3612,2019-02-20,sh600988,³à·å»Æ½ð,4.18,4.35,4.16,4.3,4.21,-0.03,-0.7126,3.3969,48453442,206048260.0,5962274653.28,5962274653.28
3613,2019-02-21,sh600988,³à·å»Æ½ð,4.36,4.44,4.15,4.16,4.18,0.18,4.3062,4.539,64743700,276921138.0,6219023322.56,6219023322.56
3614,2019-02-22,sh600988,³à·å»Æ½ð,4.32,4.33,4.23,4.26,4.36,-0.04,-0.9174,3.1957,45583030,195045479.0,6161968062.72,6161968062.72
3615,2019-02-25,sh600988,³à·å»Æ½ð,4.5,4.52,4.27,4.29,4.32,0.18,4.1667,4.438,63302174,280938758.0,6418716732.0,6418716732.0
3616,2019-02-26,sh600988,³à·å»Æ½ð,4.44,4.61,4.43,4.49,4.5,-0.06,-1.3333,4.8638,69375838,312444077.0,6333133842.24,6333133842.24
3617,2019-02-27,sh600988,³à·å»Æ½ð,4.43,4.53,4.38,4.4,4.44,-0.01,-0.2252,3.5189,50192814,223405324.0,6318870027.28,6318870027.28
3618,2019-02-28,sh600988,³à·å»Æ½ð,4.42,4.44,4.29,4.37,4.43,-0.01,-0.2257,3.3845,48276248,210217845.0,6304606212.32,6304606212.32
3619,2019-03-01,sh600988,³à·å»Æ½ð,4.38,4.42,4.32,4.35,4.42,-0.04,-0.905,2.4329,34702864,151248673.0,6247550952.48,6247550952.48
3620,2019-03-04,sh600988,³à·å»Æ½ð,4.48,4.5,4.32,4.33,4.38,0.1,2.2831,4.4728,63799880,281863193.0,6390189102.08,6390189102.08
3621,2019-03-05,sh600988,³à·å»Æ½ð,4.5,4.5,4.4,4.44,4.48,0.02,0.4464,3.2726,46680084,207737509.0,6418716732.0,6418716732.0
3622,2019-03-06,sh600988,³à·å»Æ½ð,4.67,4.8,4.48,4.49,4.5,0.17,3.7778,6.097,86965932,402877884.0,6661201586.32,6661201586.32
3623,2019-03-07,sh600988,³à·å»Æ½ð,4.78,4.85,4.62,4.68,4.67,0.11,2.3555,5.7578,82127912,390110504.0,6818103550.88,6818103550.88
3624,2019-03-08,sh600988,³à·å»Æ½ð,4.47,4.78,4.45,4.75,4.78,-0.31,-6.4854,4.8987,69874750,320977540.0,6375925287.12,6375925287.12
3625,2019-03-11,sh600988,³à·å»Æ½ð,4.54,4.54,4.41,4.47,4.47,0.07,1.566,2.9566,42172688,189010665.0,6475771991.84,6475771991.84
3626,2019-03-12,sh600988,³à·å»Æ½ð,4.6,4.66,4.52,4.54,4.54,0.06,1.3216,3.6718,52373644,240330828.0,6561354881.6,6561354881.6
3627,2019-03-13,sh600988,³à·å»Æ½ð,4.43,4.59,4.41,4.55,4.6,-0.17,-3.6957,3.8196,54482666,244369922.0,6318870027.28,6318870027.28
3628,2019-03-14,sh600988,³à·å»Æ½ð,4.3,4.44,4.27,4.41,4.43,-0.13,-2.9345,2.7026,38549502,167261133.0,6133440432.8,6133440432.8
3629,2019-03-15,sh600988,³à·å»Æ½ð,4.35,4.36,4.29,4.29,4.3,0.05,1.1628,1.7043,24309602,105045571.0,6204759507.6,6204759507.6
3630,2019-03-18,sh600988,³à·å»Æ½ð,4.41,4.42,4.32,4.35,4.35,0.06,1.3793,1.9091,27230904,119055860.0,6290342397.36,6290342397.36
3631,2019-03-19,sh600988,³à·å»Æ½ð,4.45,4.49,4.39,4.41,4.41,0.04,0.907,2.44,34803272,154518578.0,6347397657.2,6347397657.2
3632,2019-03-20,sh600988,³à·å»Æ½ð,4.39,4.45,4.34,4.42,4.45,-0.06,-1.3483,1.8599,26528902,116543397.0,6261814767.44,6261814767.44
3633,2019-03-21,sh600988,³à·å»Æ½ð,4.56,4.62,4.45,4.45,4.39,0.17,3.8724,4.4012,62778292,285363969.0,6504299621.76,6504299621.76
3634,2019-03-22,sh600988,³à·å»Æ½ð,4.53,4.56,4.44,4.5,4.56,-0.03,-0.6579,2.3392,33365722,150023284.0,6461508176.88,6461508176.88
3635,2019-03-25,sh600988,³à·å»Æ½ð,4.57,4.64,4.53,4.53,4.53,0.04,0.883,3.6232,51681351,236886112.0,6518563436.72,6518563436.72
3636,2019-03-26,sh600988,³à·å»Æ½ð,4.51,4.72,4.5,4.6,4.57,-0.06,-1.3129,4.7547,67820767,314119661.0,6432980546.96,6432980546.96
3637,2019-03-27,sh600988,³à·å»Æ½ð,4.41,4.48,4.35,4.48,4.51,-0.1,-2.2173,2.6252,37445567,164960708.0,6290342397.36,6290342397.36
3638,2019-03-28,sh600988,³à·å»Æ½ð,4.37,4.4,4.31,4.36,4.41,-0.04,-0.907,1.6014,22841400,99497492.0,6233287137.52,6233287137.52
3639,2019-03-29,sh600988,³à·å»Æ½ð,4.38,4.39,4.25,4.28,4.37,0.01,0.2288,2.2354,31886010,137821952.0,6247550952.48,6247550952.48
3640,2019-04-01,sh600988,³à·å»Æ½ð,4.47,4.49,4.36,4.37,4.38,0.09,2.0548,2.5336,36139164,160696658.0,6375925287.12,6375925287.12
3641,2019-04-02,sh600988,³à·å»Æ½ð,4.53,4.57,4.45,4.45,4.47,0.06,1.3423,2.8737,40989670,184576202.0,6461508176.88,6461508176.88
3642,2019-04-03,sh600988,³à·å»Æ½ð,4.52,4.53,4.47,4.49,4.53,-0.01,-0.2208,2.4705,35239138,158614449.0,6447244361.92,6447244361.92
3643,2019-04-04,sh600988,³à·å»Æ½ð,4.56,4.58,4.51,4.52,4.52,0.04,0.885,3.031,43233704,196724452.0,6504299621.76,6504299621.76
3644,2019-04-08,sh600988,³à·å»Æ½ð,4.52,4.68,4.45,4.55,4.56,-0.04,-0.8772,3.557,50736606,231255527.0,6447244361.92,6447244361.92
3645,2019-04-09,sh600988,³à·å»Æ½ð,4.55,4.56,4.48,4.53,4.52,0.03,0.6637,2.2491,32080916,145274032.0,6490035806.8,6490035806.8
3646,2019-04-10,sh600988,³à·å»Æ½ð,4.71,4.73,4.55,4.57,4.55,0.16,3.5165,5.7259,81673419,378675881.0,6718256846.16,6718256846.16
3647,2019-04-11,sh600988,³à·å»Æ½ð,4.52,4.65,4.51,4.6,4.71,-0.19,-4.034,4.4994,64178541,292941498.0,6447244361.92,6447244361.92
3648,2019-04-12,sh600988,³à·å»Æ½ð,4.4,4.46,4.35,4.43,4.52,-0.12,-2.6549,2.7824,39687910,174469955.0,6276078582.4,6276078582.4
3649,2019-04-15,sh600988,³à·å»Æ½ð,4.4,4.45,4.39,4.43,4.4,0.0,0.0,1.8225,25996417,114908097.0,6276078582.4,6276078582.4
3650,2019-04-16,sh600988,³à·å»Æ½ð,0.0,0.0,0.0,0.0,4.4,,,0.0,0,0.0,6276078582.4,6276078582.4
3651,2019-04-17,sh600988,³à·å»Æ½ð,0.0,0.0,0.0,0.0,4.4,,,0.0,0,0.0,6276078582.4,6276078582.4
3652,2019-04-18,sh600988,³à·å»Æ½ð,0.0,0.0,0.0,0.0,4.4,,,0.0,0,0.0,6276078582.4,6276078582.4
3653,2019-04-19,sh600988,³à·å»Æ½ð,0.0,0.0,0.0,0.0,4.4,,,0.0,0,0.0,6276078582.4,6276078582.4
3654,2019-04-22,sh600988,³à·å»Æ½ð,0.0,0.0,0.0,0.0,4.4,,,0.0,0,0.0,6276078582.4,6276078582.4
3655,2019-04-23,sh600988,³à·å»Æ½ð,4.22,4.49,4.12,4.44,4.4,-0.18,-4.0909,4.0859,58280004,250850364.0,6019329913.12,6019329913.12
3656,2019-04-24,sh600988,³à·å»Æ½ð,4.22,4.22,4.12,4.19,4.22,0.0,0.0,1.5742,22454416,93538481.0,6019329913.12,6019329913.12
3657,2019-04-25,sh600988,³à·å»Æ½ð,4.11,4.22,4.08,4.2,4.22,-0.11,-2.6066,1.5546,22174364,92130139.0,5862427948.56,5862427948.56
3658,2019-04-26,sh600988,³à·å»Æ½ð,4.08,4.14,4.06,4.11,4.11,-0.03,-0.7299,1.0384,14811082,60535213.0,5819636503.68,5819636503.68
3659,2019-04-29,sh600988,³à·å»Æ½ð,3.9,4.1,3.88,4.08,4.08,-0.18,-4.4118,1.5647,22318064,88521601.0,5562887834.4,5562887834.4
3660,2019-04-30,sh600988,³à·å»Æ½ð,4.16,4.17,3.97,3.97,3.9,0.26,6.6667,1.6769,23919286,96690242.0,5933747023.36,5933747023.36
3661,2019-05-06,sh600988,³à·å»Æ½ð,4.13,4.37,4.0,4.27,4.16,-0.03,-0.7212,4.5803,65332447,276884674.0,5890955578.48,5890955578.48
3662,2019-05-07,sh600988,³à·å»Æ½ð,4.12,4.18,4.0,4.03,4.13,-0.01,-0.2421,2.4546,35012317,142839612.0,5876691763.52,5876691763.52
3663,2019-05-08,sh600988,³à·å»Æ½ð,4.53,4.53,4.15,4.15,4.12,0.41,9.9515,5.163,73644007,319011734.0,6461508176.88,6461508176.88
3664,2019-05-09,sh600988,³à·å»Æ½ð,4.71,4.86,4.49,4.62,4.53,0.18,3.9735,11.5955,165395445,772582364.0,6718256846.16,6718256846.16
3665,2019-05-10,sh600988,³à·å»Æ½ð,4.83,5.08,4.44,4.47,4.71,0.12,2.5478,10.8591,154892574,735033083.0,6889422625.68,6889422625.68
3666,2019-05-13,sh600988,³à·å»Æ½ð,4.92,5.05,4.75,4.76,4.83,0.09,1.8634,9.1865,131034234,643677517.0,7017796960.32,7017796960.32
3667,2019-05-14,sh600988,³à·å»Æ½ð,5.08,5.28,4.98,5.11,4.92,0.16,3.252,12.0099,171306530,880543004.0,7246017999.68,7246017999.68
3668,2019-05-15,sh600988,³à·å»Æ½ð,5.07,5.07,4.85,4.91,5.08,-0.01,-0.1969,8.2137,117158794,583080488.0,7231754184.72,7231754184.72
3669,2019-05-16,sh600988,³à·å»Æ½ð,5.33,5.47,4.93,5.02,5.07,0.26,5.1282,11.1451,158971620,828596405.0,7602613373.68,7602613373.68
3670,2019-05-17,sh600988,³à·å»Æ½ð,5.01,5.29,4.95,5.17,5.33,-0.32,-6.0038,10.245,146133444,748705667.0,7146171294.96,7146171294.96
3671,2019-05-20,sh600988,³à·å»Æ½ð,4.77,4.96,4.61,4.91,5.01,-0.24,-4.7904,6.8062,97081865,463341996.0,6803839735.92,6803839735.92
3672,2019-05-21,sh600988,³à·å»Æ½ð,4.79,4.86,4.71,4.73,4.77,0.02,0.4193,5.2719,75197628,359654964.0,6832367365.84,6832367365.84
3673,2019-05-22,sh600988,³à·å»Æ½ð,4.96,5.05,4.69,4.72,4.79,0.17,3.5491,7.5903,108266380,527030825.0,7074852220.16,7074852220.16
3674,2019-05-23,sh600988,³à·å»Æ½ð,4.77,4.89,4.71,4.86,4.96,-0.19,-3.8306,5.3235,75934014,364572532.0,6803839735.92,6803839735.92
3675,2019-05-24,sh600988,³à·å»Æ½ð,4.81,4.99,4.78,4.85,4.77,0.04,0.8386,6.0394,86144228,419896201.0,6860894995.76,6860894995.76
3676,2019-05-27,sh600988,³à·å»Æ½ð,4.87,4.88,4.73,4.78,4.81,0.06,1.2474,4.6156,65835876,317118614.0,6946477885.52,6946477885.52
3677,2019-05-28,sh600988,³à·å»Æ½ð,4.9,4.92,4.78,4.8,4.87,0.03,0.616,4.9159,70120052,340494304.0,6989269330.4,6989269330.4
3678,2019-05-29,sh600988,³à·å»Æ½ð,5.16,5.16,4.82,4.85,4.9,0.26,5.3061,8.3403,118964212,592504400.0,7360128519.36,7360128519.36
3679,2019-05-30,sh600988,³à·å»Æ½ð,5.02,5.15,4.93,5.0,5.16,-0.14,-2.7132,7.1395,101835956,512232630.0,7160435109.92,7160435109.92
3680,2019-05-31,sh600988,³à·å»Æ½ð,5.14,5.31,5.1,5.25,5.02,0.12,2.3904,9.1822,130973757,679996788.0,7331600889.44,7331600889.44
3681,2019-06-03,sh600988,³à·å»Æ½ð,5.42,5.59,5.22,5.28,5.14,0.28,5.4475,10.8012,154065920,833427215.0,7730987708.32,7730987708.32
3682,2019-06-04,sh600988,³à·å»Æ½ð,5.58,5.78,5.42,5.5,5.42,0.16,2.952,10.8513,154780382,863304447.0,7959208747.68,7959208747.68
3683,2019-06-05,sh600988,³à·å»Æ½ð,5.74,5.75,5.36,5.41,5.58,0.16,2.8674,9.4163,134312601,751378333.0,8187429787.04,8187429787.04
3684,2019-06-06,sh600988,³à·å»Æ½ð,5.54,5.86,5.51,5.57,5.74,-0.2,-3.4843,7.7411,110417305,624948399.0,7902153487.84,7902153487.84
3685,2019-06-10,sh600988,³à·å»Æ½ð,5.39,5.56,5.35,5.52,5.54,-0.15,-2.7076,6.0709,86593905,470820061.0,7688196263.44,7688196263.44
3686,2019-06-11,sh600988,³à·å»Æ½ð,5.43,5.48,5.32,5.36,5.39,0.04,0.7421,6.3809,91015794,493455373.0,7745251523.28,7745251523.28
3687,2019-06-12,sh600988,³à·å»Æ½ð,5.75,5.84,5.39,5.39,5.43,0.32,5.8932,9.6487,137627560,774397667.0,8201693602.0,8201693602.0
3688,2019-06-13,sh600988,³à·å»Æ½ð,5.67,5.81,5.58,5.72,5.75,-0.08,-1.3913,6.566,93656058,531301390.0,8087583082.32,8087583082.32
3689,2019-06-14,sh600988,³à·å»Æ½ð,5.87,5.97,5.63,5.73,5.67,0.2,3.5273,9.089,129643735,752927059.0,8372859381.52,8372859381.52
3690,2019-06-17,sh600988,³à·å»Æ½ð,5.66,5.84,5.64,5.7,5.87,-0.21,-3.5775,5.8063,82819715,473526843.0,8073319267.36,8073319267.36
3691,2019-06-18,sh600988,³à·å»Æ½ð,5.73,5.81,5.56,5.62,5.66,0.07,1.2367,5.4755,78101062,444152056.0,8173165972.08,8173165972.08
3692,2019-06-19,sh600988,³à·å»Æ½ð,5.59,5.6,5.41,5.51,5.73,-0.14,-2.4433,6.6636,95048249,525101909.0,7973472562.64,7973472562.64
3693,2019-06-20,sh600988,³à·å»Æ½ð,5.63,5.86,5.62,5.8,5.59,0.04,0.7156,8.1899,116819766,665956549.0,8030527822.48,8030527822.48
3694,2019-06-21,sh600988,³à·å»Æ½ð,5.71,5.99,5.61,5.71,5.63,0.08,1.421,11.3341,161667118,939349078.0,8144638342.16,8144638342.16
3695,2019-06-24,sh600988,³à·å»Æ½ð,5.77,5.89,5.7,5.79,5.71,0.06,1.0508,7.0891,101117244,584407119.0,8230221231.92,8230221231.92
3696,2019-06-25,sh600988,³à·å»Æ½ð,6.35,6.35,5.88,5.95,5.77,0.58,10.052,16.4561,234726495,1452802239.0,9057522499.6,9057522499.6
3697,2019-06-26,sh600988,³à·å»Æ½ð,6.04,6.26,6.02,6.09,6.35,-0.31,-4.8819,11.9952,171098006,1047090768.0,8615344235.84,8615344235.84
3698,2019-06-27,sh600988,³à·å»Æ½ð,6.1,6.2,5.87,5.94,6.04,0.06,0.9934,9.2127,131407784,791562868.0,8700927125.6,8700927125.6
3699,2019-06-28,sh600988,³à·å»Æ½ð,6.12,6.38,6.09,6.17,6.1,0.02,0.3279,9.9791,142340053,887269337.0,8729454755.52,8729454755.52
3700,2019-07-01,sh600988,³à·å»Æ½ð,5.92,5.95,5.68,5.8,6.12,-0.2,-3.268,8.4123,119991071,698939035.0,8444178456.32,8444178456.32
3701,2019-07-02,sh600988,³à·å»Æ½ð,5.99,6.04,5.83,5.86,5.92,0.07,1.1824,6.141,87593405,520313426.0,8544025161.04,8544025161.04
3702,2019-07-03,sh600988,³à·å»Æ½ð,6.1,6.39,6.08,6.33,5.99,0.11,1.8364,8.2687,117942985,730043747.0,8700927125.6,8700927125.6
3703,2019-07-04,sh600988,³à·å»Æ½ð,5.9,6.19,5.85,6.08,6.1,-0.2,-3.2787,6.5843,93917195,565142811.0,8415650826.4,8415650826.4
3704,2019-07-05,sh600988,³à·å»Æ½ð,5.91,5.94,5.82,5.9,5.9,0.01,0.1695,4.4249,63116347,371728418.0,8429914641.36,8429914641.36
3705,2019-07-08,sh600988,³à·å»Æ½ð,5.67,5.74,5.48,5.71,5.91,-0.24,-4.0609,6.1557,87803627,492189867.0,8087583082.32,8087583082.32
3706,2019-07-09,sh600988,³à·å»Æ½ð,5.48,5.54,5.41,5.53,5.67,-0.19,-3.351,3.6705,52356027,286105190.0,7816570598.08,7816570598.08
3707,2019-07-10,sh600988,³à·å»Æ½ð,5.31,5.48,5.25,5.41,5.48,-0.17,-3.1022,3.8405,54779582,293442449.0,7574085743.76,7574085743.76
3708,2019-07-11,sh600988,³à·å»Æ½ð,5.53,5.62,5.45,5.54,5.31,0.22,4.1431,6.1693,87997509,485710193.0,7887889672.88,7887889672.88
3709,2019-07-12,sh600988,³à·å»Æ½ð,5.38,5.44,5.32,5.39,5.53,-0.15,-2.7125,3.3778,48180830,259383873.0,7673932448.48,7673932448.48
3710,2019-07-15,sh600988,³à·å»Æ½ð,5.47,5.47,5.28,5.39,5.38,0.09,1.6729,2.9529,42118992,226484319.0,7802306783.12,7802306783.12
3711,2019-07-16,sh600988,³à·å»Æ½ð,5.51,5.57,5.37,5.41,5.47,0.04,0.7313,2.7856,39733800,217573772.0,7859362042.96,7859362042.96
3712,2019-07-17,sh600988,³à·å»Æ½ð,5.42,5.45,5.38,5.42,5.51,-0.09,-1.6334,2.4396,34797400,188233410.0,7730987708.32,7730987708.32
3713,2019-07-18,sh600988,³à·å»Æ½ð,5.45,5.62,5.44,5.59,5.42,0.03,0.5535,4.3126,61513800,339966891.0,7773779153.2,7773779153.2
3714,2019-07-19,sh600988,³à·å»Æ½ð,5.55,5.67,5.53,5.61,5.45,0.1,1.8349,5.5993,79868080,446814538.0,7916417302.8,7916417302.8
3715,2019-07-22,sh600988,³à·å»Æ½ð,5.32,5.41,5.31,5.41,5.55,-0.23,-4.1441,3.3581,47898860,256750674.0,7588349558.72,7588349558.72
3716,2019-07-23,sh600988,³à·å»Æ½ð,5.26,5.26,5.14,5.18,5.32,-0.06,-1.1278,2.7073,38616364,200527442.0,7502766668.96,7502766668.96
3717,2019-07-24,sh600988,³à·å»Æ½ð,5.38,5.38,5.2,5.21,5.26,0.12,2.2814,2.949,42063578,222384557.0,7673932448.48,7673932448.48
3718,2019-07-25,sh600988,³à·å»Æ½ð,5.37,5.38,5.28,5.31,5.38,-0.01,-0.1859,2.3368,33332162,177397440.0,7659668633.52,7659668633.52
3719,2019-07-26,sh600988,³à·å»Æ½ð,5.31,5.36,5.28,5.32,5.37,-0.06,-1.1173,2.24,31950784,169750742.0,7574085743.76,7574085743.76
3720,2019-07-29,sh600988,³à·å»Æ½ð,5.32,5.39,5.32,5.36,5.31,0.01,0.1883,1.7725,25282636,134903168.0,7588349558.72,7588349558.72
3721,2019-07-30,sh600988,³à·å»Æ½ð,5.48,5.49,5.3,5.34,5.32,0.16,3.0075,3.6615,52226306,281899253.0,7816570598.08,7816570598.08
3722,2019-07-31,sh600988,³à·å»Æ½ð,5.63,5.64,5.4,5.41,5.48,0.15,2.7372,5.0108,71472437,396593803.0,8030527822.48,8030527822.48
3723,2019-08-01,sh600988,³à·å»Æ½ð,5.34,5.46,5.31,5.4,5.63,-0.29,-5.151,4.3533,62095339,334868865.0,7616877188.64,7616877188.64
3724,2019-08-02,sh600988,³à·å»Æ½ð,5.51,5.58,5.44,5.51,5.34,0.17,3.1835,5.3416,76191504,420024602.0,7859362042.96,7859362042.96
3725,2019-08-05,sh600988,³à·å»Æ½ð,6.0,6.0,5.59,5.59,5.51,0.49,8.8929,9.5169,135746806,792897173.0,8558288976.0,8558288976.0
3726,2019-08-06,sh600988,³à·å»Æ½ð,5.91,6.24,5.79,6.18,6.0,-0.09,-1.5,11.0511,157631027,953775668.0,8429914641.36,8429914641.36
3727,2019-08-07,sh600988,³à·å»Æ½ð,6.0,6.17,5.95,6.04,5.91,0.09,1.5228,8.1282,115939722,702696529.0,8558288976.0,8558288976.0
3728,2019-08-08,sh600988,³à·å»Æ½ð,5.96,6.08,5.88,6.07,6.0,-0.04,-0.6667,5.7047,81371418,485648039.0,8501233716.16,8501233716.16
3729,2019-08-09,sh600988,³à·å»Æ½ð,5.87,6.04,5.84,5.9,5.96,-0.09,-1.5101,4.6965,66990310,397230068.0,8372859381.52,8372859381.52
3730,2019-08-12,sh600988,³à·å»Æ½ð,5.78,5.82,5.67,5.8,5.87,-0.09,-1.5332,3.8334,54678638,314337260.0,8244485046.88,8244485046.88
3731,2019-08-13,sh600988,³à·å»Æ½ð,6.02,6.08,5.86,5.92,5.78,0.24,4.1522,7.6218,108716568,649093473.0,8586816605.92,8586816605.92
3732,2019-08-14,sh600988,³à·å»Æ½ð,5.82,5.85,5.67,5.72,6.02,-0.2,-3.3223,5.7744,82364808,475411610.0,8301540306.72,8301540306.72
3733,2019-08-15,sh600988,³à·å»Æ½ð,5.82,6.01,5.8,5.95,5.82,0.0,0.0,6.3605,90724826,536147836.0,8301540306.72,8301540306.72
3734,2019-08-16,sh600988,³à·å»Æ½ð,5.82,5.87,5.77,5.82,5.82,0.0,0.0,3.8841,55402356,321869633.0,8301540306.72,8301540306.72
3735,2019-08-19,sh600988,³à·å»Æ½ð,5.8,5.81,5.66,5.7,5.82,-0.02,-0.3436,5.0042,71378302,408229436.0,8273012676.8,8273012676.8
3736,2019-08-20,sh600988,³à·å»Æ½ð,5.89,5.89,5.7,5.73,5.8,0.09,1.5517,5.5469,79119964,459061566.0,8401387011.44,8401387011.44
3737,2019-08-21,sh600988,³à·å»Æ½ð,5.81,5.87,5.78,5.83,5.89,-0.08,-1.3582,3.852,54944434,319910913.0,8287276491.76,8287276491.76
3738,2019-08-22,sh600988,³à·å»Æ½ð,5.76,5.8,5.72,5.75,5.81,-0.05,-0.8606,2.9174,41612864,239365909.0,8215957416.96,8215957416.96
3739,2019-08-23,sh600988,³à·å»Æ½ð,5.76,5.84,5.7,5.7,5.76,0.0,0.0,3.7595,53625268,308926454.0,8215957416.96,8215957416.96
3740,2019-08-26,sh600988,³à·å»Æ½ð,5.89,6.08,5.86,6.02,5.76,0.13,2.2569,7.0913,101148292,600250525.0,8401387011.44,8401387011.44
3741,2019-08-27,sh600988,³à·å»Æ½ð,5.92,5.97,5.76,5.8,5.89,0.03,0.5093,5.344,76226490,445762894.0,8444178456.32,8444178456.32
3742,2019-08-28,sh600988,³à·å»Æ½ð,5.88,5.99,5.86,5.94,5.92,-0.04,-0.6757,4.3233,61666376,364498612.0,8387123196.48,8387123196.48
3743,2019-08-29,sh600988,³à·å»Æ½ð,6.01,6.01,5.82,5.86,5.88,0.13,2.2109,6.5019,92741821,549965889.0,8572552790.96,8572552790.96
3744,2019-08-30,sh600988,³à·å»Æ½ð,5.88,5.98,5.82,5.86,6.01,-0.13,-2.1631,4.5843,65389385,385055712.0,8387123196.48,8387123196.48
3745,2019-09-02,sh600988,³à·å»Æ½ð,5.83,5.84,5.74,5.84,5.88,-0.05,-0.8503,4.292,61220192,354767963.0,8315804121.68,8315804121.68
3746,2019-09-03,sh600988,³à·å»Æ½ð,5.82,5.84,5.77,5.79,5.83,-0.01,-0.1715,3.0335,43268636,251259602.0,8301540306.72,8301540306.72
3747,2019-09-04,sh600988,³à·å»Æ½ð,5.83,5.91,5.8,5.89,5.82,0.01,0.1718,5.1835,73937100,432748486.0,8315804121.68,8315804121.68
3748,2019-09-05,sh600988,³à·å»Æ½ð,5.85,5.86,5.78,5.81,5.83,0.02,0.3431,4.6202,65902347,383496926.0,8344331751.6,8344331751.6
3749,2019-09-06,sh600988,³à·å»Æ½ð,5.63,5.74,5.62,5.7,5.85,-0.22,-3.7607,5.4551,77810400,442369312.0,8030527822.48,8030527822.48
3750,2019-09-09,sh600988,³à·å»Æ½ð,5.64,5.65,5.55,5.6,5.63,0.01,0.1776,3.5446,50560192,283466644.0,8044791637.44,8044791637.44
3751,2019-09-10,sh600988,³à·å»Æ½ð,5.59,5.59,5.52,5.56,5.64,-0.05,-0.8865,3.425,48852918,271707127.0,7973472562.64,7973472562.64
3752,2019-09-11,sh600988,³à·å»Æ½ð,5.54,5.58,5.52,5.53,5.59,-0.05,-0.8945,2.9846,42571900,236033946.0,7902153487.84,7902153487.84
3753,2019-09-12,sh600988,³à·å»Æ½ð,5.46,5.52,5.42,5.52,5.54,-0.08,-1.444,3.025,43147404,235520057.0,7788042968.16,7788042968.16
3754,2019-09-16,sh600988,³à·å»Æ½ð,5.62,5.62,5.46,5.49,5.46,0.16,2.9304,4.5518,64926730,359869530.0,8016264007.52,8016264007.52
3755,2019-09-17,sh600988,³à·å»Æ½ð,5.48,5.6,5.46,5.56,5.62,-0.14,-2.4911,3.3656,48007000,265500649.0,7816570598.08,7816570598.08
3756,2019-09-18,sh600988,³à·å»Æ½ð,5.42,5.51,5.41,5.49,5.48,-0.06,-1.0949,2.2301,31809400,173184548.0,7730987708.32,7730987708.32
3757,2019-09-19,sh600988,³à·å»Æ½ð,5.43,5.45,5.31,5.36,5.42,0.01,0.1845,2.0282,28930200,155502903.0,7745251523.28,7745251523.28
3758,2019-09-20,sh600988,³à·å»Æ½ð,5.46,5.49,5.41,5.41,5.43,0.03,0.5525,2.152,30696000,167499940.0,7788042968.16,7788042968.16
3759,2019-09-23,sh600988,³à·å»Æ½ð,5.4,5.51,5.38,5.48,5.46,-0.06,-1.0989,2.1664,30900556,168351604.0,7702460078.4,7702460078.4
3760,2019-09-24,sh600988,³à·å»Æ½ð,5.41,5.48,5.4,5.43,5.4,0.01,0.1852,1.5797,22532500,122306410.0,7716723893.36,7716723893.36
3761,2019-09-25,sh600988,³à·å»Æ½ð,5.33,5.46,5.31,5.45,5.41,-0.08,-1.4787,1.9634,28006182,150387772.0,7602613373.68,7602613373.68
3762,2019-09-26,sh600988,³à·å»Æ½ð,4.96,5.25,4.92,5.23,5.33,-0.37,-6.9418,3.762,53659820,272034479.0,7074852220.16,7074852220.16
3763,2019-09-27,sh600988,³à·å»Æ½ð,4.89,4.96,4.83,4.92,4.96,-0.07,-1.4113,1.614,23022000,112998876.0,6975005515.44,6975005515.44
3764,2019-09-30,sh600988,³à·å»Æ½ð,4.86,4.91,4.84,4.89,4.89,-0.03,-0.6135,1.0417,14858400,72401294.0,6932214070.56,6932214070.56
3765,2019-10-08,sh600988,³à·å»Æ½ð,4.89,4.89,4.85,4.86,4.86,0.03,0.6173,0.9658,13776420,67207567.0,6975005515.44,6975005515.44
3766,2019-10-09,sh600988,³à·å»Æ½ð,0.0,0.0,0.0,0.0,4.89,,,0.0,0,0.0,6975005515.44,6975005515.44
3767,2019-10-10,sh600988,³à·å»Æ½ð,5.08,5.13,4.96,5.0,4.89,0.19,3.8855,2.6973,38473812,193944082.0,7246017999.68,7246017999.68
3768,2019-10-11,sh600988,³à·å»Æ½ð,5.08,5.1,4.98,5.01,5.08,0.0,0.0,1.7908,25542994,128371201.0,7246017999.68,7246017999.68
3769,2019-10-14,sh600988,³à·å»Æ½ð,5.03,5.04,4.97,5.0,5.08,-0.05,-0.9843,2.0335,29005294,145393627.0,7174698924.88,7174698924.88
3770,2019-10-15,sh600988,³à·å»Æ½ð,4.92,5.06,4.91,5.02,5.03,-0.11,-2.1869,2.0264,28903682,143821131.0,7017796960.32,7017796960.32
3771,2019-10-16,sh600988,³à·å»Æ½ð,4.88,4.97,4.86,4.88,4.92,-0.04,-0.813,1.5804,22542752,110483424.0,6960741700.48,6960741700.48
3772,2019-10-17,sh600988,³à·å»Æ½ð,4.9,4.93,4.85,4.89,4.88,0.02,0.4098,1.2343,17605248,85919946.0,6989269330.4,6989269330.4
3773,2019-10-18,sh600988,³à·å»Æ½ð,4.76,4.89,4.75,4.89,4.9,-0.14,-2.8571,1.6693,23810100,114765466.0,6789575920.96,6789575920.96
3774,2019-10-21,sh600988,³à·å»Æ½ð,4.62,4.72,4.56,4.72,4.76,-0.14,-2.9412,2.1863,31184400,143844447.0,6589882511.52,6589882511.52
3775,2019-10-22,sh600988,³à·å»Æ½ð,4.61,4.62,4.55,4.57,4.62,-0.01,-0.2165,1.033,14734000,67723209.0,6575618696.56,6575618696.56
3776,2019-10-23,sh600988,³à·å»Æ½ð,4.67,4.7,4.6,4.61,4.61,0.06,1.3015,1.5361,21910300,101956250.0,6661201586.32,6661201586.32
3777,2019-10-24,sh600988,³à·å»Æ½ð,4.54,4.65,4.53,4.65,4.67,-0.13,-2.7837,1.5527,22146800,101405801.0,6475771991.84,6475771991.84
3778,2019-10-25,sh600988,³à·å»Æ½ð,4.61,4.62,4.55,4.58,4.54,0.07,1.5419,1.5713,22413408,102935573.0,6575618696.56,6575618696.56
3779,2019-10-28,sh600988,³à·å»Æ½ð,4.66,4.66,4.55,4.57,4.61,0.05,1.0846,1.3704,19546594,90349003.0,6646937771.36,6646937771.36
3780,2019-10-29,sh600988,³à·å»Æ½ð,4.56,4.62,4.56,4.61,4.66,-0.1,-2.1459,1.3311,18986786,87026877.0,6504299621.76,6504299621.76
3781,2019-10-30,sh600988,³à·å»Æ½ð,4.42,4.54,4.38,4.52,4.56,-0.14,-3.0702,1.9071,27203066,121029113.0,6304606212.32,6304606212.32
3782,2019-10-31,sh600988,³à·å»Æ½ð,4.44,4.52,4.4,4.45,4.42,0.02,0.4525,1.6901,24107116,107258672.0,6333133842.24,6333133842.24
3783,2019-11-01,sh600988,³à·å»Æ½ð,4.49,4.51,4.47,4.48,4.44,0.05,1.1261,1.4317,20420852,91658668.0,6404452917.04,6404452917.04
3784,2019-11-04,sh600988,³à·å»Æ½ð,4.5,4.52,4.45,4.49,4.49,0.01,0.2227,1.2738,18168662,81594632.0,6418716732.0,6418716732.0
3785,2019-11-05,sh600988,³à·å»Æ½ð,4.47,4.48,4.42,4.46,4.5,-0.03,-0.6667,1.377,19640700,87369482.0,6375925287.12,6375925287.12
3786,2019-11-06,sh600988,³à·å»Æ½ð,4.42,4.46,4.39,4.4,4.47,-0.05,-1.1186,1.4121,20141860,89007509.0,6304606212.32,6304606212.32
3787,2019-11-07,sh600988,³à·å»Æ½ð,4.43,4.43,4.37,4.42,4.42,0.01,0.2262,0.9531,13594633,59832864.0,6318870027.28,6318870027.28
3788,2019-11-08,sh600988,³à·å»Æ½ð,4.41,4.42,4.35,4.37,4.43,-0.02,-0.4515,1.3663,19488500,85441524.0,6290342397.36,6290342397.36
3789,2019-11-11,sh600988,³à·å»Æ½ð,4.24,4.4,4.22,4.4,4.41,-0.17,-3.8549,1.8777,26782700,114814225.0,6047857543.04,6047857543.04
3790,2019-11-12,sh600988,³à·å»Æ½ð,4.13,4.22,4.07,4.2,4.24,-0.11,-2.5943,1.9999,28525612,117874395.0,5890955578.48,5890955578.48
3791,2019-11-13,sh600988,³à·å»Æ½ð,4.54,4.54,4.13,4.15,4.13,0.41,9.9274,7.6158,108630249,482126048.0,6475771991.84,6475771991.84
3792,2019-11-14,sh600988,³à·å»Æ½ð,4.58,4.61,4.4,4.44,4.54,0.04,0.8811,5.8435,83350764,373955089.0,7122675732.92,6532827251.68
3793,2019-11-15,sh600988,³à·å»Æ½ð,4.58,4.75,4.49,4.53,4.58,0.0,0.0,5.6043,79938358,370429814.0,7122675732.92,6532827251.68
3794,2019-11-18,sh600988,³à·å»Æ½ð,4.53,4.58,4.45,4.52,4.58,-0.05,-1.0917,2.9269,41748100,188507092.0,7044917264.22,6461508176.88
3795,2019-11-19,sh600988,³à·å»Æ½ð,4.63,4.64,4.53,4.56,4.53,0.1,2.2075,3.7138,52973501,242960873.0,7200434201.62,6604146326.48
3796,2019-11-20,sh600988,³à·å»Æ½ð,4.88,4.98,4.55,4.59,4.63,0.25,5.3996,7.0856,101067229,483181864.0,7589226545.12,6960741700.48
3797,2019-11-21,sh600988,³à·å»Æ½ð,4.78,4.87,4.75,4.8,4.88,-0.1,-2.0492,4.5097,64325729,308620183.0,7433709607.72,6818103550.88
3798,2019-11-22,sh600988,³à·å»Æ½ð,4.87,4.98,4.66,4.7,4.78,0.09,1.8828,6.0788,86707410,418383533.0,7573674851.38,6946477885.52
3799,2019-11-25,sh600988,³à·å»Æ½ð,4.75,4.9,4.75,4.78,4.87,-0.12,-2.4641,3.4443,49128862,236407309.0,7387054526.5,6775312106.0
3800,2019-11-26,sh600988,³à·å»Æ½ð,4.76,4.8,4.61,4.66,4.75,0.01,0.2105,3.2776,46751220,220241520.0,7402606220.24,6789575920.96
3801,2019-11-27,sh600988,³à·å»Æ½ð,4.67,4.76,4.62,4.72,4.76,-0.09,-1.8908,2.9076,41473000,193861101.0,7262640976.58,6661201586.32
3802,2019-11-28,sh600988,³à·å»Æ½ð,4.62,4.72,4.6,4.67,4.67,-0.05,-1.0707,2.476,35316600,164528911.0,7184882507.88,6589882511.52
3803,2019-11-29,sh600988,³à·å»Æ½ð,4.56,4.62,4.52,4.59,4.62,-0.06,-1.2987,2.354,33576900,153256593.0,7091572345.44,6504299621.76
3804,2019-12-02,sh600988,³à·å»Æ½ð,4.54,4.59,4.5,4.53,4.56,-0.02,-0.4386,1.7297,24672400,112300837.0,7060468957.96,6475771991.84
3805,2019-12-03,sh600988,³à·å»Æ½ð,4.6,4.7,4.56,4.57,4.54,0.06,1.3216,3.0776,43897947,203388792.0,7153779120.4,6561354881.6
3806,2019-12-04,sh600988,³à·å»Æ½ð,4.78,4.86,4.66,4.75,4.6,0.18,3.913,5.7522,82048561,390729918.0,7433709607.72,6818103550.88
3807,2019-12-05,sh600988,³à·å»Æ½ð,4.73,4.73,4.67,4.7,4.78,-0.05,-1.046,3.3325,47533970,223301268.0,7355951139.02,6746784476.08
3808,2019-12-06,sh600988,³à·å»Æ½ð,4.72,4.77,4.67,4.7,4.73,-0.01,-0.2114,2.6626,37979470,179091647.0,7340399445.28,6732520661.12
3809,2019-12-09,sh600988,³à·å»Æ½ð,4.66,4.68,4.61,4.63,4.72,-0.06,-1.2712,2.7682,39485620,183474945.0,7247089282.84,6646937771.36
3810,2019-12-10,sh600988,³à·å»Æ½ð,4.66,4.7,4.62,4.67,4.66,0.0,0.0,2.7315,38961600,181353132.0,7247089282.84,6646937771.36
3811,2019-12-11,sh600988,³à·å»Æ½ð,4.65,4.68,4.62,4.63,4.66,-0.01,-0.2146,2.1974,31344002,145650521.0,7231537589.1,6632673956.4
3812,2019-12-12,sh600988,³à·å»Æ½ð,4.61,4.7,4.57,4.68,4.65,-0.04,-0.8602,2.8811,41095000,190198404.0,7169330814.14,6575618696.56
3813,2019-12-13,sh600988,³à·å»Æ½ð,4.54,4.56,4.5,4.53,4.61,-0.07,-1.5184,3.2042,45704200,206785698.0,7060468957.96,6475771991.84
3814,2019-12-16,sh600988,³à·å»Æ½ð,4.53,4.53,4.45,4.53,4.54,-0.01,-0.2203,3.5087,50047100,224270405.0,7044917264.22,6461508176.88
3815,2019-12-17,sh600988,³à·å»Æ½ð,4.6,4.6,4.47,4.5,4.53,0.07,1.5453,4.1381,59025732,268104986.0,7153779120.4,6561354881.6
3816,2019-12-18,sh600988,³à·å»Æ½ð,4.7,4.71,4.55,4.58,4.6,0.1,2.1739,5.2743,75232134,348612223.0,7309296057.8,6703993031.2
3817,2019-12-19,sh600988,³à·å»Æ½ð,4.65,4.72,4.63,4.66,4.7,-0.05,-1.0638,3.7136,52969645,247140575.0,7231537589.1,6632673956.4
3818,2019-12-20,sh600988,³à·å»Æ½ð,4.67,4.7,4.62,4.64,4.65,0.02,0.4301,3.448,49181402,229755855.0,7262640976.58,6661201586.32
3819,2019-12-23,sh600988,³à·å»Æ½ð,4.59,4.69,4.54,4.66,4.67,-0.08,-1.7131,3.1481,44903900,206753450.0,7138227426.66,6547091066.64
3820,2019-12-24,sh600988,³à·å»Æ½ð,4.65,4.67,4.56,4.61,4.59,0.06,1.3072,2.8585,40773748,188176171.0,7231537589.1,6632673956.4
3821,2019-12-25,sh600988,³à·å»Æ½ð,4.68,4.75,4.67,4.72,4.65,0.03,0.6452,4.5855,65407156,307795649.0,7278192670.32,6675465401.28
3822,2019-12-26,sh600988,³à·å»Æ½ð,4.76,4.85,4.64,4.65,4.68,0.08,1.7094,5.0191,71590855,340316080.0,7402606220.24,6789575920.96
3823,2019-12-27,sh600988,³à·å»Æ½ð,4.81,4.97,4.77,4.77,4.76,0.05,1.0504,7.2792,103829180,504471469.0,7480364688.94,6860894995.76
3824,2019-12-30,sh600988,³à·å»Æ½ð,4.81,4.88,4.75,4.81,4.81,0.0,0.0,3.7114,52939041,254232055.0,7480364688.94,6860894995.76
3825,2019-12-31,sh600988,³à·å»Æ½ð,5.03,5.04,4.82,4.85,4.81,0.22,4.5738,6.562,93599678,462627741.0,7822501951.22,7174698924.88
3826,2020-01-02,sh600988,³à·å»Æ½ð,5.1,5.14,4.94,4.99,5.03,0.07,1.3917,6.361,90731919,456954498.0,7931363807.4,7274545629.6
3827,2020-01-03,sh600988,³à·å»Æ½ð,5.26,5.39,5.08,5.13,5.1,0.16,3.1373,8.5244,121590224,637741833.0,8180190907.24,7502766668.96
3828,2020-01-06,sh600988,³à·å»Æ½ð,5.79,5.79,5.42,5.6,5.26,0.53,10.076,12.3397,176010731,984889190.0,9004430675.46,8258748861.84
3829,2020-01-07,sh600988,³à·å»Æ½ð,5.88,5.89,5.57,5.66,5.79,0.09,1.5544,11.4553,163395861,937566036.0,9144395919.12,8387123196.48
3830,2020-01-08,sh600988,³à·å»Æ½ð,6.47,6.47,6.08,6.11,5.88,0.59,10.034,18.3851,262241487,1661806576.0,10061945849.8,9228688279.12
3831,2020-01-09,sh600988,³à·å»Æ½ð,5.96,6.17,5.85,5.98,6.47,-0.51,-7.8825,16.6407,237359898,1423302692.0,9268809469.04,8501233716.16
3832,2020-01-10,sh600988,³à·å»Æ½ð,5.73,5.85,5.61,5.85,5.96,-0.23,-3.8591,10.988,156730906,896556576.0,8911120513.02,8173165972.08
3833,2020-01-13,sh600988,³à·å»Æ½ð,5.68,5.7,5.58,5.62,5.73,-0.05,-0.8726,6.5278,93110842,525129410.0,8833362044.32,8101846897.28
3834,2020-01-14,sh600988,³à·å»Æ½ð,5.76,5.76,5.55,5.59,5.68,0.08,1.4085,7.7501,110546665,627798208.0,8957775594.24,8215957416.96
3835,2020-01-15,sh600988,³à·å»Æ½ð,5.6,5.75,5.58,5.73,5.76,-0.16,-2.7778,6.4949,92641759,523307248.0,8708948494.4,7987736377.6
3836,2020-01-16,sh600988,³à·å»Æ½ð,5.44,5.66,5.43,5.63,5.6,-0.16,-2.8571,6.431,91730985,506970523.0,8460121394.56,7759515338.24
3837,2020-01-17,sh600988,³à·å»Æ½ð,5.56,5.67,5.45,5.48,5.44,0.12,2.2059,5.9708,85166056,473071339.0,8646741719.44,7930681117.76
3838,2020-01-20,sh600988,³à·å»Æ½ð,5.61,5.64,5.47,5.54,5.56,0.05,0.8993,4.5528,64939849,360522258.0,8724500188.14,8002000192.56
3839,2020-01-21,sh600988,³à·å»Æ½ð,5.72,5.81,5.59,5.62,5.61,0.11,1.9608,7.7892,111103050,634058524.0,8895568819.28,8158902157.12
3840,2020-01-22,sh600988,³à·å»Æ½ð,5.61,5.7,5.38,5.57,5.72,-0.11,-1.9231,6.7619,96450033,535683590.0,8724500188.14,8002000192.56
3841,2020-01-23,sh600988,³à·å»Æ½ð,5.74,5.84,5.59,5.63,5.61,0.13,2.3173,7.9409,113267203,648821770.0,8926672206.76,8187429787.04
3842,2020-02-03,sh600988,³à·å»Æ½ð,5.67,5.99,5.25,5.35,5.74,-0.07,-1.2195,9.6342,137420899,786561031.0,9434377513.26,8087583082.32
3843,2020-02-04,sh600988,³à·å»Æ½ð,5.78,5.83,5.45,5.48,5.67,0.11,1.94,7.113,101458963,573715269.0,9617407764.84,8244485046.88
3844,2020-02-05,sh600988,³à·å»Æ½ð,6.18,6.3,5.66,5.66,5.78,0.4,6.9204,13.0783,186545824,1122518020.0,10282972316.0,8815037645.28
3845,2020-02-06,sh600988,³à·å»Æ½ð,6.28,6.46,6.0,6.07,6.18,0.1,1.6181,12.3642,176361209,1101952631.0,10449363453.8,8957675794.88
3846,2020-02-07,sh600988,³à·å»Æ½ð,6.54,6.73,6.26,6.32,6.28,0.26,4.1401,12.2217,174328381,1136862937.0,10881980412.1,9328534983.84
3847,2020-02-10,sh600988,³à·å»Æ½ð,7.05,7.19,6.38,6.45,6.54,0.51,7.7982,13.9598,199120326,1356479448.0,11730575214.9,10055989546.8
3848,2020-02-11,sh600988,³à·å»Æ½ð,6.62,7.23,6.6,6.86,7.05,-0.43,-6.0993,13.0977,186822810,1281077762.0,11015093322.4,9442645503.52
3849,2020-02-12,sh600988,³à·å»Æ½ð,6.75,6.85,6.51,6.57,6.62,0.13,1.9637,9.3413,133242117,890010241.0,11231401801.5,9628075098.0
3850,2020-02-13,sh600988,³à·å»Æ½ð,7.26,7.32,6.67,6.74,6.75,0.51,7.5556,12.6912,181024505,1279576012.0,12079996604.3,10355529661.0
3851,2020-02-14,sh600988,³à·å»Æ½ð,7.09,7.35,7.05,7.18,7.26,-0.17,-2.3416,9.576,136591004,978588596.0,11797131670.0,10113044806.6
3852,2020-02-17,sh600988,³à·å»Æ½ð,7.17,7.26,7.01,7.15,7.09,0.08,1.1283,8.3322,118848390,849636891.0,11930244580.3,10227155326.3
3853,2020-02-18,sh600988,³à·å»Æ½ð,7.47,7.65,7.13,7.17,7.17,0.3,4.1841,10.9296,155897733,1159253984.0,12429417993.7,10655069775.1
3854,2020-02-19,sh600988,³à·å»Æ½ð,8.0,8.17,7.62,7.76,7.47,0.53,7.095,12.6099,179865786,1415799758.0,13311291024.0,11411051968.0
3855,2020-02-20,sh600988,³à·å»Æ½ð,7.98,8.14,7.82,7.84,8.0,-0.02,-0.25,10.5398,150338094,1200409782.0,13278012796.4,11382524338.1
3856,2020-02-21,sh600988,³à·å»Æ½ð,8.73,8.76,8.12,8.17,7.98,0.75,9.3985,11.8676,169276814,1436097098.0,14525946329.9,12452310460.1
3857,2020-02-24,sh600988,³à·å»Æ½ð,9.22,9.5,8.9,9.39,8.73,0.49,5.6128,13.7138,195611737,1807358959.0,15341262905.2,13151237393.1
3858,2020-02-25,sh600988,³à·å»Æ½ð,9.28,9.88,8.81,8.85,9.22,0.06,0.6508,17.8817,255061053,2375179291.0,15441097587.8,13236820282.9
3859,2020-02-26,sh600988,³à·å»Æ½ð,8.78,9.27,8.69,9.03,9.28,-0.5,-5.3879,12.7735,182198810,1630849863.0,14609141898.8,12523629534.9
3860,2020-02-27,sh600988,³à·å»Æ½ð,9.27,9.28,8.42,8.75,8.78,0.49,5.5809,13.0713,186446469,1651960975.0,15424458474.1,13222556467.9
3861,2020-02-28,sh600988,³à·å»Æ½ð,8.95,9.58,8.8,8.92,9.27,-0.32,-3.452,15.028,214356039,1964533657.0,14892006833.1,12766114389.2
3862,2020-03-02,sh600988,³à·å»Æ½ð,8.6,8.8,8.25,8.54,8.95,-0.35,-3.9106,13.8244,197189303,1683921264.0,14309637850.8,12266880865.6
3863,2020-03-03,sh600988,³à·å»Æ½ð,8.6,8.75,8.32,8.55,8.6,0.0,0.0,11.0622,157788725,1356955384.0,14309637850.8,12266880865.6
3864,2020-03-04,sh600988,³à·å»Æ½ð,8.41,9.05,8.32,8.89,8.6,-0.19,-2.2093,12.8949,183931108,1600426220.0,13993494689.0,11995868381.4
3865,2020-03-05,sh600988,³à·å»Æ½ð,8.36,8.46,8.06,8.15,8.41,-0.05,-0.5945,10.5811,150926908,1246199310.0,13910299120.1,11924549306.6
3866,2020-03-06,sh600988,³à·å»Æ½ð,8.39,8.65,8.24,8.59,8.36,0.03,0.3589,11.2788,160878375,1360772975.0,13960216461.4,11967340751.4
3867,2020-03-09,sh600988,³à·å»Æ½ð,7.64,8.57,7.59,8.51,8.39,-0.75,-8.9392,12.4199,177155084,1432033401.0,12712282927.9,10897554629.4
3868,2020-03-10,sh600988,³à·å»Æ½ð,7.5,7.6,7.01,7.2,7.64,-0.14,-1.8325,10.2476,146170288,1063326406.0,12479335335.0,10697861220.0
3869,2020-03-11,sh600988,³à·å»Æ½ð,7.83,7.86,7.36,7.46,7.5,0.33,4.4,8.5618,122123577,935707036.0,13028426089.7,11168567113.7
3870,2020-03-12,sh600988,³à·å»Æ½ð,7.36,7.65,7.23,7.52,7.83,-0.47,-6.0026,6.993,99746517,741935636.0,12246387742.1,10498167810.6
3871,2020-03-13,sh600988,³à·å»Æ½ð,7.0,7.11,6.63,6.63,7.36,-0.36,-4.8913,8.7543,124870092,853515464.0,11647379646.0,9984670472.0
3872,2020-03-16,sh600988,³à·å»Æ½ð,6.94,7.32,6.83,6.94,7.0,-0.06,-0.8571,8.3889,119657605,845211283.0,11547544963.3,9899087582.24
3873,2020-03-17,sh600988,³à·å»Æ½ð,6.67,7.05,6.41,6.96,6.94,-0.27,-3.8905,7.118,101529574,676995720.0,11098288891.3,9513964578.32
3874,2020-03-18,sh600988,³à·å»Æ½ð,6.59,6.96,6.58,6.85,6.67,-0.08,-1.1994,6.6935,95474267,648854022.0,10965175981.0,9399854058.64
3875,2020-03-19,sh600988,³à·å»Æ½ð,6.74,6.75,6.34,6.53,6.59,0.15,2.2762,5.9377,84693680,553996923.0,11214762687.7,9613811283.04
3876,2020-03-20,sh600988,³à·å»Æ½ð,7.39,7.39,6.65,6.71,6.74,0.65,9.6439,9.2219,131539152,918327112.0,12296305083.4,10540959255.4
3877,2020-03-23,sh600988,³à·å»Æ½ð,7.49,7.83,7.08,7.08,7.39,0.1,1.3532,12.373,176485865,1326542217.0,12462696221.2,10683597405.0
3878,2020-03-24,sh600988,³à·å»Æ½ð,8.24,8.24,7.91,8.24,7.49,0.75,10.0134,16.3979,233896581,1904158268.0,13710629754.7,11753383527.0
3879,2020-03-25,sh600988,³à·å»Æ½ð,8.48,8.78,8.24,8.6,8.24,0.24,2.9126,14.2816,203709953,1738823348.0,14109968485.4,12095715086.1
3880,2020-03-26,sh600988,³à·å»Æ½ð,8.47,8.63,8.25,8.32,8.48,-0.01,-0.1179,9.8288,140196505,1184623934.0,14093329371.7,12081451271.1
3881,2020-03-27,sh600988,³à·å»Æ½ð,8.83,8.96,8.34,8.38,8.47,0.36,4.2503,11.6455,166108639,1437428879.0,14692337467.7,12594948609.7
3882,2020-03-30,sh600988,³à·å»Æ½ð,8.56,9.09,8.4,8.6,8.83,-0.27,-3.0578,10.2538,146258973,1276601665.0,14243081395.7,12209825605.8
3883,2020-03-31,sh600988,³à·å»Æ½ð,8.39,8.7,8.34,8.4,8.56,-0.17,-1.986,7.5049,107048530,906569706.0,13960216461.4,11967340751.4
3884,2020-04-01,sh600988,³à·å»Æ½ð,8.9,8.98,7.93,8.11,8.39,0.51,6.0787,11.5463,164694179,1372645167.0,14808811264.2,12694795314.4
3885,2020-04-02,sh600988,³à·å»Æ½ð,8.6,8.78,8.45,8.62,8.9,-0.3,-3.3708,8.9965,128323813,1102418852.0,14309637850.8,12266880865.6
3886,2020-04-03,sh600988,³à·å»Æ½ð,8.73,9.05,8.61,8.71,8.6,0.13,1.5116,9.1419,130397866,1148368700.0,14525946329.9,12452310460.1
3887,2020-04-07,sh600988,³à·å»Æ½ð,9.2,9.37,8.95,9.11,8.73,0.47,5.3837,11.2197,160035049,1473292670.0,15307984677.6,13122709763.2
3888,2020-04-08,sh600988,³à·å»Æ½ð,9.05,9.25,8.91,9.0,9.2,-0.15,-1.6304,6.9909,99716541,905114820.0,15058397970.9,12908752538.8
3889,2020-04-09,sh600988,³à·å»Æ½ð,9.18,9.22,8.81,9.0,9.05,0.13,1.4365,6.7901,96852634,874740017.0,15274706450.0,13094182133.3
3890,2020-04-10,sh600988,³à·å»Æ½ð,9.02,9.63,9.01,9.52,9.18,-0.16,-1.7429,8.818,125777986,1176295592.0,15008480629.6,12865961093.9
3891,2020-04-13,sh600988,³à·å»Æ½ð,8.95,9.11,8.7,8.9,9.02,-0.07,-0.7761,5.6352,80379552,714505285.0,14892006833.1,12766114389.2
3892,2020-04-14,sh600988,³à·å»Æ½ð,9.11,9.34,9.02,9.15,8.95,0.16,1.7877,7.6615,109282521,1003233200.0,15158232653.6,12994335428.6
3893,2020-04-15,sh600988,³à·å»Æ½ð,8.74,9.12,8.73,9.04,9.11,-0.37,-4.0615,6.6748,95208500,851138097.0,14542585443.7,12466574275.0
3894,2020-04-16,sh600988,³à·å»Æ½ð,8.85,8.87,8.6,8.62,8.74,0.11,1.2586,5.3071,75700063,659595224.0,14725615695.3,12623476239.6
3895,2020-04-17,sh600988,³à·å»Æ½ð,8.46,8.72,8.4,8.7,8.85,-0.39,-4.4068,6.237,88962717,760864749.0,14076690257.9,12067187456.2
3896,2020-04-20,sh600988,³à·å»Æ½ð,8.4,8.45,8.18,8.28,8.46,-0.06,-0.7092,4.5525,64936632,541897255.0,13976855575.2,11981604566.4
3897,2020-04-21,sh600988,³à·å»Æ½ð,8.37,8.55,8.26,8.4,8.4,-0.03,-0.3571,5.0572,72135194,604170972.0,13926938233.9,11938813121.5
3898,2020-04-22,sh600988,³à·å»Æ½ð,8.35,8.43,8.27,8.37,8.37,-0.02,-0.2389,3.3825,48246659,402180945.0,13893660006.3,11910285491.6
3899,2020-04-23,sh600988,³à·å»Æ½ð,8.9,8.99,8.45,8.51,8.35,0.55,6.5868,9.644,137560198,1195551581.0,14808811264.2,12694795314.4
3900,2020-04-24,sh600988,³à·å»Æ½ð,9.17,9.29,8.69,8.82,8.9,0.27,3.0337,10.1833,145252756,1313740479.0,15258067336.3,13079918318.3
3901,2020-04-27,sh600988,³à·å»Æ½ð,8.91,9.11,8.81,9.01,9.17,-0.26,-2.8353,5.4732,78068901,699524230.0,14825450378.0,12709059129.4
3902,2020-04-28,sh600988,³à·å»Æ½ð,8.39,8.67,8.3,8.67,8.91,-0.52,-5.8361,7.6295,108825557,919947879.0,13960216461.4,11967340751.4
3903,2020-04-29,sh600988,³à·å»Æ½ð,8.43,8.6,8.32,8.42,8.39,0.04,0.4768,4.0083,57173809,484393421.0,14026772916.5,12024396011.3
3904,2020-04-30,sh600988,³à·å»Æ½ð,8.33,8.41,8.0,8.05,8.43,-0.1,-1.1862,5.5867,79688257,653595102.0,13860381778.7,11881757861.7
3905,2020-05-06,sh600988,³à·å»Æ½ð,8.35,8.43,8.25,8.27,8.33,0.02,0.2401,3.789,54045824,449410990.0,13893660006.3,11910285491.6
3906,2020-05-07,sh600988,³à·å»Æ½ð,8.32,8.5,8.13,8.25,8.35,-0.03,-0.3593,4.7123,67215860,558419045.0,13843742665.0,11867494046.7
3907,2020-05-08,sh600988,³à·å»Æ½ð,8.74,8.86,8.45,8.5,8.32,0.42,5.0481,7.199,102685556,884587795.0,14542585443.7,12466574275.0
3908,2020-05-11,sh600988,³à·å»Æ½ð,8.6,8.76,8.46,8.6,8.74,-0.14,-1.6018,4.6446,66249259,569096370.0,14309637850.8,12266880865.6
3909,2020-05-12,sh600988,³à·å»Æ½ð,8.55,8.69,8.43,8.46,8.6,-0.05,-0.5814,3.4845,49702528,425247485.0,14226442281.9,12195561790.8
3910,2020-05-13,sh600988,³à·å»Æ½ð,8.65,8.69,8.5,8.57,8.55,0.1,1.1696,3.1789,45343810,389631162.0,14392833419.7,12338199940.4
3911,2020-05-14,sh600988,³à·å»Æ½ð,8.95,8.95,8.62,8.75,8.65,0.3,3.4682,6.9666,99370657,874813911.0,14892006833.1,12766114389.2
3912,2020-05-15,sh600988,³à·å»Æ½ð,9.34,9.45,8.98,9.06,8.95,0.39,4.3575,9.5977,136899754,1263967181.0,15540932270.5,13322403172.6
3913,2020-05-18,sh600988,³à·å»Æ½ð,10.27,10.27,9.45,9.7,9.34,0.93,9.9572,11.1876,159578384,1598368436.0,17088369852.1,14648937963.9
3914,2020-05-19,sh600988,³à·å»Æ½ð,10.07,10.18,9.9,9.98,10.27,-0.2,-1.9474,9.9496,141919561,1424873167.0,16755587576.5,14363661664.7
3915,2020-05-20,sh600988,³à·å»Æ½ð,9.93,10.39,9.85,10.28,10.07,-0.14,-1.3903,9.0706,129381935,1313594457.0,16522639983.5,14163968255.3
3916,2020-05-21,sh600988,³à·å»Æ½ð,9.39,9.84,9.36,9.73,9.93,-0.54,-5.4381,7.8382,111802067,1072908877.0,15624127839.4,13393722247.4
3917,2020-05-22,sh600988,³à·å»Æ½ð,9.5,9.63,9.06,9.23,9.39,0.11,1.1715,7.4808,106704654,994234313.0,15807158091.0,13550624212.0
3918,2020-05-25,sh600988,³à·å»Æ½ð,9.44,9.54,9.15,9.28,9.5,-0.06,-0.6316,5.2145,74379017,696703037.0,15707323408.3,13465041322.2
3919,2020-05-26,sh600988,³à·å»Æ½ð,9.58,9.8,9.41,9.52,9.44,0.14,1.4831,4.8046,68531930,655909930.0,15940271001.2,13664734731.7
3920,2020-05-27,sh600988,³à·å»Æ½ð,9.38,9.49,9.26,9.34,9.58,-0.2,-2.0877,4.551,64914784,608465784.0,15607488725.6,13379458432.5
3921,2020-05-28,sh600988,³à·å»Æ½ð,9.97,9.97,9.38,9.46,9.38,0.59,6.29,7.6932,109734226,1068330408.0,16589196438.7,14221023515.1
3922,2020-05-29,sh600988,³à·å»Æ½ð,9.98,10.09,9.71,9.76,9.97,0.01,0.1003,5.6395,80441037,794602271.0,16605835552.4,14235287330.1
3923,2020-06-01,sh600988,³à·å»Æ½ð,10.11,10.23,9.81,10.01,9.98,0.13,1.3026,6.2822,89607813,904302230.0,16822144031.6,14420716924.6
3924,2020-06-02,sh600988,³à·å»Æ½ð,9.95,10.23,9.92,10.01,10.11,-0.16,-1.5826,5.3626,76490915,767786404.0,16555918211.1,14192495885.2
3925,2020-06-03,sh600988,³à·å»Æ½ð,9.84,9.9,9.66,9.71,9.95,-0.11,-1.1055,5.1391,73303751,715530002.0,16372887959.5,14035593920.6
3926,2020-06-04,sh600988,³à·å»Æ½ð,9.6,9.74,9.51,9.51,9.84,-0.24,-2.439,5.1207,73040349,701197776.0,15973549228.8,13693262361.6
3927,2020-06-05,sh600988,³à·å»Æ½ð,9.38,9.73,9.33,9.69,9.6,-0.22,-2.2917,4.63,66041615,626792802.0,15607488725.6,13379458432.5
3928,2020-06-08,sh600988,³à·å»Æ½ð,9.6,9.64,9.11,9.13,9.38,0.22,2.3454,5.1353,73248861,687578370.0,15973549228.8,13693262361.6
3929,2020-06-09,sh600988,³à·å»Æ½ð,9.42,9.64,9.34,9.55,9.6,-0.18,-1.875,3.6693,52338311,495787336.0,15674045180.8,13436513692.3
3930,2020-06-10,sh600988,³à·å»Æ½ð,9.58,9.74,9.53,9.6,9.42,0.16,1.6985,4.4045,62825108,605252713.0,15940271001.2,13664734731.7
3931,2020-06-11,sh600988,³à·å»Æ½ð,9.98,9.98,9.6,9.75,9.58,0.4,4.1754,7.1908,102568636,1003347742.0,16605835552.4,14235287330.1
3932,2020-06-12,sh600988,³à·å»Æ½ð,9.86,9.97,9.66,9.8,9.98,-0.12,-1.2024,5.8668,83682727,822771257.0,16406166187.1,14064121550.6
3933,2020-06-15,sh600988,³à·å»Æ½ð,9.59,9.95,9.54,9.8,9.86,-0.27,-2.7383,4.9122,70066212,683114328.0,15956910115.0,13678998546.6
3934,2020-06-16,sh600988,³à·å»Æ½ð,9.64,9.74,9.5,9.63,9.59,0.05,0.5214,3.7461,53433384,514272155.0,16040105683.9,13750317621.4
3935,2020-06-17,sh600988,³à·å»Æ½ð,9.66,9.66,9.47,9.6,9.64,0.02,0.2075,3.9142,55830846,533894690.0,16073383911.5,13778845251.4
3936,2020-06-18,sh600988,³à·å»Æ½ð,9.41,9.62,9.4,9.61,9.66,-0.25,-2.588,4.3543,62109502,588373989.0,15657406067.0,13422249877.4
3937,2020-06-19,sh600988,³à·å»Æ½ð,9.7,9.77,9.35,9.4,9.41,0.29,3.0818,5.7193,81579360,781534030.0,16139940366.6,13835900511.2
3938,2020-06-22,sh600988,³à·å»Æ½ð,10.49,10.55,9.98,9.98,9.7,0.79,8.1443,9.9449,141852208,1468229054.0,17454430355.2,14962741893.0
3939,2020-06-23,sh600988,³à·å»Æ½ð,10.72,11.09,10.59,10.81,10.49,0.23,2.1926,11.1267,158709656,1718412825.0,17837129972.2,15290809637.1
3940,2020-06-24,sh600988,³à·å»Æ½ð,11.57,11.64,11.09,11.17,10.72,0.85,7.9291,7.6177,108656911,1240353626.0,19251454643.5,16503233908.7
3941,2020-06-29,sh600988,³à·å»Æ½ð,11.88,12.07,11.54,11.55,11.57,0.31,2.6793,5.7581,82133016,968627307.0,19767267170.6,16945412172.5
3942,2020-06-30,sh600988,³à·å»Æ½ð,11.9,12.04,11.45,11.83,11.88,0.02,0.1684,5.278,75284076,885101464.0,19800545398.2,16973939802.4
3943,2020-07-01,sh600988,³à·å»Æ½ð,11.94,12.34,11.87,12.34,11.9,0.04,0.3361,5.3812,76756603,925970018.0,19867101853.3,17030995062.2
3944,2020-07-02,sh600988,³à·å»Æ½ð,11.6,11.92,11.51,11.55,11.94,-0.34,-2.8476,6.2467,89101320,1040768964.0,19301371984.8,16546025353.6
3945,2020-07-03,sh600988,³à·å»Æ½ð,11.58,11.85,11.55,11.73,11.6,-0.02,-0.1724,3.8102,54347786,633690776.0,19268093757.2,16517497723.7
3946,2020-07-06,sh600988,³à·å»Æ½ð,11.75,11.85,11.48,11.56,11.58,0.17,1.468,6.4638,92198978,1074754929.0,19550958691.5,16759982578.0
3947,2020-07-07,sh600988,³à·å»Æ½ð,12.49,12.7,11.79,11.79,11.75,0.74,6.2979,8.0506,114832010,1409792065.0,20782253111.2,17815504885.0
3948,2020-07-08,sh600988,³à·å»Æ½ð,12.68,12.83,12.15,12.74,12.49,0.19,1.5212,7.6641,109318714,1369117595.0,21098396273.0,18086517369.3
3949,2020-07-09,sh600988,³à·å»Æ½ð,13.95,13.95,12.92,12.92,12.68,1.27,10.0158,7.8954,112618472,1532099752.0,23211563723.1,19898021869.2
3950,2020-07-10,sh600988,³à·å»Æ½ð,13.01,13.73,13.0,13.67,13.95,-0.94,-6.7384,8.1954,116897836,1558173456.0,21647487027.8,18557223263.0
3951,2020-07-13,sh600988,³à·å»Æ½ð,13.47,13.59,13.03,13.11,13.01,0.46,3.5357,6.4576,92110560,1231165780.0,22412886261.7,19213358751.1
3952,2020-07-14,sh600988,³à·å»Æ½ð,13.29,13.43,12.9,13.1,13.47,-0.18,-1.3363,5.6579,80702809,1057732450.0,22113382213.6,18956610081.8
3953,2020-07-15,sh600988,³à·å»Æ½ð,13.66,13.93,13.14,13.44,13.29,0.37,2.784,6.7087,95691233,1296184240.0,22729029423.5,19484371235.4
3954,2020-07-16,sh600988,³à·å»Æ½ð,12.75,14.1,12.6,13.68,13.66,-0.91,-6.6618,7.3528,104879115,1406908791.0,21214870069.5,18186364074.0
3955,2020-07-17,sh600988,³à·å»Æ½ð,12.59,12.81,12.05,12.52,12.75,-0.16,-1.2549,4.1033,58528020,730894417.0,20948644249.0,17958143034.6
3956,2020-07-20,sh600988,³à·å»Æ½ð,13.49,13.58,12.52,12.88,12.59,0.9,7.1485,4.5456,64837450,851314942.0,22446164489.2,19241886381.0
3957,2020-07-21,sh600988,³à·å»Æ½ð,14.6,14.75,13.66,13.9,13.49,1.11,8.2283,6.6039,94197294,1336733589.0,24293106118.8,20825169841.6
3958,2020-07-22,sh600988,³à·å»Æ½ð,15.2,15.9,15.01,15.89,14.6,0.6,4.1096,7.1931,102601655,1574519549.0,25291452945.6,21680998739.2
3959,2020-07-23,sh600988,³à·å»Æ½ð,15.2,15.67,14.61,15.59,15.2,0.0,0.0,8.1735,116585473,1769187931.0,25291452945.6,21680998739.2
3960,2020-07-24,sh600988,³à·å»Æ½ð,16.22,16.56,14.91,15.21,15.2,1.02,6.7105,8.9105,127098000,2010909373.0,26988642551.2,23135907865.1
3961,2020-07-27,sh600988,³à·å»Æ½ð,17.84,17.84,16.53,16.99,16.22,1.62,9.9877,9.3768,133749429,2347817142.0,29684178983.5,25446645888.6
3962,2020-07-28,sh600988,³à·å»Æ½ð,17.08,19.18,16.67,19.05,17.84,-0.76,-4.2601,12.9156,184225155,3288056569.0,28419606336.2,24362595951.7
3963,2020-07-29,sh600988,³à·å»Æ½ð,17.3,17.47,16.55,17.16,17.08,0.22,1.2881,7.5915,108283093,1845563536.0,28785666839.4,24676399880.8
3964,2020-07-30,sh600988,³à·å»Æ½ð,16.7,17.29,16.6,17.29,17.3,-0.6,-3.4682,7.026,100218228,1689888310.0,27787320012.6,23820570983.2
3965,2020-07-31,sh600988,³à·å»Æ½ð,18.3,18.36,16.62,16.9,16.7,1.6,9.5808,9.6395,137495646,2417609566.0,30449578217.4,26102781376.8
3966,2020-08-03,sh600988,³à·å»Æ½ð,18.79,19.26,17.55,17.9,18.3,0.49,2.6776,8.6865,123902870,2268707619.0,31264894792.6,26801708309.8
3967,2020-08-04,sh600988,³à·å»Æ½ð,19.13,19.64,18.6,18.66,18.79,0.34,1.8095,7.5899,108260304,2072370517.0,31830624661.1,27286678018.5
3968,2020-08-05,sh600988,³à·å»Æ½ð,21.04,21.04,19.64,20.11,19.13,1.91,9.9843,9.1565,130607228,2672229709.0,35008695393.1,30011066675.8
3969,2020-08-06,sh600988,³à·å»Æ½ð,23.14,23.14,21.03,21.08,21.04,2.1,9.981,9.0771,129473874,2888294323.0,38502909286.9,33006467817.4
3970,2020-08-07,sh600988,³à·å»Æ½ð,23.61,25.4,22.3,24.13,23.14,0.47,2.0311,14.5238,207164720,4993056785.0,39284947634.6,33676867120.6
3971,2020-08-10,sh600988,³à·å»Æ½ð,23.51,24.38,22.18,22.8,23.61,-0.1,-0.4235,10.1594,144912422,3382511014.0,39118556496.8,33534228971.0
3972,2020-08-11,sh600988,³à·å»Æ½ð,21.16,22.92,21.16,22.55,23.51,-2.35,-9.9957,10.7404,153198860,3365420209.0,35208364758.5,30182232455.4
3973,2020-08-12,sh600988,³à·å»Æ½ð,19.04,19.04,19.04,19.04,21.16,-2.12,-10.0189,2.2141,31581500,601311760.0,31680872637.1,27158303683.8
3974,2020-08-13,sh600988,³à·å»Æ½ð,19.08,19.45,18.5,19.25,19.04,0.04,0.2101,8.4251,120173594,2283843781.0,31747429092.2,27215358943.7
3975,2020-08-14,sh600988,³à·å»Æ½ð,19.55,20.19,19.18,19.48,19.08,0.47,2.4633,6.8939,98333773,1938879123.0,32529467439.9,27885758246.8
3976,2020-08-17,sh600988,³à·å»Æ½ð,21.5,21.51,19.02,19.1,19.55,1.95,9.9744,8.7364,124613934,2545103441.0,35774094627.0,30667202164.0
3977,2020-08-18,sh600988,³à·å»Æ½ð,23.65,23.65,22.22,22.59,21.5,2.15,10.0,9.6022,136963346,3153584409.0,39351504089.7,33733922380.4
3978,2020-08-19,sh600988,³à·å»Æ½ð,22.57,23.65,22.24,23.65,23.65,-1.08,-4.5666,9.2617,132107486,3015768787.0,37554479801.5,32193430364.7
3979,2020-08-20,sh600988,³à·å»Æ½ð,21.6,22.48,20.62,20.62,22.57,-0.97,-4.2977,7.3049,104196351,2252769198.0,35940485764.8,30809840313.6
3980,2020-08-21,sh600988,³à·å»Æ½ð,21.01,22.18,20.8,21.9,21.6,-0.59,-2.7315,6.0653,86514160,1850373382.0,34958778051.8,29968275231.0
3981,2020-08-24,sh600988,³à·å»Æ½ð,21.62,21.88,20.62,20.72,21.01,0.61,2.9034,5.5162,78681626,1678291004.0,35973763992.4,30838367943.5
3982,2020-08-25,sh600988,³à·å»Æ½ð,20.35,21.57,19.91,21.2,21.62,-1.27,-5.8742,7.4132,105740301,2185914549.0,33860596542.3,29026863443.6
3983,2020-08-26,sh600988,³à·å»Æ½ð,19.32,20.35,19.15,20.0,20.35,-1.03,-5.0614,6.6519,94881074,1862741028.0,32146767823.0,27557690502.7
3984,2020-08-27,sh600988,³à·å»Æ½ð,20.02,20.21,19.62,19.94,19.32,0.7,3.6232,4.8339,68949395,1372064197.0,33311505787.6,28556157549.9
3985,2020-08-28,sh600988,³à·å»Æ½ð,20.23,20.6,19.34,19.6,20.02,0.21,1.049,5.7125,81481513,1629132130.0,33660927176.9,28855697664.1
3986,2020-08-31,sh600988,³à·å»Æ½ð,20.74,21.8,20.66,20.95,20.23,0.51,2.521,7.3113,104286644,2201470186.0,34509521979.7,29583152227.0
3987,2020-09-01,sh600988,³à·å»Æ½ð,22.1,22.16,20.99,21.2,20.74,1.36,6.5574,8.0272,114498173,2478209185.0,36772441453.8,31523031061.6
3988,2020-09-02,sh600988,³à·å»Æ½ð,21.09,21.42,20.8,21.3,22.1,-1.01,-4.5701,6.4761,92373488,1948395118.0,35091890962.0,30082385750.6
3989,2020-09-03,sh600988,³à·å»Æ½ð,20.34,20.98,20.12,20.49,21.09,-0.75,-3.5562,5.1573,73562875,1503945102.0,33843957428.5,29012599628.6
3990,2020-09-04,sh600988,³à·å»Æ½ð,20.53,20.86,20.05,20.14,20.34,0.19,0.9341,4.0512,57785393,1184291447.0,34160100590.3,29283612112.9
3991,2020-09-07,sh600988,³à·å»Æ½ð,18.97,20.68,18.48,20.44,20.53,-1.56,-7.5986,8.627,123054000,2399964518.0,31564398840.7,27058456979.1
3992,2020-09-08,sh600988,³à·å»Æ½ð,17.76,18.55,17.07,18.5,18.97,-1.21,-6.3785,10.0795,143772790,2527393377.0,29551066073.3,25332535369.0
3993,2020-09-09,sh600988,³à·å»Æ½ð,17.1,17.42,16.67,17.14,17.76,-0.66,-3.7162,6.3721,90891045,1547645997.0,28452884563.8,24391123581.6
3994,2020-09-10,sh600988,³à·å»Æ½ð,17.12,17.8,16.89,17.65,17.1,0.02,0.117,5.2881,75428401,1314237258.0,28486162791.4,24419651211.5
3995,2020-09-11,sh600988,³à·å»Æ½ð,16.93,17.12,16.25,16.84,17.12,-0.19,-1.1098,4.8408,69048290,1150327191.0,28170019629.5,24148638727.3
3996,2020-09-14,sh600988,³à·å»Æ½ð,17.16,17.53,16.7,17.0,16.93,0.23,1.3585,5.1792,73875040,1263248758.0,28552719246.5,24476706471.4
3997,2020-09-15,sh600988,³à·å»Æ½ð,18.32,18.59,17.1,17.23,17.16,1.16,6.7599,7.2879,103953837,1848932599.0,30482856445.0,26131309006.7
3998,2020-09-16,sh600988,³à·å»Æ½ð,17.81,18.07,17.62,17.69,18.32,-0.51,-2.7838,4.3604,62196599,1108789061.0,29634261642.2,25403854443.8
3999,2020-09-17,sh600988,³à·å»Æ½ð,16.81,17.6,16.38,17.6,17.81,-1.0,-5.6148,6.067,86539159,1463222160.0,27970350264.2,23977472947.8
4000,2020-09-18,sh600988,³à·å»Æ½ð,17.28,17.32,16.88,17.0,16.81,0.47,2.796,3.8667,55153613,943750813.0,28752388611.8,24647872250.9
4001,2020-09-21,sh600988,³à·å»Æ½ð,17.18,17.36,16.91,17.12,17.28,-0.1,-0.5787,2.6404,37661734,646015327.0,28585997474.0,24505234101.3
4002,2020-09-22,sh600988,³à·å»Æ½ð,16.49,16.92,16.13,16.21,17.18,-0.69,-4.0163,4.825,68822873,1133000142.0,27437898623.2,23521030869.0
4003,2020-09-23,sh600988,³à·å»Æ½ð,16.33,16.55,16.07,16.49,16.49,-0.16,-0.9703,4.2246,60259240,980184176.0,27171672802.7,23292809829.7
4004,2020-09-24,sh600988,³à·å»Æ½ð,15.89,16.4,15.8,16.31,16.33,-0.44,-2.6944,3.9551,56415079,906341739.0,26439551796.4,22665201971.4
4005,2020-09-25,sh600988,³à·å»Æ½ð,16.26,16.38,15.98,16.19,15.89,0.37,2.3285,3.9861,56856380,921706494.0,27055199006.3,23192963125.0
4006,2020-09-28,sh600988,³à·å»Æ½ð,17.33,17.7,16.2,16.65,16.26,1.07,6.5806,7.9628,113580251,1937964354.0,28835584180.7,24719191325.7
4007,2020-09-29,sh600988,³à·å»Æ½ð,17.54,18.27,17.47,17.85,17.33,0.21,1.2118,5.4663,77970353,1393591544.0,29185005570.1,25018731439.8
4008,2020-09-30,sh600988,³à·å»Æ½ð,17.53,18.1,17.26,17.85,17.54,-0.01,-0.057,4.1253,58842854,1041752253.0,29168366456.3,25004467624.9
4009,2020-10-09,sh600988,³à·å»Æ½ð,18.05,18.3,17.59,17.65,17.53,0.52,2.9663,4.8996,69886409,1256359353.0,30033600372.9,25746186002.8
4010,2020-10-12,sh600988,³à·å»Æ½ð,18.74,18.85,18.32,18.4,18.05,0.69,3.8227,4.9595,70741736,1317518211.0,31181699223.7,26730389235.0
4011,2020-10-13,sh600988,³à·å»Æ½ð,18.46,18.56,18.06,18.37,18.74,-0.28,-1.4941,4.1305,58916646,1079504714.0,30715804037.9,26331002416.2
4012,2020-10-14,sh600988,³à·å»Æ½ð,18.29,18.3,17.75,17.81,18.46,-0.17,-0.9209,3.54,50494551,910566640.0,30432939103.6,26088517561.8
4013,2020-10-15,sh600988,³à·å»Æ½ð,18.16,18.45,17.91,18.26,18.29,-0.13,-0.7108,2.529,36073889,656164778.0,30216630624.5,25903087967.4
4014,2020-10-16,sh600988,³à·å»Æ½ð,18.43,18.92,18.24,18.44,18.16,0.27,1.4868,4.1311,58925066,1090526728.0,30665886696.5,26288210971.3
4015,2020-10-19,sh600988,³à·å»Æ½ð,19.25,19.4,17.87,18.09,18.43,0.82,4.4493,7.2244,103046837,1935232568.0,32030294026.5,27457843798.0
4016,2020-10-20,sh600988,³à·å»Æ½ð,18.71,18.94,18.38,18.9,19.25,-0.54,-2.8052,4.5922,65501624,1222582734.0,31131781882.4,26687597790.2
4017,2020-10-21,sh600988,³à·å»Æ½ð,18.99,19.32,18.82,19.02,18.71,0.28,1.4965,4.5516,64923150,1239888609.0,31597677068.2,27086984609.0
4018,2020-10-22,sh600988,³à·å»Æ½ð,18.67,19.08,18.34,19.02,18.99,-0.32,-1.6851,3.1136,44411672,827480599.0,31065225427.3,26630542530.3
4019,2020-10-23,sh600988,³à·å»Æ½ð,17.9,18.42,17.78,18.28,18.67,-0.77,-4.1243,4.1753,59556076,1078029806.0,29784013666.2,25532228778.4
4020,2020-10-26,sh600988,³à·å»Æ½ð,17.7,17.98,17.17,17.7,17.9,-0.2,-1.1173,2.385,34019530,598020410.0,29451231390.6,25246952479.2
4021,2020-10-27,sh600988,³à·å»Æ½ð,18.49,18.65,17.86,17.95,17.7,0.79,4.4633,3.7457,53427717,976077097.0,30765721379.2,26373793861.0
4022,2020-10-28,sh600988,³à·å»Æ½ð,18.4,18.55,18.08,18.28,18.49,-0.09,-0.4867,2.5728,36698030,672835155.0,30615969355.2,26245419526.4
4023,2020-10-29,sh600988,³à·å»Æ½ð,18.04,18.14,17.5,17.81,18.4,-0.36,-1.9565,3.1107,44369952,794468581.0,30016961259.1,25731922187.8
4024,2020-10-30,sh600988,³à·å»Æ½ð,17.74,18.33,17.63,18.06,18.04,-0.3,-1.663,2.7875,39760503,713760697.0,29517787845.7,25304007739.0
4025,2020-11-02,sh600988,³à·å»Æ½ð,18.41,18.53,17.7,17.79,17.74,0.67,3.7768,3.5868,51160843,931443562.0,30632608469.0,26259683341.4
4026,2020-11-03,sh600988,³à·å»Æ½ð,19.17,19.32,18.45,18.49,18.41,0.76,4.1282,5.2866,75407628,1431221228.0,31897181116.3,27343733278.3
4027,2020-11-04,sh600988,³à·å»Æ½ð,18.68,19.24,18.45,19.24,19.17,-0.49,-2.5561,4.0485,57746915,1081075934.0,31081864541.0,26644806345.3
4028,2020-11-05,sh600988,³à·å»Æ½ð,18.93,19.17,18.47,18.77,18.68,0.25,1.3383,3.6524,52097801,982326362.0,31497842385.5,27001401719.3
4029,2020-11-06,sh600988,³à·å»Æ½ð,19.87,20.55,19.55,19.55,18.93,0.94,4.9657,7.9506,113406160,2269665945.0,33061919080.9,28342200325.5
4030,2020-11-09,sh600988,³à·å»Æ½ð,20.3,20.76,19.57,20.0,19.87,0.43,2.1641,6.494,92628820,1860168401.0,33777400973.4,28955544368.8
4031,2020-11-10,sh600988,³à·å»Æ½ð,19.05,19.08,18.38,18.71,20.3,-1.25,-6.1576,7.7254,110193027,2065777925.0,31697511750.9,27172567498.8
4032,2020-11-11,sh600988,³à·å»Æ½ð,18.65,18.88,18.52,18.69,19.05,-0.4,-2.0997,3.4457,49148247,917591860.0,31031947199.7,26602014900.4
4033,2020-11-12,sh600988,³à·å»Æ½ð,18.65,18.85,18.21,18.5,18.65,0.0,0.0,2.5482,36347576,675331804.0,31031947199.7,26602014900.4
4034,2020-11-13,sh600988,³à·å»Æ½ð,18.63,18.99,18.46,18.78,18.65,-0.02,-0.1072,2.3554,33597614,627885946.0,30998668972.1,26573487270.5
4035,2020-11-16,sh600988,³à·å»Æ½ð,19.32,19.5,18.74,18.86,18.63,0.69,3.7037,4.7022,67071569,1288672136.0,32146767823.0,27557690502.7
4036,2020-11-17,sh600988,³à·å»Æ½ð,18.7,19.0,18.4,18.97,19.32,-0.62,-3.2091,4.2224,60227819,1129132899.0,31115142768.6,26673333975.2
4037,2020-11-18,sh600988,³à·å»Æ½ð,18.52,18.83,18.28,18.4,18.7,-0.18,-0.9626,2.1824,31129576,577591592.0,30815638720.6,26416585305.9
4038,2020-11-19,sh600988,³à·å»Æ½ð,18.21,18.32,17.93,18.32,18.52,-0.31,-1.6739,2.4846,35439526,642784332.0,30299826193.4,25974407042.2
4039,2020-11-20,sh600988,³à·å»Æ½ð,18.37,18.47,18.15,18.15,18.21,0.16,0.8786,2.2272,31768935,582571924.0,30566052013.9,26202628081.5
4040,2020-11-23,sh600988,³à·å»Æ½ð,18.24,18.58,18.18,18.49,18.37,-0.13,-0.7077,3.0676,43755032,800058983.0,30349743534.7,26017198487.0
4041,2020-11-24,sh600988,³à·å»Æ½ð,17.22,17.51,17.11,17.48,18.24,-1.02,-5.5921,5.8031,82774424,1429586024.0,28652553929.2,24562289361.1
4042,2020-11-25,sh600988,³à·å»Æ½ð,17.1,17.12,16.68,16.95,17.22,-0.12,-0.6969,3.5676,50888249,860320817.0,28452884563.8,24391123581.6
4043,2020-11-26,sh600988,³à·å»Æ½ð,16.94,17.14,16.72,17.11,17.1,-0.16,-0.9357,2.2665,32329434,546499075.0,28186658743.3,24162902542.2
4044,2020-11-27,sh600988,³à·å»Æ½ð,17.09,17.2,16.95,16.97,16.94,0.15,0.8855,1.9673,28061591,479126428.0,28436245450.0,24376859766.6
4045,2020-11-30,sh600988,³à·å»Æ½ð,17.34,17.34,16.31,16.65,17.09,0.25,1.4628,4.0883,58314717,975130570.0,28852223294.5,24733455140.6
4046,2020-12-01,sh600988,³à·å»Æ½ð,17.24,17.36,16.8,17.1,17.34,-0.1,-0.5767,3.2903,46931852,802128216.0,28685832156.7,24590816991.0
4047,2020-12-02,sh600988,³à·å»Æ½ð,17.43,17.95,17.26,17.75,17.24,0.19,1.1021,4.5319,64641558,1139216438.0,29001975318.5,24861829475.3
4048,2020-12-03,sh600988,³à·å»Æ½ð,17.42,17.66,17.18,17.6,17.43,-0.01,-0.0574,2.4119,34402991,599428689.0,28985336204.8,24847565660.3
4049,2020-12-04,sh600988,³à·å»Æ½ð,17.21,17.45,17.21,17.36,17.42,-0.21,-1.2055,1.9866,28337029,490132764.0,28635914815.4,24548025546.2
4050,2020-12-07,sh600988,³à·å»Æ½ð,17.27,17.4,16.6,17.16,17.21,0.06,0.3486,3.5204,50214273,855145629.0,28735749498.1,24633608435.9
4051,2020-12-08,sh600988,³à·å»Æ½ð,18.03,18.4,17.51,17.7,17.27,0.76,4.4007,6.1949,88362278,1591498835.0,30000322145.3,25717658372.9
4052,2020-12-09,sh600988,³à·å»Æ½ð,17.34,18.02,17.31,17.8,18.03,-0.69,-3.827,3.8947,55553094,977705078.0,28852223294.5,24733455140.6
4053,2020-12-10,sh600988,³à·å»Æ½ð,17.04,17.37,16.83,16.88,17.34,-0.3,-1.7301,2.3905,34097809,582499642.0,28353049881.1,24305540691.8
4054,2020-12-11,sh600988,³à·å»Æ½ð,16.83,17.18,16.6,17.02,17.04,-0.21,-1.2324,2.4271,34619391,582643752.0,28003628491.7,24006000577.7
4055,2020-12-14,sh600988,³à·å»Æ½ð,16.62,16.75,16.41,16.68,16.83,-0.21,-1.2478,2.2682,32352689,535639381.0,27654207102.4,23706460463.5
4056,2020-12-15,sh600988,³à·å»Æ½ð,17.2,17.27,16.17,16.49,16.62,0.58,3.4898,3.6318,51803178,868692567.0,28619275701.6,24533761731.2
4057,2020-12-16,sh600988,³à·å»Æ½ð,17.34,17.78,17.19,17.5,17.2,0.14,0.814,3.325,47426867,825546116.0,28852223294.5,24733455140.6
4058,2020-12-17,sh600988,³à·å»Æ½ð,17.75,17.87,17.42,17.7,17.34,0.41,2.3645,3.44,49068049,867557138.0,29534426959.5,25318271554.0
4059,2020-12-18,sh600988,³à·å»Æ½ð,17.94,18.37,17.88,17.98,17.75,0.19,1.0704,4.1009,58494712,1059544427.0,29850570121.3,25589284038.2
4060,2020-12-21,sh600988,³à·å»Æ½ð,18.83,19.07,18.25,18.31,17.94,0.89,4.961,5.2319,74627226,1391720428.0,31331451247.7,26858763569.7
4061,2020-12-22,sh600988,³à·å»Æ½ð,17.81,18.54,17.78,18.53,18.83,-1.02,-5.4169,4.4339,63243964,1151413785.0,29634261642.2,25403854443.8
4062,2020-12-23,sh600988,³à·å»Æ½ð,17.72,17.94,17.49,17.68,17.81,-0.09,-0.5053,2.3127,32988564,583554673.0,29484509618.2,25275480109.1
4063,2020-12-24,sh600988,³à·å»Æ½ð,17.9,18.17,17.74,17.88,17.72,0.18,1.0158,1.9264,27478503,492529030.0,29784013666.2,25532228778.4
4064,2020-12-25,sh600988,³à·å»Æ½ð,17.96,18.19,17.51,17.79,17.9,0.06,0.3352,1.7218,24560097,440337805.0,29883848348.9,25617811668.2
4065,2020-12-28,sh600988,³à·å»Æ½ð,18.12,18.55,17.9,18.3,17.96,0.16,0.8909,2.6639,37997659,693276788.0,30150074169.4,25846032707.5
4066,2020-12-29,sh600988,³à·å»Æ½ð,17.4,17.91,17.38,17.88,18.12,-0.72,-3.9735,2.3248,33160540,584893046.0,28952057977.2,24819038030.4
4067,2020-12-30,sh600988,³à·å»Æ½ð,17.8,17.89,17.42,17.42,17.4,0.4,2.2989,1.8739,26729433,473456055.0,29617622528.4,25389590628.8
4068,2020-12-31,sh600988,³à·å»Æ½ð,17.91,18.19,17.66,18.09,17.8,0.11,0.618,1.9254,27464212,492273415.0,29800652780.0,25546492593.4
4069,2021-01-04,sh600988,³à·å»Æ½ð,18.8,19.15,18.3,18.32,17.91,0.89,4.9693,4.9285,70298856,1319280780.0,31281533906.4,26815972124.8
4070,2021-01-05,sh600988,³à·å»Æ½ð,19.23,19.49,18.86,19.2,18.8,0.43,2.2872,4.9868,71130570,1364743490.0,31997015798.9,27429316168.1
4071,2021-01-06,sh600988,³à·å»Æ½ð,19.08,19.35,18.8,19.24,19.23,-0.15,-0.78,3.0865,44025658,839303237.0,31747429092.2,27215358943.7
4072,2021-01-07,sh600988,³à·å»Æ½ð,18.98,19.07,18.5,18.65,19.08,-0.1,-0.5241,3.2938,46982429,882752697.0,31581037954.4,27072720794.1
4073,2021-01-08,sh600988,³à·å»Æ½ð,18.1,18.75,18.02,18.63,18.98,-0.88,-4.6365,3.4459,49151796,895986638.0,30116795941.8,25817505077.6
4074,2021-01-11,sh600988,³à·å»Æ½ð,17.14,17.49,16.7,17.05,18.1,-0.96,-5.3039,5.2044,74235205,1264342384.0,28519441018.9,24448178841.4
4075,2021-01-12,sh600988,³à·å»Æ½ð,17.19,17.22,16.8,16.97,17.14,0.05,0.2917,2.6571,37900630,644098647.0,28602636587.8,24519497916.2
4076,2021-01-13,sh600988,³à·å»Æ½ð,16.99,17.52,16.8,17.16,17.19,-0.2,-1.1635,3.2275,46036264,788712623.0,28269854312.2,24234221617.0
4077,2021-01-14,sh600988,³à·å»Æ½ð,16.59,16.93,16.51,16.81,16.99,-0.4,-2.3543,2.7838,39707779,660810888.0,27604289761.0,23663669018.6
4078,2021-01-15,sh600988,³à·å»Æ½ð,16.79,16.82,16.5,16.65,16.59,0.2,1.2055,2.1163,30186224,503079834.0,27937072036.6,23948945317.8
4079,2021-01-18,sh600988,³à·å»Æ½ð,16.78,16.8,16.16,16.45,16.79,-0.01,-0.0596,2.179,31080189,514449843.0,27920432922.8,23934681502.9
4080,2021-01-19,sh600988,³à·å»Æ½ð,16.92,17.44,16.9,17.44,16.78,0.14,0.8343,2.7014,38532929,656312611.0,28153380515.8,24134374912.3
4081,2021-01-20,sh600988,³à·å»Æ½ð,17.03,17.05,16.81,16.95,16.92,0.11,0.6501,1.9004,27107077,459602760.0,28336410767.3,24291276876.9
4082,2021-01-21,sh600988,³à·å»Æ½ð,17.0,17.24,16.89,17.19,17.03,-0.03,-0.1762,2.1775,31059360,528953276.0,28286493426.0,24248485432.0
4083,2021-01-22,sh600988,³à·å»Æ½ð,16.67,16.93,16.55,16.85,17.0,-0.33,-1.9412,2.2015,33796404,563430463.0,27737402671.3,25590508745.0
4084,2021-01-25,sh600988,³à·å»Æ½ð,16.45,16.82,16.33,16.67,16.67,-0.22,-1.3197,2.2157,34013258,563084654.0,27371342168.1,25252781575.0
4085,2021-01-26,sh600988,³à·å»Æ½ð,16.98,17.2,16.25,16.45,16.45,0.53,3.2219,3.2903,50510370,843155790.0,28253215198.4,26066397030.0
4086,2021-01-27,sh600988,³à·å»Æ½ð,16.59,16.74,16.33,16.61,16.98,-0.39,-2.2968,2.1437,32907700,543232211.0,27604289761.0,25467698865.0
4087,2021-01-28,sh600988,³à·å»Æ½ð,16.27,16.59,16.21,16.34,16.59,-0.32,-1.9289,1.4329,21996921,360174505.0,27071838120.1,24976459345.0
4088,2021-01-29,sh600988,³à·å»Æ½ð,16.38,16.5,16.0,16.41,16.27,0.11,0.6761,1.7189,26387230,429953131.0,27254868371.6,25145322930.0
4089,2021-02-01,sh600988,³à·å»Æ½ð,17.0,17.19,16.36,16.43,16.38,0.62,3.7851,2.8324,43481243,732744396.0,28286493426.0,26097099500.0
4090,2021-02-02,sh600988,³à·å»Æ½ð,16.72,16.85,16.51,16.84,17.0,-0.28,-1.6471,1.8419,28275381,471824478.0,27820598240.2,25667264920.0
4091,2021-02-03,sh600988,³à·å»Æ½ð,16.3,16.48,16.2,16.41,16.72,-0.42,-2.512,1.7585,26994544,440352708.0,27121755461.4,25022513050.0
4092,2021-02-04,sh600988,³à·å»Æ½ð,15.2,16.29,14.93,16.29,16.3,-1.1,-6.7485,3.8354,58878008,906918450.0,25291452945.6,23333877200.0
4093,2021-02-05,sh600988,³à·å»Æ½ð,14.0,14.92,13.85,14.65,15.2,-1.2,-7.8947,5.0379,77337727,1103838836.0,23294759292.0,21491729000.0
4094,2021-02-08,sh600988,³à·å»Æ½ð,14.81,15.1,14.07,14.2,14.0,0.81,5.7857,3.0312,46532907,683658020.0,24642527508.2,22735179035.0
4095,2021-02-09,sh600988,³à·å»Æ½ð,15.72,15.84,15.0,15.01,14.81,0.91,6.1445,3.1631,48556920,757626388.0,26156686862.2,24132141420.0
4096,2021-02-10,sh600988,³à·å»Æ½ð,15.86,16.05,15.52,15.59,15.72,0.14,0.8906,2.5176,38648207,611716120.0,26389634455.1,24347058710.0
4097,2021-02-18,sh600988,³à·å»Æ½ð,16.25,16.5,15.4,15.56,15.86,0.39,2.459,5.0488,77504781,1237932511.0,27038559892.5,24945756875.0
4098,2021-02-19,sh600988,³à·å»Æ½ð,16.82,17.04,15.83,15.89,16.25,0.57,3.5077,4.0731,62527609,1030248790.0,27986989378.0,25820777270.0
4099,2021-02-22,sh600988,³à·å»Æ½ð,17.25,18.1,16.46,17.13,16.82,0.43,2.5565,7.2566,111398453,1958751581.0,28702471270.5,26480880375.0
4100,2021-02-23,sh600988,³à·å»Æ½ð,18.47,18.7,17.34,17.58,17.25,1.22,7.0725,7.4641,114583783,2088560772.0,30732443151.7,28353731045.0
4101,2021-02-24,sh600988,³à·å»Æ½ð,17.57,18.26,17.41,18.12,18.47,-0.9,-4.8728,4.9025,75259058,1342963860.0,29234922911.5,26972119895.0
4102,2021-02-25,sh600988,³à·å»Æ½ð,17.33,17.93,17.17,17.79,17.57,-0.24,-1.366,3.3015,50682224,888694184.0,28835584180.7,26603690255.0
4103,2021-02-26,sh600988,³à·å»Æ½ð,16.79,17.2,16.34,16.6,17.33,-0.54,-3.116,3.1353,48130067,809664286.0,27937072036.6,25774723565.0
4104,2021-03-01,sh600988,³à·å»Æ½ð,16.82,16.96,16.53,16.82,16.79,0.03,0.1787,2.4884,38199854,638452672.0,27986989378.0,25820777270.0
4105,2021-03-02,sh600988,³à·å»Æ½ð,15.94,16.61,15.6,16.6,16.82,-0.88,-5.2319,3.8525,59141013,942640542.0,26522747365.3,24469868590.0
4106,2021-03-03,sh600988,³à·å»Æ½ð,15.87,16.24,15.71,15.94,15.94,-0.07,-0.4391,2.6205,40227377,638607143.0,26406273568.9,24362409945.0
4107,2021-03-04,sh600988,³à·å»Æ½ð,15.23,15.65,15.15,15.57,15.87,-0.64,-4.0328,2.7651,42448344,652289333.0,25341370286.9,23379930905.0
4108,2021-03-05,sh600988,³à·å»Æ½ð,15.48,15.53,14.41,14.8,15.23,0.25,1.6415,2.7666,42471095,640640738.0,25757348131.4,23763711780.0
4109,2021-03-08,sh600988,³à·å»Æ½ð,15.01,15.74,14.95,15.7,15.48,-0.47,-3.0362,2.4164,37095269,567224906.0,24975309783.8,23042203735.0
4110,2021-03-09,sh600988,³à·å»Æ½ð,14.58,15.0,14.37,14.81,15.01,-0.43,-2.8648,1.993,30595506,448168835.0,24259827891.2,22382100630.0
4111,2021-03-10,sh600988,³à·å»Æ½ð,14.68,15.09,14.58,15.04,14.58,0.1,0.6859,1.4663,22508877,332505246.0,24426219029.0,22535612980.0
4112,2021-03-11,sh600988,³à·å»Æ½ð,15.49,15.5,14.82,14.86,14.68,0.81,5.5177,2.885,44288947,674690565.0,25773987245.2,23779063015.0
4113,2021-03-12,sh600988,³à·å»Æ½ð,15.04,15.38,14.9,15.38,15.49,-0.45,-2.9051,1.9561,30027799,452680128.0,25025227125.1,23088257440.0
4114,2021-03-15,sh600988,³à·å»Æ½ð,15.34,15.55,15.08,15.31,15.04,0.3,1.9947,2.2294,34223653,525529595.0,25524400538.5,23548794490.0
4115,2021-03-16,sh600988,³à·å»Æ½ð,15.2,15.4,14.9,15.34,15.34,-0.14,-0.9126,1.318,20232552,306222210.0,25291452945.6,23333877200.0
4116,2021-03-17,sh600988,³à·å»Æ½ð,15.3,15.41,14.9,15.02,15.2,0.1,0.6579,1.5693,24090815,366619753.0,25457844083.4,23487389550.0
4117,2021-03-18,sh600988,³à·å»Æ½ð,15.72,15.85,15.48,15.65,15.3,0.42,2.7451,2.2853,35081988,550573973.0,26156686862.2,24132141420.0
4118,2021-03-19,sh600988,³à·å»Æ½ð,15.61,15.65,15.06,15.1,15.72,-0.11,-0.6997,1.6803,25794119,395965191.0,25973656610.6,23963277835.0
4119,2021-03-22,sh600988,³à·å»Æ½ð,15.63,15.83,15.23,15.49,15.61,0.02,0.1281,2.0097,30851261,481285007.0,26006934838.1,23993980305.0
4120,2021-03-23,sh600988,³à·å»Æ½ð,15.38,15.69,15.24,15.62,15.63,-0.25,-1.5995,1.491,22889311,352137429.0,25590956993.6,23610199430.0
4121,2021-03-24,sh600988,³à·å»Æ½ð,15.4,15.77,15.05,15.1,15.38,0.02,0.13,1.7577,26982781,417554291.0,25624235221.2,23640901900.0
4122,2021-03-25,sh600988,³à·å»Æ½ð,14.76,15.3,14.5,15.09,15.4,-0.64,-4.1558,2.9178,44791852,665061585.0,24559331939.3,22658422860.0
4123,2021-03-26,sh600988,³à·å»Æ½ð,14.88,14.91,14.52,14.65,14.76,0.12,0.813,1.3837,21241650,313104831.0,24759001304.6,22842637680.0
4124,2021-03-29,sh600988,³à·å»Æ½ð,14.76,14.94,14.72,14.9,14.88,-0.12,-0.8065,0.9745,14959074,221452278.0,24559331939.3,22658422860.0
4125,2021-03-30,sh600988,³à·å»Æ½ð,14.63,14.68,14.45,14.58,14.76,-0.13,-0.8808,1.2183,18702605,272311244.0,24343023460.1,22458856805.0
4126,2021-03-31,sh600988,³à·å»Æ½ð,14.52,14.53,14.34,14.4,14.63,-0.11,-0.7519,1.1039,16945572,244269706.0,24159993208.6,22289993220.0
4127,2021-04-01,sh600988,³à·å»Æ½ð,14.9,14.98,14.61,14.64,14.52,0.38,2.6171,1.6017,24588059,363549940.0,24792279532.2,22873340150.0
4128,2021-04-02,sh600988,³à·å»Æ½ð,15.51,15.68,15.17,15.2,14.9,0.61,4.094,2.9552,45365306,700566243.0,25807265472.8,23809765485.0
4129,2021-04-06,sh600988,³à·å»Æ½ð,15.4,15.75,15.28,15.65,15.51,-0.11,-0.7092,1.5485,23771627,367482444.0,25624235221.2,23640901900.0
4130,2021-04-07,sh600988,³à·å»Æ½ð,15.51,15.61,15.31,15.5,15.4,0.11,0.7143,1.5506,23804289,368636464.0,25807265472.8,23809765485.0
4131,2021-04-08,sh600988,³à·å»Æ½ð,15.56,15.74,15.32,15.36,15.51,0.05,0.3224,1.7061,26190629,406818833.0,25890461041.7,23886521660.0
4132,2021-04-09,sh600988,³à·å»Æ½ð,15.86,16.38,15.75,15.75,15.56,0.3,1.928,2.7678,42488856,681280709.0,26389634455.1,24347058710.0
4133,2021-04-12,sh600988,³à·å»Æ½ð,15.41,15.78,15.3,15.56,15.86,-0.45,-2.8373,1.6587,25463179,394024471.0,25640874335.0,23656253135.0
4134,2021-04-13,sh600988,³à·å»Æ½ð,14.95,15.3,14.81,15.16,15.41,-0.46,-2.9851,1.9163,29417846,442100476.0,24875475101.1,22950096325.0
4135,2021-04-14,sh600988,³à·å»Æ½ð,15.05,15.2,14.94,15.18,14.95,0.1,0.6689,0.8266,12689240,190876135.0,25041866238.9,23103608675.0
4136,2021-04-15,sh600988,³à·å»Æ½ð,15.12,15.18,14.67,15.02,15.05,0.07,0.4651,1.1805,18122894,270923879.0,25158340035.4,23211067320.0
4137,2021-04-16,sh600988,³à·å»Æ½ð,16.0,16.1,15.5,15.5,15.12,0.88,5.8201,3.7497,57562707,916968774.0,26622582048.0,24561976000.0
4138,2021-04-19,sh600988,³à·å»Æ½ð,16.22,16.6,16.11,16.21,16.0,0.22,1.375,3.0507,46832231,763285947.0,26988642551.2,24899703170.0
4139,2021-04-20,sh600988,³à·å»Æ½ð,16.09,16.3,15.62,15.85,16.22,-0.13,-0.8015,2.1545,33074516,528266427.0,26772334072.0,24700137115.0
4140,2021-04-21,sh600988,³à·å»Æ½ð,16.45,16.5,16.06,16.18,16.09,0.36,2.2374,2.1313,32717447,534100334.0,27371342168.1,25252781575.0
4141,2021-04-22,sh600988,³à·å»Æ½ð,16.33,16.81,16.27,16.62,16.45,-0.12,-0.7295,1.8475,28361110,468039804.0,27171672802.7,25068566755.0
4142,2021-04-23,sh600988,³à·å»Æ½ð,16.08,16.2,15.85,16.1,16.33,-0.25,-1.5309,1.5792,24242513,388972473.0,26755694958.2,24684785880.0
4143,2021-04-26,sh600988,³à·å»Æ½ð,15.87,16.21,15.85,16.0,16.08,-0.21,-1.306,1.7569,26970212,431853938.0,26406273568.9,24362409945.0
4144,2021-04-27,sh600988,³à·å»Æ½ð,15.59,15.85,15.35,15.6,15.87,-0.28,-1.7643,1.8066,27733059,432246845.0,25940378383.0,23932575365.0
4145,2021-04-28,sh600988,³à·å»Æ½ð,15.22,15.43,15.09,15.43,15.59,-0.37,-2.3733,1.6779,25757868,391381639.0,25324731173.2,23364579670.0
4146,2021-04-29,sh600988,³à·å»Æ½ð,15.37,15.56,15.28,15.5,15.22,0.15,0.9855,1.5784,24229730,373692081.0,25574317879.9,23594848195.0
4147,2021-04-30,sh600988,³à·å»Æ½ð,15.16,15.35,14.98,15.07,15.37,-0.21,-1.3663,2.1678,33277667,502963267.0,25224896490.5,23272472260.0
4148,2021-05-06,sh600988,³à·å»Æ½ð,15.58,15.67,15.2,15.21,15.16,0.42,2.7704,2.1647,33231362,514343591.0,25923739269.2,23917224130.0
4149,2021-05-07,sh600988,³à·å»Æ½ð,17.14,17.14,16.25,16.25,15.58,1.56,10.0128,7.1933,110425797,1880760283.0,28519441018.9,26312016790.0
4150,2021-05-10,sh600988,³à·å»Æ½ð,18.81,18.83,17.4,17.5,17.14,1.67,9.7433,10.1336,155562522,2856405723.0,31298173020.2,28875673035.0
4151,2021-05-11,sh600988,³à·å»Æ½ð,18.27,18.7,17.82,18.59,18.81,-0.54,-2.8708,5.5113,84605762,1548770150.0,30399660876.1,28046706345.0
4152,2021-05-12,sh600988,³à·å»Æ½ð,18.42,18.56,17.94,18.27,18.27,0.15,0.821,3.1411,48219167,879485400.0,30649247582.8,28276974870.0
4153,2021-05-13,sh600988,³à·å»Æ½ð,17.72,18.24,17.51,17.65,18.42,-0.7,-3.8002,3.8483,59076201,1051282834.0,29484509618.2,27202388420.0
4154,2021-05-14,sh600988,³à·å»Æ½ð,17.76,17.96,17.2,17.9,17.72,0.04,0.2257,3.3783,51861617,908311017.0,29551066073.3,27263793360.0
4155,2021-05-17,sh600988,³à·å»Æ½ð,18.43,18.6,17.61,18.2,17.76,0.67,3.7725,5.2681,80872558,1468530061.0,30665886696.5,28292326105.0
4156,2021-05-18,sh600988,³à·å»Æ½ð,18.7,19.49,18.59,19.4,18.43,0.27,1.465,5.3241,81731420,1557569457.0,31115142768.6,28706809450.0
4157,2021-05-19,sh600988,³à·å»Æ½ð,19.09,19.21,18.3,18.46,18.7,0.39,2.0856,3.8912,59735442,1121014964.0,31764068206.0,29305507615.0
4158,2021-05-20,sh600988,³à·å»Æ½ð,18.5,18.9,18.15,18.6,19.09,-0.59,-3.0906,3.6867,56595666,1049280528.0,30782360493.0,28399784750.0
4159,2021-05-21,sh600988,³à·å»Æ½ð,17.89,18.5,17.82,18.5,18.5,-0.61,-3.2973,2.6901,41296880,744612970.0,29767374552.4,27463359415.0
4160,2021-05-24,sh600988,³à·å»Æ½ð,18.21,18.49,17.95,18.14,17.89,0.32,1.7887,2.4201,37150943,676411265.0,30299826193.4,27954598935.0
4161,2021-05-25,sh600988,³à·å»Æ½ð,18.09,18.1,17.43,17.7,18.21,-0.12,-0.659,2.7778,42642425,755792111.0,30100156828.0,27770384115.0
4162,2021-05-26,sh600988,³à·å»Æ½ð,18.9,19.29,18.36,18.48,18.09,0.81,4.4776,4.4889,68909626,1295426260.0,31447925044.2,29013834150.0
4163,2021-05-27,sh600988,³à·å»Æ½ð,18.5,18.7,18.12,18.35,18.9,-0.4,-2.1164,2.5344,38906658,715037428.0,30782360493.0,28399784750.0
4164,2021-05-28,sh600988,³à·å»Æ½ð,18.0,18.4,17.8,18.39,18.5,-0.5,-2.7027,2.4345,37372135,676457685.0,29950404804.0,27632223000.0
4165,2021-05-31,sh600988,³à·å»Æ½ð,18.43,18.81,18.21,18.32,18.0,0.43,2.3889,2.5874,39720249,733715188.0,30665886696.5,28292326105.0
4166,2021-06-01,sh600988,³à·å»Æ½ð,18.76,18.83,18.32,18.54,18.43,0.33,1.7906,2.8349,43519683,808715377.0,31214977451.3,28798916860.0
4167,2021-06-02,sh600988,³à·å»Æ½ð,17.67,18.32,17.62,18.31,18.76,-1.09,-5.8102,3.5938,55169633,987958667.0,29401314049.3,27125632245.0
4168,2021-06-03,sh600988,³à·å»Æ½ð,17.44,17.81,17.25,17.75,17.67,-0.23,-1.3016,2.2124,33963349,597016361.0,29018614432.3,26772553840.0
4169,2021-06-04,sh600988,³à·å»Æ½ð,16.8,16.92,16.5,16.66,17.44,-0.64,-3.6697,3.8271,58750281,980257505.0,27953711150.4,25790074800.0
4170,2021-06-07,sh600988,³à·å»Æ½ð,16.93,17.1,16.78,16.81,16.8,0.13,0.7738,2.5206,38694637,655231175.0,28170019629.5,25989640855.0
4171,2021-06-08,sh600988,³à·å»Æ½ð,16.6,17.24,16.54,17.1,16.93,-0.33,-1.9492,2.5816,39631319,667432143.0,27620928874.8,25483050100.0
4172,2021-06-09,sh600988,³à·å»Æ½ð,16.77,16.81,16.38,16.4,16.6,0.17,1.0241,1.7134,26303204,437586686.0,27903793809.1,25744021095.0
4173,2021-06-10,sh600988,³à·å»Æ½ð,16.69,16.69,16.45,16.5,16.77,-0.08,-0.477,1.7612,27036845,448219248.0,27770680898.8,25621211215.0
4174,2021-06-11,sh600988,³à·å»Æ½ð,17.11,17.16,16.71,16.9,16.69,0.42,2.5165,2.9641,45502871,771912826.0,28469523677.6,26265963085.0
4175,2021-06-15,sh600988,³à·å»Æ½ð,16.2,16.44,15.79,16.44,17.11,-0.91,-5.3185,4.0808,62645407,1008139665.0,26955364323.6,24869000700.0
4176,2021-06-16,sh600988,³à·å»Æ½ð,16.11,16.28,15.75,15.8,16.2,-0.09,-0.5556,2.6311,40390099,650364502.0,26805612299.6,24730839585.0
4177,2021-06-17,sh600988,³à·å»Æ½ð,15.63,15.75,15.35,15.42,16.11,-0.48,-2.9795,2.7106,41611687,647264120.0,26006934838.1,23993980305.0
4178,2021-06-18,sh600988,³à·å»Æ½ð,15.54,15.58,15.06,15.18,15.63,-0.09,-0.5758,3.3019,50688463,771969951.0,25857182814.1,23855819190.0
4179,2021-06-21,sh600988,³à·å»Æ½ð,15.36,15.42,15.11,15.36,15.54,-0.18,-1.1583,2.6291,40360009,615045515.0,25557678766.1,23579496960.0
4180,2021-06-22,sh600988,³à·å»Æ½ð,15.36,15.48,15.27,15.4,15.36,0.0,0.0,1.8926,29053883,446621901.0,25557678766.1,23579496960.0
4181,2021-06-23,sh600988,³à·å»Æ½ð,15.48,15.48,15.12,15.3,15.36,0.12,0.7813,1.8865,28960466,443308878.0,25757348131.4,23763711780.0
4182,2021-06-24,sh600988,³à·å»Æ½ð,15.44,15.48,15.2,15.3,15.48,-0.04,-0.2584,1.865,28629825,440115101.0,25690791676.3,23702306840.0
4183,2021-06-25,sh600988,³à·å»Æ½ð,15.67,15.75,15.35,15.45,15.44,0.23,1.4896,2.2474,34500590,538781495.0,26073491293.3,24055385245.0
4184,2021-06-28,sh600988,³à·å»Æ½ð,15.34,15.52,15.26,15.52,15.67,-0.33,-2.1059,2.1456,32937294,505122521.0,25524400538.5,23548794490.0
4185,2021-06-29,sh600988,³à·å»Æ½ð,15.01,15.3,14.98,15.2,15.34,-0.33,-2.1512,2.1069,32343039,489055992.0,24975309783.8,23042203735.0
4186,2021-06-30,sh600988,³à·å»Æ½ð,14.99,15.11,14.72,14.84,15.01,-0.02,-0.1332,1.8373,28204808,420841933.0,24942031556.2,23011501265.0
4187,2021-07-01,sh600988,³à·å»Æ½ð,15.2,15.25,14.96,15.05,14.99,0.21,1.4009,1.778,27293732,412907720.0,25291452945.6,23333877200.0
4188,2021-07-02,sh600988,³à·å»Æ½ð,15.01,15.25,14.91,15.11,15.2,-0.19,-1.25,1.6398,25173587,379692863.0,24975309783.8,23042203735.0
4189,2021-07-05,sh600988,³à·å»Æ½ð,15.18,15.23,14.96,15.12,15.01,0.17,1.1326,1.4178,21764928,328824222.0,25258174718.0,23303174730.0
4190,2021-07-06,sh600988,³à·å»Æ½ð,15.89,15.92,15.18,15.18,15.18,0.71,4.6772,3.8066,58436550,909463694.0,26439551796.4,24393112415.0
4191,2021-07-07,sh600988,³à·å»Æ½ð,15.66,15.7,15.4,15.57,15.89,-0.23,-1.4475,2.4886,38202862,593564954.0,26056852179.5,24040034010.0
4192,2021-07-08,sh600988,³à·å»Æ½ð,15.24,15.6,15.18,15.54,15.66,-0.42,-2.682,2.1546,33075711,507669610.0,25358009400.7,23395282140.0
4193,2021-07-09,sh600988,³à·å»Æ½ð,15.56,15.8,15.17,15.2,15.24,0.32,2.0997,2.9706,45602588,709640980.0,25890461041.7,23886521660.0
4194,2021-07-12,sh600988,³à·å»Æ½ð,15.42,15.88,15.3,15.58,15.56,-0.14,-0.8997,2.8424,43634626,677594177.0,25657513448.8,23671604370.0
4195,2021-07-13,sh600988,³à·å»Æ½ð,15.55,15.65,15.3,15.42,15.42,0.13,0.8431,1.6941,26006522,402624307.0,25873821927.9,23871170425.0
4196,2021-07-14,sh600988,³à·å»Æ½ð,15.43,15.53,15.22,15.46,15.55,-0.12,-0.7717,1.476,22658738,348088254.0,25674152562.5,23686955605.0
4197,2021-07-15,sh600988,³à·å»Æ½ð,15.7,15.84,15.5,15.67,15.43,0.27,1.7498,2.5928,39803185,624528037.0,26123408634.6,24101438950.0
4198,2021-07-16,sh600988,³à·å»Æ½ð,15.45,15.64,15.38,15.64,15.7,-0.25,-1.5924,1.8585,28530831,441268457.0,25707430790.1,23717658075.0
4199,2021-07-19,sh600988,³à·å»Æ½ð,15.01,15.28,14.91,15.27,15.45,-0.44,-2.8479,2.2498,34537233,519008789.0,24975309783.8,23042203735.0
4200,2021-07-20,sh600988,³à·å»Æ½ð,15.28,15.45,15.1,15.1,15.01,0.27,1.7988,1.6209,24882612,380058006.0,25424565855.8,23456687080.0
4201,2021-07-21,sh600988,³à·å»Æ½ð,15.11,15.18,14.99,15.04,15.28,-0.17,-1.1126,2.1961,33712553,507544537.0,25141700921.6,23195716085.0
4202,2021-07-22,sh600988,³à·å»Æ½ð,15.12,15.16,14.92,14.98,15.11,0.01,0.0662,1.8757,28793703,433941395.0,25158340035.4,23211067320.0
4203,2021-07-23,sh600988,³à·å»Æ½ð,15.16,15.33,14.99,15.08,15.12,0.04,0.2646,2.1141,32454226,492622851.0,25224896490.5,23272472260.0
4204,2021-07-26,sh600988,³à·å»Æ½ð,14.99,15.21,14.88,15.1,15.16,-0.17,-1.1214,1.9052,29247632,438461480.0,24942031556.2,23011501265.0
4205,2021-07-27,sh600988,³à·å»Æ½ð,15.13,15.5,14.8,14.9,14.99,0.14,0.934,3.1753,48745470,742645551.0,25174979149.1,23226418555.0
4206,2021-07-28,sh600988,³à·å»Æ½ð,14.67,15.22,14.42,15.1,15.13,-0.46,-3.0403,2.1075,32353492,476419465.0,24409579915.3,22520261745.0
4207,2021-07-29,sh600988,³à·å»Æ½ð,15.51,15.96,14.93,15.05,14.67,0.84,5.726,3.6264,55669531,855406367.0,25807265472.8,23809765485.0
4208,2021-07-30,sh600988,³à·å»Æ½ð,15.78,15.86,15.41,15.8,15.51,0.27,1.7408,3.0045,46123133,722610379.0,26256521544.8,24224248830.0
4209,2021-08-02,sh600988,³à·å»Æ½ð,16.36,17.36,16.09,17.36,15.78,0.58,3.6755,7.452,114397315,1900046630.0,27221590144.1,25114620460.0
4210,2021-08-03,sh600988,³à·å»Æ½ð,15.28,16.35,15.13,16.15,16.36,-1.08,-6.6015,5.9285,91009637,1419529920.0,25424565855.8,23456687080.0
4211,2021-08-04,sh600988,³à·å»Æ½ð,15.46,15.55,14.91,15.07,15.28,0.18,1.178,3.2008,49136555,752190352.0,25724069903.9,23733009310.0
4212,2021-08-05,sh600988,³à·å»Æ½ð,15.21,15.42,15.07,15.4,15.46,-0.25,-1.6171,2.2772,34958090,531353104.0,25308092059.4,23349228435.0
4213,2021-08-06,sh600988,³à·å»Æ½ð,15.12,15.38,15.01,15.08,15.21,-0.09,-0.5917,2.8195,43282570,656669315.0,25158340035.4,23211067320.0
4214,2021-08-09,sh600988,³à·å»Æ½ð,14.78,14.81,14.39,14.5,15.12,-0.34,-2.2487,3.7115,56976063,833289681.0,24592610166.8,22689125330.0
4215,2021-08-10,sh600988,³à·å»Æ½ð,14.84,14.89,14.72,14.76,14.78,0.06,0.406,2.0454,31400119,464705562.0,24692444849.5,22781232740.0
4216,2021-08-11,sh600988,³à·å»Æ½ð,15.06,15.12,14.7,14.75,14.84,0.22,1.4825,2.3769,36488519,546635751.0,25058505352.7,23118959910.0
4217,2021-08-12,sh600988,³à·å»Æ½ð,15.35,15.65,15.12,15.18,15.06,0.29,1.9256,3.4976,53692307,825859992.0,25541039652.3,23564145725.0
4218,2021-08-13,sh600988,³à·å»Æ½ð,15.42,15.62,15.17,15.35,15.35,0.07,0.456,3.2694,50189483,774801170.0,25657513448.8,23671604370.0
4219,2021-08-16,sh600988,³à·å»Æ½ð,15.09,15.81,15.02,15.75,15.42,-0.33,-2.1401,3.8173,58600447,899849026.0,25108422694.0,23165013615.0
4220,2021-08-17,sh600988,³à·å»Æ½ð,15.23,15.39,15.0,15.11,15.09,0.14,0.9278,2.6792,41128485,624089076.0,25341370286.9,23379930905.0
4221,2021-08-18,sh600988,³à·å»Æ½ð,15.14,15.23,14.91,15.1,15.23,-0.09,-0.5909,1.7327,26599410,401655213.0,25191618262.9,23241769790.0
4222,2021-08-19,sh600988,³à·å»Æ½ð,14.92,15.09,14.8,15.0,15.14,-0.22,-1.4531,2.0138,30913668,461213526.0,24825557759.8,22904042620.0
4223,2021-08-20,sh600988,³à·å»Æ½ð,14.85,14.88,14.67,14.85,14.92,-0.07,-0.4692,1.7654,27101761,399828478.0,24709083963.3,22796583975.0
4224,2021-08-23,sh600988,³à·å»Æ½ð,14.88,14.92,14.7,14.71,14.85,0.03,0.202,1.7904,27485164,407848206.0,24759001304.6,22842637680.0
4225,2021-08-24,sh600988,³à·å»Æ½ð,14.91,15.06,14.87,14.99,14.88,0.03,0.2016,1.5884,24383712,364120777.0,24808918646.0,22888691385.0
4226,2021-08-25,sh600988,³à·å»Æ½ð,14.77,14.82,14.62,14.8,14.91,-0.14,-0.939,1.5391,23627233,348102281.0,24575971053.1,22673774095.0
4227,2021-08-26,sh600988,³à·å»Æ½ð,14.66,14.93,14.62,14.65,14.77,-0.11,-0.7448,1.8502,28403534,419184821.0,24392940801.5,22504910510.0
4228,2021-08-27,sh600988,³à·å»Æ½ð,14.96,14.97,14.6,14.66,14.66,0.3,2.0464,2.3271,35724070,528544552.0,24892114214.9,22965447560.0
4229,2021-08-30,sh600988,³à·å»Æ½ð,14.89,15.23,14.88,15.2,14.96,-0.07,-0.4679,2.8905,44372184,668584611.0,24775640418.4,22857988915.0
4230,2021-08-31,sh600988,³à·å»Æ½ð,15.35,15.35,14.8,14.89,14.89,0.46,3.0893,3.1187,47876346,724273277.0,25541039652.3,23564145725.0
4231,2021-09-01,sh600988,³à·å»Æ½ð,15.09,15.49,14.91,15.28,15.35,-0.26,-1.6938,2.7036,41503004,628927210.0,25108422694.0,23165013615.0
4232,2021-09-02,sh600988,³à·å»Æ½ð,15.09,15.18,14.92,15.03,15.09,0.0,0.0,1.7248,26478003,398682465.0,25108422694.0,23165013615.0
4233,2021-09-03,sh600988,³à·å»Æ½ð,15.57,15.62,14.96,15.06,15.09,0.48,3.1809,3.627,55679180,852511054.0,25907100155.5,23901872895.0
4234,2021-09-06,sh600988,³à·å»Æ½ð,15.81,15.83,15.33,15.57,15.57,0.24,1.5414,3.7956,58266939,910676747.0,26306438886.2,24270302535.0
4235,2021-09-07,sh600988,³à·å»Æ½ð,15.73,15.88,15.6,15.73,15.81,-0.08,-0.506,2.683,41186677,647730014.0,26173325975.9,24147492655.0
4236,2021-09-08,sh600988,³à·å»Æ½ð,15.7,15.82,15.33,15.41,15.73,-0.03,-0.1907,3.3991,52181065,813688629.0,26123408634.6,24101438950.0
4237,2021-09-09,sh600988,³à·å»Æ½ð,16.61,17.1,15.57,15.61,15.7,0.91,5.7962,6.4601,99169765,1639269217.0,27637567988.6,25498401335.0
4238,2021-09-10,sh600988,³à·å»Æ½ð,16.81,17.66,16.42,16.42,16.61,0.2,1.2041,6.7123,103042296,1759047809.0,27970350264.2,25805426035.0
4239,2021-09-13,sh600988,³à·å»Æ½ð,17.73,17.87,16.25,16.8,16.81,0.92,5.4729,8.7476,134287213,2301833765.0,29501148731.9,27217739655.0
4240,2021-09-14,sh600988,³à·å»Æ½ð,16.7,17.3,16.4,17.11,17.73,-1.03,-5.8094,6.8248,104768444,1774406251.0,27787320012.6,25636562450.0
4241,2021-09-15,sh600988,³à·å»Æ½ð,17.14,18.2,16.5,16.71,16.7,0.44,2.6347,4.9727,76336879,1311065505.0,28519441018.9,26312016790.0
4242,2021-09-16,sh600988,³à·å»Æ½ð,16.82,17.71,16.6,16.65,17.14,-0.32,-1.867,4.2156,64714628,1104811283.0,27986989378.0,25820777270.0
4243,2021-09-17,sh600988,³à·å»Æ½ð,15.97,16.59,15.6,16.45,16.82,-0.85,-5.0535,3.3872,51997626,835764054.0,26572664706.7,24515922295.0
4244,2021-09-22,sh600988,³à·å»Æ½ð,15.88,16.25,15.82,16.01,15.97,-0.09,-0.5636,1.7018,26124361,416269720.0,26422912682.6,24377761180.0
4245,2021-09-23,sh600988,³à·å»Æ½ð,15.67,15.83,15.2,15.75,15.88,-0.21,-1.3224,3.2167,49381067,770114395.0,26073491293.3,24055385245.0
4246,2021-09-24,sh600988,³à·å»Æ½ð,15.23,15.68,15.2,15.5,15.67,-0.44,-2.8079,2.5194,38676558,592139202.0,25341370286.9,23379930905.0
4247,2021-09-27,sh600988,³à·å»Æ½ð,15.14,15.27,15.0,15.24,15.23,-0.09,-0.5909,1.6275,24984723,377629057.0,25191618262.9,23241769790.0
4248,2021-09-28,sh600988,³à·å»Æ½ð,15.12,15.19,15.03,15.03,15.14,-0.02,-0.1321,1.1112,17058392,257902672.0,25158340035.4,23211067320.0
4249,2021-09-29,sh600988,³à·å»Æ½ð,15.4,15.58,14.96,15.05,15.12,0.28,1.8519,2.2983,35282400,542240618.0,25624235221.2,23640901900.0
4250,2021-09-30,sh600988,³à·å»Æ½ð,15.35,15.42,15.1,15.2,15.4,-0.05,-0.3247,1.3048,20029666,305866970.0,25541039652.3,23564145725.0
4251,2021-10-08,sh600988,³à·å»Æ½ð,15.52,15.57,15.2,15.36,15.35,0.17,1.1075,1.4342,22016404,339343321.0,25823904586.6,23825116720.0
4252,2021-10-11,sh600988,³à·å»Æ½ð,15.79,15.85,15.4,15.56,15.52,0.27,1.7397,1.6773,25748451,403911399.0,26273160658.6,24239600065.0
4253,2021-10-12,sh600988,³à·å»Æ½ð,15.61,15.88,15.46,15.7,15.79,-0.18,-1.14,1.3682,21003972,329616604.0,25973656610.6,23963277835.0
4254,2021-10-13,sh600988,³à·å»Æ½ð,15.32,15.64,15.18,15.59,15.61,-0.29,-1.8578,1.2351,18960956,290770157.0,25491122311.0,23518092020.0
4255,2021-10-14,sh600988,³à·å»Æ½ð,16.52,16.85,15.85,15.85,15.32,1.2,7.8329,7.1093,109136544,1811773884.0,27487815964.6,25360240220.0
4256,2021-10-15,sh600988,³à·å»Æ½ð,16.3,16.73,16.15,16.21,16.52,-0.22,-1.3317,4.0773,62591150,1026730431.0,27121755461.4,25022513050.0
4257,2021-10-18,sh600988,³à·å»Æ½ð,16.2,16.51,15.81,15.9,16.3,-0.1,-0.6135,2.625,40296581,650426867.0,26955364323.6,24869000700.0
4258,2021-10-19,sh600988,³à·å»Æ½ð,17.1,17.27,16.12,16.15,16.2,0.9,5.5556,3.9186,60154749,1008610469.0,28452884563.8,26250611850.0
4259,2021-10-20,sh600988,³à·å»Æ½ð,16.65,16.98,16.51,16.88,17.1,-0.45,-2.6316,2.485,38147475,635518526.0,27704124443.7,25559806275.0
4260,2021-10-21,sh600988,³à·å»Æ½ð,17.69,18.15,16.77,16.8,16.65,1.04,6.2462,6.6819,102575959,1819684854.0,29434592276.8,27156334715.0
4261,2021-10-22,sh600988,³à·å»Æ½ð,17.3,17.8,17.16,17.77,17.69,-0.39,-2.2046,3.2683,50172125,870673845.0,28785666839.4,26557636550.0
4262,2021-10-25,sh600988,³à·å»Æ½ð,16.98,17.15,16.21,16.8,17.3,-0.32,-1.8497,3.9073,59981797,999057262.0,28253215198.4,26066397030.0
4263,2021-10-26,sh600988,³à·å»Æ½ð,16.9,17.62,16.85,17.0,16.98,-0.08,-0.4711,2.7365,42009293,722363595.0,28120102288.2,25943587150.0
4264,2021-10-27,sh600988,³à·å»Æ½ð,16.59,16.98,16.43,16.82,16.9,-0.31,-1.8343,2.1846,33536171,559142577.0,27604289761.0,25467698865.0
4265,2021-10-28,sh600988,³à·å»Æ½ð,16.3,16.65,16.13,16.48,16.59,-0.29,-1.748,2.6198,40217272,658376306.0,27121755461.4,25022513050.0
4266,2021-10-29,sh600988,³à·å»Æ½ð,16.33,16.38,15.8,16.28,16.3,0.03,0.184,2.4875,38185825,615590823.0,27171672802.7,25068566755.0
4267,2021-11-01,sh600988,³à·å»Æ½ð,17.04,17.2,16.08,16.1,16.33,0.71,4.3478,3.2912,50523507,844926309.0,28353049881.1,26158504440.0
4268,2021-11-02,sh600988,³à·å»Æ½ð,16.73,17.29,16.06,17.06,17.04,-0.31,-1.8192,5.5838,85717478,1421318493.0,27837237353.9,25682616155.0
4269,2021-11-03,sh600988,³à·å»Æ½ð,16.44,16.85,16.26,16.41,16.73,-0.29,-1.7334,2.4872,38182225,631645799.0,27354703054.3,25237430340.0
4270,2021-11-04,sh600988,³à·å»Æ½ð,16.29,16.5,16.18,16.39,16.44,-0.15,-0.9124,1.691,25959459,423217021.0,27105116347.6,25007161815.0
4271,2021-11-05,sh600988,³à·å»Æ½ð,16.34,16.66,16.2,16.52,16.29,0.05,0.3069,1.7032,26145987,428738421.0,27188311916.5,25083917990.0
4272,2021-11-08,sh600988,³à·å»Æ½ð,16.94,17.37,16.59,16.83,16.34,0.6,3.672,3.3234,51017865,865438419.0,28186658743.3,26004992090.0
4273,2021-11-09,sh600988,³à·å»Æ½ð,17.02,17.53,16.9,17.05,16.94,0.08,0.4723,2.6392,40514719,695206230.0,28319771653.6,26127801970.0
4274,2021-11-10,sh600988,³à·å»Æ½ð,17.59,18.4,17.08,17.13,17.02,0.57,3.349,5.8048,89111139,1592808504.0,29268201139.0,27002822365.0
4275,2021-11-11,sh600988,³à·å»Æ½ð,18.15,18.31,17.67,18.28,17.59,0.56,3.1836,4.2645,65465750,1179396622.0,30199991510.7,27862491525.0
4276,2021-11-12,sh600988,³à·å»Æ½ð,17.86,18.5,17.84,18.1,18.15,-0.29,-1.5978,3.2449,49812569,901539984.0,29717457211.1,27417305710.0
4277,2021-11-15,sh600988,³à·å»Æ½ð,17.12,18.18,17.11,17.7,17.86,-0.74,-4.1433,3.2789,50334500,875988394.0,28486162791.4,26281314320.0
4278,2021-11-16,sh600988,³à·å»Æ½ð,17.11,17.44,16.94,17.29,17.12,-0.01,-0.0584,2.4444,37524677,643319565.0,28469523677.6,26265963085.0
4279,2021-11-17,sh600988,³à·å»Æ½ð,16.9,16.98,16.55,16.88,17.11,-0.21,-1.2274,2.5326,38878015,652347099.0,28120102288.2,25943587150.0
4280,2021-11-18,sh600988,³à·å»Æ½ð,16.9,17.17,16.7,17.14,16.9,0.0,0.0,1.9022,29200536,493489501.0,28120102288.2,25943587150.0
4281,2021-11-19,sh600988,³à·å»Æ½ð,17.07,17.15,16.68,16.9,16.9,0.17,1.0059,1.7696,27166095,460314222.0,28402967222.5,26204558145.0
4282,2021-11-22,sh600988,³à·å»Æ½ð,16.76,16.93,16.58,16.81,17.07,-0.31,-1.8161,2.6097,40061996,669838196.0,27887154695.3,25728669860.0
4283,2021-11-23,sh600988,³à·å»Æ½ð,16.68,16.79,16.31,16.44,16.76,-0.08,-0.4773,2.13,32698537,541721756.0,27754041785.0,25605859980.0
4284,2021-11-24,sh600988,³à·å»Æ½ð,16.61,16.77,16.45,16.53,16.68,-0.07,-0.4197,1.7475,26825562,445486193.0,27637567988.6,25498401335.0
4285,2021-11-25,sh600988,³à·å»Æ½ð,16.84,16.9,16.55,16.66,16.61,0.23,1.3847,2.2295,34224879,573856100.0,28020267605.5,25851479740.0
4286,2021-11-26,sh600988,³à·å»Æ½ð,16.98,17.0,16.65,16.73,16.84,0.14,0.8314,1.97,30241816,509838691.0,28253215198.4,26066397030.0
4287,2021-11-29,sh600988,³à·å»Æ½ð,16.61,16.9,16.48,16.9,16.98,-0.37,-2.179,1.9261,29567247,491415735.0,27637567988.6,25498401335.0
4288,2021-11-30,sh600988,³à·å»Æ½ð,16.72,16.78,16.3,16.41,16.61,0.11,0.6623,1.6495,25322628,421710742.0,27820598240.2,25667264920.0
4289,2021-12-01,sh600988,³à·å»Æ½ð,16.28,16.62,16.09,16.62,16.72,-0.44,-2.6316,3.0337,46571276,759430845.0,27088477233.8,24991810580.0
4290,2021-12-02,sh600988,³à·å»Æ½ð,15.94,16.24,15.88,16.11,16.28,-0.34,-2.0885,2.1946,33689075,540265939.0,26522747365.3,24469868590.0
4291,2021-12-03,sh600988,³à·å»Æ½ð,16.06,16.17,15.68,15.88,15.94,0.12,0.7528,1.6898,25940421,412760935.0,26722416730.7,24654083410.0
4292,2021-12-06,sh600988,³à·å»Æ½ð,16.13,16.19,16.02,16.15,16.06,0.07,0.4359,1.2477,19153516,308518079.0,26838890527.1,24761542055.0
4293,2021-12-07,sh600988,³à·å»Æ½ð,16.03,16.16,15.91,16.16,16.13,-0.1,-0.62,1.3314,20438650,327008456.0,26672499389.3,24608029705.0
4294,2021-12-08,sh600988,³à·å»Æ½ð,16.24,16.29,15.99,16.02,16.03,0.21,1.31,1.506,23118385,374750393.0,27021920778.7,24930405640.0
4295,2021-12-09,sh600988,³à·å»Æ½ð,16.3,16.32,16.12,16.15,16.24,0.06,0.3695,1.0836,16634970,270399264.0,27121755461.4,25022513050.0
4296,2021-12-10,sh600988,³à·å»Æ½ð,16.11,16.29,16.01,16.13,16.3,-0.19,-1.1656,1.2522,19222192,310459885.0,26805612299.6,24730839585.0
4297,2021-12-13,sh600988,³à·å»Æ½ð,15.99,16.08,15.72,15.86,16.11,-0.12,-0.7449,1.4347,22023826,351009085.0,26605942934.2,24546624765.0
4298,2021-12-14,sh600988,³à·å»Æ½ð,15.97,16.05,15.9,16.0,15.99,-0.02,-0.1251,0.7025,10784556,172236962.0,26572664706.7,24515922295.0
4299,2021-12-15,sh600988,³à·å»Æ½ð,15.74,15.98,15.68,15.88,15.97,-0.23,-1.4402,1.6266,24969568,394992360.0,26189965089.7,24162843890.0
4300,2021-12-16,sh600988,³à·å»Æ½ð,15.89,15.94,15.72,15.81,15.74,0.15,0.953,1.0241,15720790,248962733.0,26439551796.4,24393112415.0
4301,2021-12-17,sh600988,³à·å»Æ½ð,16.01,16.21,15.94,16.14,15.89,0.12,0.7552,1.8354,28176105,452744179.0,26639221161.8,24577327235.0
4302,2021-12-20,sh600988,³à·å»Æ½ð,15.44,15.89,15.41,15.86,16.01,-0.57,-3.5603,2.1027,32278829,502547613.0,25690791676.3,23702306840.0
4303,2021-12-21,sh600988,³à·å»Æ½ð,15.27,15.44,15.15,15.36,15.44,-0.17,-1.101,1.6103,24719472,377211869.0,25407926742.1,23441335845.0
4304,2021-12-22,sh600988,³à·å»Æ½ð,15.4,15.43,15.22,15.32,15.27,0.13,0.8513,1.0593,16261017,248837332.0,25624235221.2,23640901900.0
4305,2021-12-23,sh600988,³à·å»Æ½ð,15.33,15.49,15.31,15.45,15.4,-0.07,-0.4545,1.1342,17411893,267449032.0,25507761424.7,23533443255.0
4306,2021-12-24,sh600988,³à·å»Æ½ð,15.28,15.38,15.02,15.33,15.33,-0.05,-0.3262,1.2607,19352595,294027245.0,25424565855.8,23456687080.0
4307,2021-12-27,sh600988,³à·å»Æ½ð,15.24,15.39,15.18,15.28,15.28,-0.04,-0.2618,1.007,15458396,236386987.0,25358009400.7,23395282140.0
4308,2021-12-28,sh600988,³à·å»Æ½ð,15.37,15.39,15.13,15.29,15.24,0.13,0.853,1.3229,20307605,310193141.0,25574317879.9,23594848195.0
4309,2021-12-29,sh600988,³à·å»Æ½ð,15.12,15.31,15.08,15.3,15.37,-0.25,-1.6265,1.2644,19410853,294702773.0,25158340035.4,23211067320.0
4310,2021-12-30,sh600988,³à·å»Æ½ð,15.03,15.17,15.03,15.08,15.12,-0.09,-0.5952,1.5291,23473887,353942865.0,25008588011.3,23072906205.0
4311,2021-12-31,sh600988,³à·å»Æ½ð,14.9,15.13,14.85,15.13,15.03,-0.13,-0.8649,2.8089,43119991,643052678.0,24792279532.2,22873340150.0
4312,2022-01-04,sh600988,³à·å»Æ½ð,14.95,14.98,14.68,14.79,14.9,0.05,0.3356,1.2509,19202228,285923969.0,24875475101.1,22950096325.0
4313,2022-01-05,sh600988,³à·å»Æ½ð,15.19,15.38,14.88,14.97,14.95,0.24,1.6054,2.3407,35932325,545145914.0,25274813831.8,23318525965.0
4314,2022-01-06,sh600988,³à·å»Æ½ð,14.91,15.08,14.8,15.02,15.19,-0.28,-1.8433,1.6747,25708043,383242300.0,24808918646.0,22888691385.0
4315,2022-01-07,sh600988,³à·å»Æ½ð,14.8,14.92,14.79,14.8,14.91,-0.11,-0.7378,1.1601,17809332,264061637.0,24625888394.4,22719827800.0
4316,2022-01-10,sh600988,³à·å»Æ½ð,14.88,14.92,14.72,14.81,14.8,0.08,0.5405,0.9705,14897721,220624952.0,24759001304.6,22842637680.0
4317,2022-01-11,sh600988,³à·å»Æ½ð,15.16,15.16,14.8,14.8,14.88,0.28,1.8817,1.7906,27487845,413831431.0,25224896490.5,23272472260.0
4318,2022-01-12,sh600988,³à·å»Æ½ð,15.23,15.34,15.08,15.2,15.16,0.07,0.4617,1.5971,24517204,373114193.0,25341370286.9,23379930905.0
4319,2022-01-13,sh600988,³à·å»Æ½ð,15.27,15.51,15.25,15.29,15.23,0.04,0.2626,1.8497,28394704,437058932.0,25407926742.1,23441335845.0
4320,2022-01-14,sh600988,³à·å»Æ½ð,15.12,15.2,14.94,15.18,15.27,-0.15,-0.9823,1.0074,15464570,233061717.0,25158340035.4,23211067320.0
4321,2022-01-17,sh600988,³à·å»Æ½ð,15.0,15.11,14.91,14.95,15.12,-0.12,-0.7937,0.923,14168955,212645589.0,24958670670.0,23026852500.0
4322,2022-01-18,sh600988,³à·å»Æ½ð,15.13,15.38,15.06,15.17,15.0,0.13,0.8667,1.2257,18815744,286270303.0,25174979149.1,23226418555.0
4323,2022-01-19,sh600988,³à·å»Æ½ð,15.07,15.09,14.95,15.05,15.13,-0.06,-0.3966,0.7152,10979569,164786041.0,25075144466.5,23134311145.0
4324,2022-01-20,sh600988,³à·å»Æ½ð,15.35,15.66,15.23,15.48,15.07,0.28,1.858,2.7743,42589153,657906093.0,25541039652.3,23564145725.0
4325,2022-01-21,sh600988,³à·å»Æ½ð,15.44,15.5,15.11,15.2,15.35,0.09,0.5863,1.6533,25379715,389250678.0,25690791676.3,23702306840.0
4326,2022-01-24,sh600988,³à·å»Æ½ð,15.32,15.42,15.25,15.28,15.44,-0.12,-0.7772,0.9158,14058527,215345137.0,25491122311.0,23518092020.0
4327,2022-01-25,sh600988,³à·å»Æ½ð,15.72,15.88,15.46,15.69,15.32,0.4,2.611,3.9682,60917022,955667763.0,26156686862.2,24132141420.0
4328,2022-01-26,sh600988,³à·å»Æ½ð,15.31,15.64,15.08,15.45,15.72,-0.41,-2.6081,2.4952,38305077,590345513.0,25474483197.2,23502740785.0
4329,2022-01-27,sh600988,³à·å»Æ½ð,14.22,15.14,13.99,15.0,15.31,-1.09,-7.1195,3.2463,49834460,725596902.0,23660819795.2,21829456170.0
4330,2022-01-28,sh600988,³à·å»Æ½ð,14.04,14.23,13.5,13.99,14.22,-0.18,-1.2658,2.4168,37100622,513086370.0,23361315747.1,21553133940.0
4331,2022-02-07,sh600988,³à·å»Æ½ð,14.58,15.1,14.11,14.16,14.04,0.54,3.8462,2.2432,34435884,505944142.0,24259827891.2,22382100630.0
4332,2022-02-08,sh600988,³à·å»Æ½ð,14.65,14.82,14.45,14.61,14.58,0.07,0.4801,0.9629,14782431,215665873.0,24376301687.7,22489559275.0
4333,2022-02-09,sh600988,³à·å»Æ½ð,15.14,15.48,14.61,14.75,14.65,0.49,3.3447,2.2765,34946887,526115245.0,25191618262.9,23241769790.0
4334,2022-02-10,sh600988,³à·å»Æ½ð,14.98,15.27,14.81,15.2,15.14,-0.16,-1.0568,1.6385,25152462,378680988.0,24925392442.4,22996150030.0
4335,2022-02-11,sh600988,³à·å»Æ½ð,14.78,15.1,14.75,14.9,14.98,-0.2,-1.3351,1.1629,17851202,266377554.0,24592610166.8,22689125330.0
4336,2022-02-14,sh600988,³à·å»Æ½ð,15.02,15.49,15.0,15.35,14.78,0.24,1.6238,3.156,48449256,738600045.0,24991948897.6,23057554970.0
4337,2022-02-15,sh600988,³à·å»Æ½ð,15.24,15.42,14.98,15.3,15.02,0.22,1.4647,2.1568,33109137,502809290.0,25358009400.7,23395282140.0
4338,2022-02-16,sh600988,³à·å»Æ½ð,14.91,15.03,14.44,14.77,15.24,-0.33,-2.1654,2.1131,32438907,478529324.0,24808918646.0,22888691385.0
4339,2022-02-17,sh600988,³à·å»Æ½ð,15.41,15.47,14.88,15.12,14.91,0.5,3.3535,3.8645,59325075,904303655.0,25640874335.0,23656253135.0
4340,2022-02-18,sh600988,³à·å»Æ½ð,15.19,15.7,15.05,15.63,15.41,-0.22,-1.4276,2.9188,44807239,684003084.0,25274813831.8,23318525965.0
4341,2022-02-21,sh600988,³à·å»Æ½ð,14.95,15.39,14.94,15.12,15.19,-0.24,-1.58,1.9051,29246259,441654885.0,24875475101.1,22950096325.0
4342,2022-02-22,sh600988,³à·å»Æ½ð,15.56,15.6,15.19,15.33,14.95,0.61,4.0803,5.8295,89489377,1381011965.0,25890461041.7,23886521660.0
