,日期,股票代码,名称,收盘价,最高价,最低价,开盘价,前收盘,涨跌额,涨跌幅,换手率,成交量,成交金额,总市值,流通市值
0,2008-09-05,sz002273,水晶光电,0.0,0.0,0.0,0.0,15.29,,,0.0,0,0.0,764500000.0,0.0
1,2008-09-19,sz002273,N 水  晶,50.8,55.3,20.0,20.0,15.29,35.51,232.2433,89.8225,12000280,315405385.27,3388360000.0,678688000.0
2,2008-09-22,sz002273,水晶光电,45.72,45.72,45.72,45.72,50.8,-5.08,-10.0,0.2425,32400,1481328.0,3049524000.0,610819200.0
3,2008-09-23,sz002273,水晶光电,41.15,41.15,41.15,41.15,45.72,-4.57,-9.9956,0.0247,3300,135795.0,2744705000.0,549764000.0
4,2008-09-24,sz002273,水晶光电,37.04,37.04,37.04,37.04,41.15,-4.11,-9.9878,0.0142,1900,70376.0,2470568000.0,494854400.0
5,2008-09-25,sz002273,水晶光电,33.34,33.34,33.34,33.34,37.04,-3.7,-9.9892,0.0576,7700,256718.0,2223778000.0,445422400.0
6,2008-09-26,sz002273,水晶光电,30.01,30.01,30.01,30.01,33.34,-3.33,-9.988,0.0412,5500,165055.0,2001667000.0,400933600.0
7,2008-10-06,sz002273,水晶光电,27.01,27.01,27.01,27.01,30.01,-3.0,-9.9967,0.0846,11300,305213.0,1801567000.0,360853600.0
8,2008-10-07,sz002273,水晶光电,24.31,24.31,24.31,24.31,27.01,-2.7,-9.9963,0.1482,19800,481338.0,1621477000.0,324781600.0
9,2008-10-08,sz002273,水晶光电,21.88,21.88,21.88,21.88,24.31,-2.43,-9.9959,0.2515,33600,735168.0,1459396000.0,292316800.0
10,2008-10-09,sz002273,水晶光电,19.69,20.82,19.69,19.69,21.88,-2.19,-10.0091,50.5378,6751852,134049113.11,1313323000.0,263058400.0
11,2008-10-10,sz002273,水晶光电,17.72,17.99,17.72,17.72,19.69,-1.97,-10.0051,27.2614,3642123,64598318.03,1181924000.0,236739200.0
12,2008-10-13,sz002273,水晶光电,17.64,17.88,16.3,17.41,17.72,-0.08,-0.4515,22.7155,3034790,51973045.15,1176588000.0,235670400.0
13,2008-10-14,sz002273,水晶光电,15.91,18.39,15.9,17.75,17.64,-1.73,-9.8073,27.7584,3708523,64819478.54,1061197000.0,212557600.0
14,2008-10-15,sz002273,水晶光电,16.91,17.25,15.55,15.9,15.91,1.0,6.2854,25.9648,3468903,56624434.49,1127897000.0,225917600.0
15,2008-10-16,sz002273,水晶光电,15.24,16.46,15.22,15.92,16.91,-1.67,-9.8758,17.6732,2361142,37245059.66,1016508000.0,203606400.0
16,2008-10-17,sz002273,水晶光电,14.55,15.58,14.29,15.4,15.24,-0.69,-4.5276,14.0572,1878040,27942988.88,970485000.0,194388000.0
17,2008-10-20,sz002273,水晶光电,15.25,15.28,14.3,14.64,14.55,0.7,4.811,12.2874,1641593,24301423.21,1017175000.0,203740000.0
18,2008-10-21,sz002273,水晶光电,14.93,15.5,14.72,15.01,15.25,-0.32,-2.0984,13.5805,1814354,27343721.0,995831000.0,199464800.0
19,2008-10-22,sz002273,水晶光电,16.01,16.38,14.56,14.89,14.93,1.08,7.2338,24.1174,3222087,50728283.72,1067867000.0,213893600.0
20,2008-10-23,sz002273,水晶光电,15.61,16.1,15.05,15.6,16.01,-0.4,-2.4984,16.6132,2219517,34537409.8,1041187000.0,208549600.0
21,2008-10-24,sz002273,水晶光电,15.7,16.36,15.44,15.57,15.61,0.09,0.5766,16.3019,2177934,34629252.27,1047190000.0,209752000.0
22,2008-10-27,sz002273,水晶光电,14.13,15.4,14.13,15.4,15.7,-1.57,-10.0,15.0926,2016375,28950520.4,942471000.0,188776800.0
23,2008-10-28,sz002273,水晶光电,13.93,14.2,13.22,13.59,14.13,-0.2,-1.4154,11.7599,1571129,21539624.38,929131000.0,186104800.0
24,2008-10-29,sz002273,水晶光电,13.63,14.46,13.6,14.2,13.93,-0.3,-2.1536,11.5669,1545336,21700663.55,909121000.0,182096800.0
25,2008-10-30,sz002273,水晶光电,0.0,0.0,0.0,0.0,13.63,,,0.0,0,0.0,909121000.0,182096800.0
26,2008-10-31,sz002273,水晶光电,12.73,13.95,12.71,13.8,13.63,-0.9,-6.6031,10.3902,1388134,18417842.7,849091000.0,170072800.0
27,2008-11-03,sz002273,水晶光电,12.71,12.99,12.55,12.8,12.73,-0.02,-0.1571,5.9489,794776,10184453.05,847757000.0,169805600.0
28,2008-11-04,sz002273,水晶光电,12.23,12.85,12.11,12.65,12.71,-0.48,-3.7766,6.246,834459,10365579.43,815741000.0,163392800.0
29,2008-11-05,sz002273,水晶光电,12.67,12.82,12.3,12.3,12.23,0.44,3.5977,7.9921,1067741,13426754.29,845089000.0,169271200.0
30,2008-11-06,sz002273,水晶光电,12.08,12.45,11.99,12.41,12.67,-0.59,-4.6567,6.0572,809239,9894317.5,805736000.0,161388800.0
31,2008-11-07,sz002273,水晶光电,12.22,12.46,11.6,11.7,12.08,0.14,1.1589,7.0998,948528,11471725.89,815074000.0,163259200.0
32,2008-11-10,sz002273,水晶光电,13.44,13.44,12.42,12.47,12.22,1.22,9.9836,15.2945,2043351,26833260.07,896448000.0,179558400.0
33,2008-11-11,sz002273,水晶光电,13.45,14.08,13.22,13.5,13.44,0.01,0.0744,17.3917,2323532,31981409.34,897115000.0,179692000.0
34,2008-11-12,sz002273,水晶光电,14.8,14.8,13.32,13.5,13.45,1.35,10.0372,19.1609,2559902,36581372.49,987160000.0,197728000.0
35,2008-11-13,sz002273,水晶光电,16.28,16.28,14.96,14.96,14.8,1.48,10.0,35.2198,4705366,74490974.68,1085876000.0,217500800.0
36,2008-11-14,sz002273,水晶光电,17.07,17.49,15.81,16.3,16.28,0.79,4.8526,28.3747,3790866,63015983.53,1138569000.0,228055200.0
37,2008-11-17,sz002273,水晶光电,18.78,18.78,16.58,17.08,17.07,1.71,10.0176,25.7899,3445535,61762594.48,1252626000.0,250900800.0
38,2008-11-18,sz002273,水晶光电,18.98,20.5,16.9,18.69,18.78,0.2,1.065,39.3838,5261671,100813298.69,1265966000.0,253572800.0
39,2008-11-19,sz002273,水晶光电,20.26,20.8,18.1,18.85,18.98,1.28,6.7439,30.0928,4020399,77429663.25,1351342000.0,270673600.0
40,2008-11-20,sz002273,水晶光电,19.22,20.99,19.01,19.5,20.26,-1.04,-5.1333,23.1564,3093694,61317282.14,1281974000.0,256779200.0
41,2008-11-21,sz002273,水晶光电,17.71,18.91,17.5,18.4,19.22,-1.51,-7.8564,18.8611,2519841,45537901.46,1181257000.0,236605600.0
42,2008-11-24,sz002273,水晶光电,16.5,18.3,16.3,17.75,17.71,-1.21,-6.8323,12.8885,1721908,30076306.72,1100550000.0,220440000.0
43,2008-11-25,sz002273,水晶光电,16.72,17.18,16.1,16.94,16.5,0.22,1.3333,11.1174,1485281,24665464.4,1115224000.0,223379200.0
44,2008-11-26,sz002273,水晶光电,16.88,17.23,16.51,16.7,16.72,0.16,0.9569,8.6225,1151964,19461757.75,1125896000.0,225516800.0
45,2008-11-27,sz002273,水晶光电,17.68,18.55,17.48,18.01,16.88,0.8,4.7393,20.8512,2785714,50298440.81,1179256000.0,236204800.0
46,2008-11-28,sz002273,水晶光电,16.6,17.47,16.5,17.28,17.68,-1.08,-6.1086,11.3363,1514523,25609923.14,1107220000.0,221776000.0
47,2008-12-01,sz002273,水晶光电,17.31,17.47,16.01,16.01,16.6,0.71,4.2771,10.8411,1448371,24722084.56,1154577000.0,231261600.0
48,2008-12-02,sz002273,水晶光电,17.68,17.94,16.7,16.9,17.31,0.37,2.1375,13.1988,1763364,30969259.94,1179256000.0,236204800.0
49,2008-12-03,sz002273,水晶光电,19.45,19.45,18.0,18.0,17.68,1.77,10.0113,20.7731,2775288,53489671.32,1297315000.0,259852000.0
50,2008-12-04,sz002273,水晶光电,21.19,21.4,20.39,20.39,19.45,1.74,8.946,33.0533,4415921,93671022.72,1413373000.0,283098400.0
51,2008-12-05,sz002273,水晶光电,21.2,22.0,20.2,21.12,21.19,0.01,0.0472,29.443,3933587,82644640.0,1414040000.0,283232000.0
52,2008-12-08,sz002273,水晶光电,22.25,22.8,20.86,21.2,21.2,1.05,4.9528,25.7478,3439900,75324142.85,1484075000.0,297260000.0
53,2008-12-09,sz002273,水晶光电,20.7,22.0,20.23,22.0,22.25,-1.55,-6.9663,18.5688,2480795,52559131.42,1380690000.0,276552000.0
54,2008-12-10,sz002273,水晶光电,22.77,22.77,20.32,20.5,20.7,2.07,10.0,24.224,3236325,70294469.45,1518759000.0,304207200.0
55,2008-12-11,sz002273,水晶光电,23.1,24.6,22.22,22.8,22.77,0.33,1.4493,30.846,4121020,96785540.67,1540770000.0,308616000.0
56,2008-12-12,sz002273,水晶光电,23.47,24.55,21.3,22.6,23.1,0.37,1.6017,30.4096,4062723,93467856.88,1565449000.0,313559200.0
57,2008-12-15,sz002273,水晶光电,22.84,24.63,22.1,23.49,23.47,-0.63,-2.6843,24.2999,3246460,76060839.77,1523428000.0,305142400.0
58,2008-12-16,sz002273,水晶光电,21.71,22.6,20.56,22.15,22.84,-1.13,-4.9475,18.4521,2465202,52682856.1,1448057000.0,290045600.0
59,2008-12-17,sz002273,水晶光电,22.45,23.36,21.12,21.75,21.71,0.74,3.4086,22.5073,3006972,67749124.19,1497415000.0,299932000.0
60,2008-12-18,sz002273,水晶光电,21.95,22.68,21.5,22.4,22.45,-0.5,-2.2272,15.3693,2053339,45280083.69,1464065000.0,293252000.0
61,2008-12-19,sz002273,水晶光电,22.5,22.8,21.41,21.6,21.95,0.55,2.5057,22.0696,3685620,81963448.75,1500750000.0,375750000.0
62,2008-12-22,sz002273,水晶光电,24.75,24.75,21.9,21.9,22.5,2.25,10.0,31.605,5278027,125982687.81,1650825000.0,413325000.0
63,2008-12-23,sz002273,水晶光电,23.7,26.29,23.51,25.0,24.75,-1.05,-4.2424,42.8476,7155556,180808656.03,1580790000.0,395790000.0
64,2008-12-24,sz002273,水晶光电,22.58,23.58,21.7,22.7,23.7,-1.12,-4.7257,21.2191,3543585,80310138.65,1506086000.0,377086000.0
65,2008-12-25,sz002273,水晶光电,21.9,23.29,21.0,22.68,22.58,-0.68,-3.0115,20.3548,3399257,75231449.47,1460730000.0,365730000.0
66,2008-12-26,sz002273,水晶光电,22.14,22.85,21.55,21.9,21.9,0.24,1.0959,17.4752,2918354,65177669.51,1476738000.0,369738000.0
67,2008-12-29,sz002273,水晶光电,21.03,22.1,20.13,21.78,22.14,-1.11,-5.0136,15.3573,2564662,53483824.82,1402701000.0,351201000.0
68,2008-12-30,sz002273,水晶光电,21.35,21.7,20.8,21.4,21.03,0.32,1.5216,13.5588,2264315,48211338.04,1424045000.0,356545000.0
69,2008-12-31,sz002273,水晶光电,21.13,21.79,20.9,21.3,21.35,-0.22,-1.0304,10.3992,1736667,36983966.02,1409371000.0,352871000.0
70,2009-01-05,sz002273,水晶光电,21.9,21.95,21.21,21.55,21.13,0.77,3.6441,11.6583,1946942,42189807.01,1460730000.0,365730000.0
71,2009-01-06,sz002273,水晶光电,23.69,24.0,21.65,21.91,21.9,1.79,8.1735,20.1685,3368137,77768402.52,1580123000.0,395623000.0
72,2009-01-07,sz002273,水晶光电,23.27,24.0,23.2,23.55,23.69,-0.42,-1.7729,14.2712,2383297,56087539.13,1552109000.0,388609000.0
73,2009-01-08,sz002273,水晶光电,24.63,24.99,22.52,22.91,23.27,1.36,5.8444,25.569,4270020,102018044.92,1642821000.0,411321000.0
74,2009-01-09,sz002273,水晶光电,25.18,25.97,24.65,24.65,24.63,0.55,2.233,24.5247,4095617,104301094.18,1679506000.0,420506000.0
75,2009-01-12,sz002273,水晶光电,24.9,25.77,24.89,25.53,25.18,-0.28,-1.112,16.15,2697047,68047644.23,1660830000.0,415830000.0
76,2009-01-13,sz002273,水晶光电,22.8,24.6,22.71,24.6,24.9,-2.1,-8.4337,17.094,2854702,67123545.94,1520760000.0,380760000.0
77,2009-01-14,sz002273,水晶光电,23.64,23.7,22.3,22.3,22.8,0.84,3.6842,10.7788,1800054,41969097.15,1576788000.0,394788000.0
78,2009-01-15,sz002273,水晶光电,22.9,23.65,22.68,23.4,23.64,-0.74,-3.1303,12.0032,2004528,46353218.79,1527430000.0,382430000.0
79,2009-01-16,sz002273,水晶光电,23.08,23.9,22.95,22.95,22.9,0.18,0.786,10.0738,1682317,39390817.42,1539436000.0,385436000.0
80,2009-01-19,sz002273,水晶光电,23.2,23.4,22.23,23.2,23.08,0.12,0.5199,9.9859,1667649,37823753.73,1547440000.0,387440000.0
81,2009-01-20,sz002273,水晶光电,23.6,23.79,22.43,23.1,23.2,0.4,1.7241,10.1165,1689461,39642398.36,1574120000.0,394120000.0
82,2009-01-21,sz002273,水晶光电,23.86,24.48,23.32,23.88,23.6,0.26,1.1017,10.9738,1832630,43898255.49,1591462000.0,398462000.0
83,2009-01-22,sz002273,水晶光电,24.22,24.45,23.55,24.1,23.86,0.36,1.5088,10.3671,1731306,41552094.17,1615474000.0,404474000.0
84,2009-01-23,sz002273,水晶光电,23.33,24.4,23.31,24.06,24.22,-0.89,-3.6746,8.0741,1348373,31935379.87,1556111000.0,389611000.0
85,2009-02-02,sz002273,水晶光电,23.73,23.79,23.31,23.31,23.33,0.4,1.7145,6.5404,1092239,25774438.48,1582791000.0,396291000.0
86,2009-02-03,sz002273,水晶光电,24.08,24.18,23.6,23.6,23.73,0.35,1.4749,9.5759,1599176,38187040.44,1606136000.0,402136000.0
87,2009-02-04,sz002273,水晶光电,24.08,24.18,23.7,23.99,24.08,0.0,0.0,10.7391,1793433,42910774.78,1606136000.0,402136000.0
88,2009-02-05,sz002273,水晶光电,26.15,26.49,24.18,24.18,24.08,2.07,8.5963,28.1434,4699940,120273947.46,1744205000.0,436705000.0
89,2009-02-06,sz002273,水晶光电,27.7,28.0,25.65,26.18,26.15,1.55,5.9273,26.6855,4456477,120936736.57,1847590000.0,462590000.0
90,2009-02-09,sz002273,水晶光电,28.18,28.29,27.01,27.81,27.7,0.48,1.7329,21.6537,3616166,100118541.16,1879606000.0,470606000.0
91,2009-02-10,sz002273,水晶光电,27.69,28.18,26.95,28.18,28.18,-0.49,-1.7388,15.5595,2598435,71288922.77,1846923000.0,462423000.0
92,2009-02-11,sz002273,水晶光电,27.8,29.8,26.7,27.28,27.69,0.11,0.3973,19.0737,3185314,90318337.41,1854260000.0,464260000.0
93,2009-02-12,sz002273,水晶光电,27.12,28.15,26.3,27.79,27.8,-0.68,-2.446,12.2771,2050278,55510613.17,1808904000.0,452904000.0
94,2009-02-13,sz002273,水晶光电,27.9,27.98,26.8,26.98,27.12,0.78,2.8761,12.8854,2151854,58772019.85,1860930000.0,465930000.0
95,2009-02-16,sz002273,水晶光电,28.59,28.59,27.6,28.02,27.9,0.69,2.4731,16.0923,2687413,75835740.04,1906953000.0,477453000.0
96,2009-02-17,sz002273,水晶光电,28.3,29.88,28.2,29.1,28.59,-0.29,-1.0143,21.0314,3512237,102990463.15,1887610000.0,472610000.0
97,2009-02-18,sz002273,水晶光电,25.86,27.85,25.8,27.5,28.3,-2.44,-8.6219,14.9409,2495137,66865186.49,1724862000.0,431862000.0
98,2009-02-19,sz002273,水晶光电,26.54,26.78,25.91,26.1,25.86,0.68,2.6295,8.637,1442375,37975508.97,1770218000.0,443218000.0
99,2009-02-20,sz002273,水晶光电,27.2,27.46,26.03,26.5,26.54,0.66,2.4868,8.5246,1423605,38286353.85,1814240000.0,454240000.0
100,2009-02-23,sz002273,水晶光电,27.84,28.25,26.8,27.22,27.2,0.64,2.3529,8.1743,1365112,37692835.82,1856928000.0,464928000.0
101,2009-02-24,sz002273,水晶光电,26.1,27.8,26.0,27.5,27.84,-1.74,-6.25,12.2483,2045460,54684681.47,1740870000.0,435870000.0
102,2009-02-25,sz002273,水晶光电,26.0,26.83,25.25,26.53,26.1,-0.1,-0.3831,8.0463,1343739,34823858.72,1734200000.0,434200000.0
103,2009-02-26,sz002273,水晶光电,23.88,27.0,23.4,26.29,26.0,-2.12,-8.1538,9.8734,1648850,42118557.54,1592796000.0,398796000.0
104,2009-02-27,sz002273,水晶光电,21.5,23.73,21.49,23.73,23.88,-2.38,-9.9665,9.6759,1615883,35632989.4,1434050000.0,359050000.0
105,2009-03-02,sz002273,水晶光电,21.85,22.0,20.65,21.0,21.5,0.35,1.6279,5.9401,991996,21368618.26,1457395000.0,364895000.0
106,2009-03-03,sz002273,水晶光电,21.52,21.98,20.7,21.3,21.85,-0.33,-1.5103,7.2804,1215833,25928429.59,1435384000.0,359384000.0
107,2009-03-04,sz002273,水晶光电,23.2,23.2,21.52,21.56,21.52,1.68,7.8067,10.3998,1736760,39170084.98,1547440000.0,387440000.0
108,2009-03-05,sz002273,水晶光电,23.75,24.29,23.0,23.77,23.2,0.55,2.3707,12.6435,2111466,49950538.2,1584125000.0,396625000.0
109,2009-03-06,sz002273,水晶光电,23.1,23.58,22.85,23.02,23.75,-0.65,-2.7368,5.9448,992775,22973822.68,1540770000.0,385770000.0
110,2009-03-09,sz002273,水晶光电,21.47,23.58,21.0,23.22,23.1,-1.63,-7.0563,6.0876,1016624,22768607.66,1432049000.0,358549000.0
111,2009-03-10,sz002273,水晶光电,23.42,23.42,21.0,21.31,21.47,1.95,9.0824,9.2372,1542606,34790576.97,1562114000.0,391114000.0
112,2009-03-11,sz002273,水晶光电,23.1,23.95,23.0,23.41,23.42,-0.32,-1.3664,10.0679,1681347,39352008.57,1540770000.0,385770000.0
113,2009-03-12,sz002273,水晶光电,22.7,23.1,22.01,23.0,23.1,-0.4,-1.7316,5.0569,844507,18988071.05,1514090000.0,379090000.0
114,2009-03-13,sz002273,水晶光电,23.01,23.4,22.72,22.88,22.7,0.31,1.3656,5.5487,926640,21340555.01,1534767000.0,384267000.0
115,2009-03-16,sz002273,水晶光电,23.25,23.48,22.8,22.89,23.01,0.24,1.043,3.5958,600500,13902518.37,1550775000.0,388275000.0
116,2009-03-17,sz002273,水晶光电,24.05,24.49,23.0,23.0,23.25,0.8,3.4409,8.2149,1371886,32577483.26,1604135000.0,401635000.0
117,2009-03-18,sz002273,水晶光电,24.68,25.48,24.06,24.13,24.05,0.63,2.6195,10.5535,1762440,43358209.33,1646156000.0,412156000.0
118,2009-03-19,sz002273,水晶光电,25.05,25.15,24.24,24.24,24.68,0.37,1.4992,8.2182,1372440,34180230.38,1670835000.0,418335000.0
119,2009-03-20,sz002273,水晶光电,24.45,25.1,24.02,25.05,25.05,-0.6,-2.3952,8.5087,1420953,34815172.78,1630815000.0,408315000.0
120,2009-03-23,sz002273,水晶光电,24.98,25.45,24.06,24.1,24.45,0.53,2.1677,8.6433,1443433,36168805.21,1666166000.0,417166000.0
121,2009-03-24,sz002273,水晶光电,25.72,26.17,24.85,25.28,24.98,0.74,2.9624,10.8164,1806331,46217676.72,1715524000.0,429524000.0
122,2009-03-25,sz002273,水晶光电,25.5,25.86,25.27,25.71,25.72,-0.22,-0.8554,7.9001,1319314,33712386.0,1700850000.0,425850000.0
123,2009-03-26,sz002273,水晶光电,25.68,25.69,24.85,25.49,25.5,0.18,0.7059,7.1524,1194455,30249882.06,1712856000.0,428856000.0
124,2009-03-27,sz002273,水晶光电,25.88,26.0,25.56,25.88,25.68,0.2,0.7788,7.4186,1238900,31975898.89,1726196000.0,432196000.0
125,2009-03-30,sz002273,水晶光电,28.47,28.47,25.88,25.88,25.88,2.59,10.0077,20.7963,3472978,97511725.43,1898949000.0,475449000.0
126,2009-03-31,sz002273,水晶光电,30.13,31.28,28.0,28.58,28.47,1.66,5.8307,29.0176,4845932,144772231.3,2009671000.0,503171000.0
127,2009-04-01,sz002273,水晶光电,29.91,30.75,29.26,30.3,30.13,-0.22,-0.7302,17.4643,2916530,87325299.35,1994997000.0,499497000.0
128,2009-04-02,sz002273,水晶光电,30.0,30.65,29.62,29.88,29.91,0.09,0.3009,11.9846,2001434,60198942.09,2001000000.0,501000000.0
129,2009-04-03,sz002273,水晶光电,33.0,33.0,29.8,30.0,30.0,3.0,10.0,21.5221,3594188,114926024.68,2201100000.0,551100000.0
130,2009-04-07,sz002273,水晶光电,34.4,35.9,33.81,33.81,33.0,1.4,4.2424,24.4676,4086083,141510360.57,2294480000.0,574480000.0
131,2009-04-08,sz002273,水晶光电,32.1,34.3,32.01,33.6,34.4,-2.3,-6.686,19.8587,3316405,108699386.12,2141070000.0,536070000.0
132,2009-04-09,sz002273,水晶光电,35.31,35.31,30.58,31.8,32.1,3.21,10.0,21.8679,3651934,119946071.78,2355177000.0,589677000.0
133,2009-04-10,sz002273,水晶光电,34.8,37.5,33.0,33.5,35.31,-0.51,-1.4444,40.2158,6716039,235479271.19,2321160000.0,581160000.0
134,2009-04-13,sz002273,水晶光电,34.44,35.62,34.0,34.02,34.8,-0.36,-1.0345,21.6987,3623689,125636922.11,2297148000.0,575148000.0
135,2009-04-14,sz002273,水晶光电,35.34,36.13,33.75,34.11,34.44,0.9,2.6132,20.5542,3432551,120165057.0,2357178000.0,590178000.0
136,2009-04-15,sz002273,水晶光电,34.99,36.2,34.48,34.51,35.34,-0.35,-0.9904,15.6328,2610682,91605014.24,2333833000.0,584333000.0
137,2009-04-16,sz002273,水晶光电,33.3,35.6,32.88,35.2,34.99,-1.69,-4.83,15.6576,2614813,88460074.11,2221110000.0,556110000.0
138,2009-04-17,sz002273,水晶光电,31.99,33.05,31.5,33.03,33.3,-1.31,-3.9339,11.245,1877916,60205737.51,2133733000.0,534233000.0
139,2009-04-20,sz002273,水晶光电,32.3,32.7,31.3,31.5,31.99,0.31,0.9691,6.8651,1146469,37093977.94,2154410000.0,539410000.0
140,2009-04-21,sz002273,水晶光电,33.17,33.44,31.6,32.0,32.3,0.87,2.6935,9.9461,1660993,54231097.72,2212439000.0,553939000.0
141,2009-04-22,sz002273,水晶光电,29.85,33.33,29.85,32.79,33.17,-3.32,-10.009,8.663,2239387,70251445.76,1990995000.0,771622500.0
142,2009-04-23,sz002273,水晶光电,29.55,29.94,28.61,29.08,29.85,-0.3,-1.005,5.6143,1451294,42407398.41,1970985000.0,763867500.0
143,2009-04-24,sz002273,水晶光电,29.66,30.58,29.6,29.6,29.55,0.11,0.3723,3.9829,1029570,30966933.67,1978322000.0,766711000.0
144,2009-04-27,sz002273,水晶光电,28.1,29.66,28.0,29.65,29.66,-1.56,-5.2596,3.6211,936055,26724831.24,1874270000.0,726385000.0
145,2009-04-28,sz002273,水晶光电,28.7,29.19,28.01,28.1,28.1,0.6,2.1352,2.9511,762868,21923701.67,1914290000.0,741895000.0
146,2009-04-29,sz002273,水晶光电,30.12,30.78,28.5,28.7,28.7,1.42,4.9477,5.8326,1507719,45151524.89,2009004000.0,778602000.0
147,2009-04-30,sz002273,水晶光电,0.0,0.0,0.0,0.0,30.12,,,0.0,0,0.0,2009004000.0,778602000.0
148,2009-05-04,sz002273,水晶光电,30.92,31.26,30.0,30.18,30.12,0.8,2.656,3.9919,1031899,31709848.14,2062364000.0,799282000.0
149,2009-05-05,sz002273,水晶光电,31.2,31.98,30.99,30.99,30.92,0.28,0.9056,4.1259,1066541,33558128.03,2081040000.0,806520000.0
150,2009-05-06,sz002273,水晶光电,31.43,31.79,30.5,31.28,31.2,0.23,0.7372,3.4914,902521,28120585.85,2096381000.0,812465500.0
151,2009-05-07,sz002273,水晶光电,30.52,31.8,30.02,31.6,31.43,-0.91,-2.8953,4.1107,1062627,32606688.47,2035684000.0,788942000.0
152,2009-05-08,sz002273,水晶光电,29.45,30.5,29.03,30.5,30.52,-1.07,-3.5059,3.6314,938722,27726776.88,1964315000.0,761282500.0
153,2009-05-11,sz002273,水晶光电,28.61,30.4,28.6,29.65,29.45,-0.84,-2.8523,3.7605,972082,28419767.56,1908287000.0,739568500.0
154,2009-05-12,sz002273,水晶光电,29.3,29.36,28.03,28.04,28.61,0.69,2.4117,2.4641,636978,18330012.44,1954310000.0,757405000.0
155,2009-05-13,sz002273,水晶光电,30.3,30.3,29.5,29.82,29.3,1.0,3.413,3.7478,968807,29066798.76,2021010000.0,783255000.0
156,2009-05-14,sz002273,水晶光电,30.3,30.78,30.0,30.68,30.3,0.0,0.0,3.358,868040,26402547.24,2021010000.0,783255000.0
157,2009-05-15,sz002273,水晶光电,29.94,30.46,29.72,30.39,30.3,-0.36,-1.1881,2.9691,767512,23022725.41,1996998000.0,773949000.0
158,2009-05-18,sz002273,水晶光电,30.19,30.4,29.55,29.94,29.94,0.25,0.835,2.7244,704255,21129990.47,2013673000.0,780411500.0
159,2009-05-19,sz002273,水晶光电,22.61,23.19,22.3,22.99,22.99,-0.38,-1.6529,5.5186,1198079,27171744.37,1960513100.0,490863100.0
160,2009-05-20,sz002273,水晶光电,22.25,22.8,22.24,22.8,22.61,-0.36,-1.5922,4.8639,1055946,23635663.73,1929297500.0,483047500.0
161,2009-05-21,sz002273,水晶光电,21.41,22.24,21.18,22.1,22.25,-0.84,-3.7753,4.9772,1080551,23356331.83,1856461100.0,464811100.0
162,2009-05-22,sz002273,水晶光电,21.7,21.95,21.48,21.48,21.41,0.29,1.3545,3.3911,736200,15980813.61,1881607000.0,471107000.0
163,2009-05-25,sz002273,水晶光电,22.11,22.16,21.0,21.64,21.7,0.41,1.8894,3.9098,848823,18224434.39,1917158100.0,480008100.0
164,2009-05-26,sz002273,水晶光电,22.66,23.28,22.15,22.15,22.11,0.55,2.4876,8.3834,1820041,41629107.83,1964848600.0,491948600.0
165,2009-05-27,sz002273,水晶光电,22.9,23.0,22.02,22.66,22.66,0.24,1.0591,4.8578,1054626,23831790.65,1985659000.0,497159000.0
166,2009-06-01,sz002273,水晶光电,23.06,23.18,22.69,23.18,22.9,0.16,0.6987,5.8681,1273973,29225755.59,1999532600.0,500632600.0
167,2009-06-02,sz002273,水晶光电,22.8,23.25,22.7,23.19,23.06,-0.26,-1.1275,5.5132,1196924,27386108.14,1976988000.0,494988000.0
168,2009-06-03,sz002273,水晶光电,22.82,23.13,22.61,22.81,22.8,0.02,0.0877,6.5994,1432722,32831012.13,1978722200.0,495422200.0
169,2009-06-04,sz002273,水晶光电,22.6,22.87,21.9,22.87,22.82,-0.22,-0.9641,6.3585,1380432,30749917.76,1959646000.0,490646000.0
170,2009-06-05,sz002273,水晶光电,23.0,23.29,22.06,22.61,22.6,0.4,1.7699,8.9575,1944666,44456034.32,1994330000.0,499330000.0
171,2009-06-08,sz002273,水晶光电,22.7,22.96,22.4,22.96,23.0,-0.3,-1.3043,4.0667,882890,20028887.54,1968317000.0,492817000.0
172,2009-06-09,sz002273,水晶光电,22.4,22.77,22.28,22.71,22.7,-0.3,-1.3216,3.5856,778423,17439813.01,1942304000.0,486304000.0
173,2009-06-10,sz002273,水晶光电,22.78,22.9,22.38,22.62,22.4,0.38,1.6964,4.1702,905357,20533456.8,1975253800.0,494553800.0
174,2009-06-11,sz002273,水晶光电,23.79,24.8,22.72,22.78,22.78,1.01,4.4337,13.3324,2894466,69206318.46,2062830900.0,516480900.0
175,2009-06-12,sz002273,水晶光电,22.67,23.68,22.52,23.41,23.79,-1.12,-4.7079,7.1823,1559268,35889382.67,1965715700.0,492165700.0
176,2009-06-15,sz002273,水晶光电,22.4,22.62,22.08,22.62,22.67,-0.27,-1.191,4.1502,901019,20053424.25,1942304000.0,486304000.0
177,2009-06-16,sz002273,水晶光电,22.14,22.25,21.85,22.25,22.4,-0.26,-1.1607,5.0,1085494,23920879.14,1919759400.0,480659400.0
178,2009-06-17,sz002273,水晶光电,22.29,22.33,21.99,22.14,22.14,0.15,0.6775,2.8937,628214,13934206.39,1932765900.0,483915900.0
179,2009-06-18,sz002273,水晶光电,22.18,22.39,22.1,22.36,22.29,-0.11,-0.4935,3.086,669972,14856813.75,1923227800.0,481527800.0
180,2009-06-19,sz002273,水晶光电,21.86,22.27,21.7,22.18,22.18,-0.32,-1.4427,5.4043,1173269,25635386.38,1895480600.0,474580600.0
181,2009-06-22,sz002273,水晶光电,0.0,0.0,0.0,0.0,21.86,,,0.0,0,0.0,1895480600.0,474580600.0
182,2009-06-23,sz002273,水晶光电,22.3,22.5,21.01,21.65,21.86,0.44,2.0128,6.7942,1475029,32379494.06,1933633000.0,484133000.0
183,2009-06-24,sz002273,水晶光电,22.03,22.5,21.9,22.2,22.3,-0.27,-1.2108,4.1966,911089,20113946.01,1910221300.0,478271300.0
184,2009-06-25,sz002273,水晶光电,22.22,22.5,21.85,22.19,22.03,0.19,0.8625,5.3074,1152231,25670300.74,1926696200.0,482396200.0
185,2009-06-26,sz002273,水晶光电,22.1,22.45,22.0,22.27,22.22,-0.12,-0.5401,4.6121,1001287,22280961.8,1916291000.0,479791000.0
186,2009-06-29,sz002273,水晶光电,21.59,22.13,21.51,22.12,22.1,-0.51,-2.3077,5.4659,1186657,25767519.62,1872068900.0,468718900.0
187,2009-06-30,sz002273,水晶光电,21.37,21.79,21.32,21.52,21.59,-0.22,-1.019,3.4929,758317,16313624.72,1852992700.0,463942700.0
188,2009-07-01,sz002273,水晶光电,21.42,21.54,21.11,21.35,21.37,0.05,0.234,3.8121,827600,17559750.54,1857328200.0,465028200.0
189,2009-07-02,sz002273,水晶光电,21.29,21.59,21.26,21.45,21.42,-0.13,-0.6069,4.0626,881988,18855472.79,1846055900.0,462205900.0
190,2009-07-03,sz002273,水晶光电,21.33,21.51,21.09,21.29,21.29,0.04,0.1879,3.5302,766403,16371249.46,1849524300.0,463074300.0
191,2009-07-06,sz002273,水晶光电,21.34,21.5,21.17,21.26,21.33,0.01,0.0469,3.4814,755803,16081189.31,1850391400.0,463291400.0
192,2009-07-07,sz002273,水晶光电,21.92,22.27,21.34,21.48,21.34,0.58,2.7179,8.7107,1891085,41628721.89,1900683200.0,475883200.0
193,2009-07-08,sz002273,水晶光电,21.81,21.97,21.5,21.96,21.92,-0.11,-0.5018,5.409,1174297,25505418.33,1891145100.0,473495100.0
194,2009-07-09,sz002273,水晶光电,23.19,23.8,21.71,21.8,21.81,1.38,6.3274,15.6503,3397675,77609775.38,2010804900.0,503454900.0
195,2009-07-10,sz002273,水晶光电,22.68,23.25,22.5,23.1,23.19,-0.51,-2.1992,8.5071,1846897,41967282.36,1966582800.0,492382800.0
196,2009-07-13,sz002273,水晶光电,22.82,23.36,22.6,22.85,22.68,0.14,0.6173,7.1057,1542640,35415693.26,1978722200.0,495422200.0
197,2009-07-14,sz002273,水晶光电,23.05,23.15,22.7,23.0,22.82,0.23,1.0079,6.0632,1316318,30136640.6,1998665500.0,500415500.0
198,2009-07-15,sz002273,水晶光电,23.49,23.5,23.0,23.1,23.05,0.44,1.9089,9.9105,2151567,50199456.88,2036817900.0,509967900.0
199,2009-07-16,sz002273,水晶光电,22.95,23.8,22.5,23.6,23.49,-0.54,-2.2989,7.165,1555530,36053122.76,1989994500.0,498244500.0
200,2009-07-17,sz002273,水晶光电,23.17,23.28,22.8,22.8,22.95,0.22,0.9586,6.0069,1304091,29983799.0,2009070700.0,503020700.0
201,2009-07-20,sz002273,水晶光电,24.45,24.86,23.01,23.16,23.17,1.28,5.5244,16.5775,3598984,85845217.74,2120059500.0,530809500.0
202,2009-07-21,sz002273,水晶光电,23.29,24.35,23.25,24.35,24.45,-1.16,-4.7444,11.5488,2507236,59592114.76,2019475900.0,505625900.0
203,2009-07-22,sz002273,水晶光电,23.3,23.59,23.17,23.17,23.29,0.01,0.0429,5.6002,1215811,28395413.96,2020343000.0,505843000.0
204,2009-07-23,sz002273,水晶光电,22.96,23.39,22.78,23.19,23.3,-0.34,-1.4592,6.5813,1428790,32831746.76,1990861600.0,498461600.0
205,2009-07-24,sz002273,水晶光电,23.07,23.48,22.56,22.97,22.96,0.11,0.4791,5.7118,1240036,28546384.25,2000399700.0,500849700.0
206,2009-07-27,sz002273,水晶光电,23.64,23.92,22.82,23.01,23.07,0.57,2.4707,8.183,1776527,41635394.48,2049824400.0,513224400.0
207,2009-07-28,sz002273,水晶光电,23.79,23.96,23.19,23.96,23.64,0.15,0.6345,9.3834,2037141,48134657.16,2062830900.0,516480900.0
208,2009-07-29,sz002273,水晶光电,24.19,24.78,22.0,23.79,23.79,0.4,1.6814,21.2409,4611406,110969558.89,2097514900.0,525164900.0
209,2009-07-30,sz002273,水晶光电,23.58,24.47,23.0,24.25,24.19,-0.61,-2.5217,11.165,2423932,57414748.31,2044621800.0,511921800.0
210,2009-07-31,sz002273,水晶光电,24.59,24.88,23.6,23.61,23.58,1.01,4.2833,18.4329,4001776,97626149.39,2132198900.0,533848900.0
211,2009-08-03,sz002273,水晶光电,24.98,25.38,24.21,24.5,24.59,0.39,1.586,16.204,3517895,87696140.81,2166015800.0,542315800.0
212,2009-08-04,sz002273,水晶光电,25.01,25.21,24.0,24.8,24.98,0.03,0.1201,11.3419,2462329,60793017.18,2168617100.0,542967100.0
213,2009-08-05,sz002273,水晶光电,25.33,25.7,24.6,25.1,25.01,0.32,1.2795,13.5247,2936216,74035638.11,2196364300.0,549914300.0
214,2009-08-06,sz002273,水晶光电,24.38,25.19,24.38,25.19,25.33,-0.95,-3.7505,7.9667,1729575,42791248.05,2113989800.0,529289800.0
215,2009-08-07,sz002273,水晶光电,23.52,24.5,23.5,24.16,24.38,-0.86,-3.5275,7.7493,1682375,40386496.14,2039419200.0,510619200.0
216,2009-08-10,sz002273,水晶光电,23.35,23.95,23.2,23.6,23.52,-0.17,-0.7228,3.8463,835033,19554445.86,2024678500.0,506928500.0
217,2009-08-11,sz002273,水晶光电,23.56,23.73,23.31,23.5,23.35,0.21,0.8994,3.0494,662020,15584811.99,2042887600.0,511487600.0
218,2009-08-12,sz002273,水晶光电,21.75,23.7,21.52,23.6,23.56,-1.81,-7.6825,6.3668,1382236,31017754.73,1885942500.0,472192500.0
219,2009-08-13,sz002273,水晶光电,21.84,22.14,21.52,21.6,21.75,0.09,0.4138,3.5758,776296,16935253.03,1893746400.0,474146400.0
220,2009-08-14,sz002273,水晶光电,21.76,22.93,21.73,22.02,21.84,-0.08,-0.3663,7.2951,1583773,35464925.2,1886809600.0,472409600.0
221,2009-08-17,sz002273,水晶光电,19.68,22.11,19.58,21.6,21.76,-2.08,-9.5588,5.6541,1227503,25683888.95,1706452800.0,427252800.0
222,2009-08-18,sz002273,水晶光电,19.88,20.0,19.25,19.32,19.68,0.2,1.0163,3.3577,728963,14289112.38,1723794800.0,431594800.0
223,2009-08-19,sz002273,水晶光电,18.1,19.96,17.9,19.6,19.88,-1.78,-8.9537,4.4519,966499,18251084.64,1569451000.0,392951000.0
224,2009-08-20,sz002273,水晶光电,18.67,18.8,17.71,17.8,18.1,0.57,3.1492,5.3571,1163020,21277731.27,1618875700.0,405325700.0
225,2009-08-21,sz002273,水晶光电,19.05,19.15,18.41,18.68,18.67,0.38,2.0354,5.4068,1173826,22139214.21,1651825500.0,413575500.0
226,2009-08-24,sz002273,水晶光电,19.89,20.21,19.0,19.05,19.05,0.84,4.4094,7.4328,1613662,31791315.21,1724661900.0,431811900.0
227,2009-08-25,sz002273,水晶光电,19.01,19.94,18.72,19.94,19.89,-0.88,-4.4243,5.3359,1158429,22199123.08,1648357100.0,412707100.0
228,2009-08-26,sz002273,水晶光电,19.45,19.7,18.71,18.97,19.01,0.44,2.3146,4.7554,1032403,20033202.53,1686509500.0,422259500.0
229,2009-08-27,sz002273,水晶光电,19.97,20.11,19.32,19.45,19.45,0.52,2.6735,5.7177,1241303,24649516.07,1731598700.0,433548700.0
230,2009-08-28,sz002273,水晶光电,20.7,20.96,19.7,19.97,19.97,0.73,3.6555,9.7058,2107134,43061626.54,1794897000.0,449397000.0
231,2009-08-31,sz002273,水晶光电,20.17,20.74,19.68,20.49,20.7,-0.53,-2.5604,9.5415,2071449,41799895.27,1748940700.0,437890700.0
232,2009-09-01,sz002273,水晶光电,19.7,20.17,19.19,20.17,20.17,-0.47,-2.3302,3.5915,1206914,23685916.22,1708187000.0,662018500.0
233,2009-09-02,sz002273,水晶光电,20.35,20.58,19.52,19.75,19.7,0.65,3.2995,5.5489,1864711,37319364.15,1764548500.0,683861750.0
234,2009-09-03,sz002273,水晶光电,20.87,21.12,19.9,20.1,20.35,0.52,2.5553,7.3607,2473569,50892982.3,1809637700.0,701336350.0
235,2009-09-04,sz002273,水晶光电,21.02,21.15,20.57,20.88,20.87,0.15,0.7187,5.2066,1749686,36471280.34,1822644200.0,706377100.0
236,2009-09-07,sz002273,水晶光电,20.75,21.59,20.61,21.44,21.02,-0.27,-1.2845,6.7152,2256640,47546053.4,1799232500.0,697303750.0
237,2009-09-08,sz002273,水晶光电,20.65,20.75,20.2,20.5,20.75,-0.1,-0.4819,4.2126,1415631,29028758.46,1790561500.0,693943250.0
238,2009-09-09,sz002273,水晶光电,20.87,20.94,20.0,20.66,20.65,0.22,1.0654,4.434,1490049,30505122.28,1809637700.0,701336350.0
239,2009-09-10,sz002273,水晶光电,20.35,20.87,20.1,20.87,20.87,-0.52,-2.4916,2.9108,978181,20028951.55,1764548500.0,683861750.0
240,2009-09-11,sz002273,水晶光电,20.41,20.7,20.2,20.25,20.35,0.06,0.2948,2.6693,897018,18350626.41,1769751100.0,685878050.0
241,2009-09-14,sz002273,水晶光电,21.9,21.9,20.34,20.44,20.41,1.49,7.3003,7.0001,2352372,49651278.3,1898949000.0,735949500.0
242,2009-09-15,sz002273,水晶光电,22.62,24.05,22.11,22.14,21.9,0.72,3.2877,15.5439,5223536,120128659.5,1961380200.0,760145100.0
243,2009-09-16,sz002273,水晶光电,22.29,22.65,21.68,22.3,22.62,-0.33,-1.4589,6.2421,2097654,46307257.56,1932765900.0,749055450.0
244,2009-09-17,sz002273,水晶光电,22.99,23.25,21.95,22.09,22.29,0.7,3.1404,7.0349,2364067,53836183.67,1993462900.0,772578950.0
245,2009-09-18,sz002273,水晶光电,21.71,23.19,21.11,23.1,22.99,-1.28,-5.5676,6.1287,2059553,46364764.19,1882474100.0,729564550.0
246,2009-09-21,sz002273,水晶光电,20.96,21.48,19.79,21.0,21.71,-0.75,-3.4546,4.2911,2549355,52355130.62,1817441600.0,1245233600.0
247,2009-09-22,sz002273,水晶光电,20.9,20.98,20.2,20.97,20.96,-0.06,-0.2863,4.0072,2380667,49273564.18,1812239000.0,1241669000.0
248,2009-09-23,sz002273,水晶光电,20.44,20.91,20.31,20.7,20.9,-0.46,-2.201,2.6164,1554399,32185608.48,1772352400.0,1214340400.0
249,2009-09-24,sz002273,水晶光电,19.8,20.67,19.36,20.44,20.44,-0.64,-3.1311,2.0798,1235596,24657502.31,1716858000.0,1176318000.0
250,2009-09-25,sz002273,水晶光电,19.5,19.99,19.39,19.8,19.8,-0.3,-1.5152,1.342,797260,15657885.67,1690845000.0,1158495000.0
251,2009-09-28,sz002273,水晶光电,18.2,19.88,18.0,19.78,19.5,-1.3,-6.6667,1.4382,854463,16351099.82,1578122000.0,1081262000.0
252,2009-09-29,sz002273,水晶光电,18.01,18.48,17.72,18.39,18.2,-0.19,-1.044,1.3575,806486,14538295.48,1561647100.0,1069974100.0
253,2009-09-30,sz002273,水晶光电,18.0,18.48,17.98,18.19,18.01,-0.01,-0.0555,1.5522,922182,16786137.19,1560780000.0,1069380000.0
254,2009-10-09,sz002273,水晶光电,19.09,19.1,18.2,18.2,18.0,1.09,6.0556,1.7987,1068579,20096444.57,1655293900.0,1134136900.0
255,2009-10-12,sz002273,水晶光电,19.21,19.47,18.88,19.15,19.09,0.12,0.6286,1.7374,1032181,19887659.72,1665699100.0,1141266100.0
256,2009-10-13,sz002273,水晶光电,19.34,19.38,19.01,19.21,19.21,0.13,0.6767,1.0806,642001,12339713.17,1676971400.0,1148989400.0
257,2009-10-14,sz002273,水晶光电,19.36,19.85,19.25,19.35,19.34,0.02,0.1034,1.9819,1177469,22981422.68,1678705600.0,1150177600.0
258,2009-10-15,sz002273,水晶光电,19.75,20.2,19.45,19.45,19.36,0.39,2.0145,2.9807,1770849,35124080.57,1712522500.0,1173347500.0
259,2009-10-16,sz002273,水晶光电,20.03,20.15,19.58,19.75,19.75,0.28,1.4177,2.6593,1579910,31486743.51,1736801300.0,1189982300.0
260,2009-10-19,sz002273,水晶光电,20.15,20.15,19.77,20.0,20.03,0.12,0.5991,2.1897,1300919,26047760.61,1747206500.0,1197111500.0
261,2009-10-20,sz002273,水晶光电,20.93,20.94,20.06,20.26,20.15,0.78,3.871,3.2718,1943754,40269929.23,1814840300.0,1243451300.0
262,2009-10-21,sz002273,水晶光电,21.08,22.1,21.01,21.35,20.93,0.15,0.7167,6.3518,3773599,81585528.7,1827846800.0,1252362800.0
263,2009-10-22,sz002273,水晶光电,23.19,23.19,20.98,21.08,21.08,2.11,10.0095,13.5725,8063420,182340042.64,2010804900.0,1377717900.0
264,2009-10-23,sz002273,水晶光电,23.69,23.7,22.8,23.2,23.19,0.5,2.1561,11.0568,6568830,153612228.39,2054159900.0,1407422900.0
265,2009-10-26,sz002273,水晶光电,26.06,26.06,23.52,23.69,23.69,2.37,10.0042,12.7447,7571642,192546095.57,2259662600.0,1548224600.0
266,2009-10-27,sz002273,水晶光电,26.36,28.0,26.08,26.91,26.06,0.3,1.1512,14.0793,8364525,224746611.45,2285675600.0,1566047600.0
267,2009-10-28,sz002273,水晶光电,27.2,27.47,25.83,26.1,26.36,0.84,3.1866,10.1154,6009585,161397008.5,2358512000.0,1615952000.0
268,2009-10-29,sz002273,水晶光电,26.11,26.99,25.61,26.41,27.2,-1.09,-4.0074,6.3435,3768675,98677909.42,2263998100.0,1551195100.0
269,2009-10-30,sz002273,水晶光电,25.99,26.58,25.62,26.5,26.11,-0.12,-0.4596,5.4535,3239934,84506897.21,2253592900.0,1544065900.0
270,2009-11-02,sz002273,水晶光电,27.3,27.3,25.0,25.3,25.99,1.31,5.0404,8.8087,5233238,138537734.24,2367183000.0,1621893000.0
271,2009-11-03,sz002273,水晶光电,27.16,27.39,26.75,26.98,27.3,-0.14,-0.5128,5.2502,3119118,84303566.52,2355043600.0,1613575600.0
272,2009-11-04,sz002273,水晶光电,28.82,29.55,26.5,27.14,27.16,1.66,6.1119,8.9,5287494,147298000.11,2498982200.0,1712196200.0
273,2009-11-05,sz002273,水晶光电,28.35,28.77,27.96,28.49,28.82,-0.47,-1.6308,3.6151,2147706,60767022.48,2458228500.0,1684273500.0
274,2009-11-06,sz002273,水晶光电,28.31,28.88,28.02,28.21,28.35,-0.04,-0.1411,3.5922,2134137,60540853.05,2454760100.0,1681897100.0
275,2009-11-09,sz002273,水晶光电,27.77,28.34,27.09,28.19,28.31,-0.54,-1.9075,4.5155,2682684,74036852.04,2407936700.0,1649815700.0
276,2009-11-10,sz002273,水晶光电,28.15,28.27,27.39,27.7,27.77,0.38,1.3684,3.102,1842886,51491745.36,2440886500.0,1672391500.0
277,2009-11-11,sz002273,水晶光电,27.64,28.15,27.4,28.15,28.15,-0.51,-1.8117,2.1187,1258711,34716543.46,2396664400.0,1642092400.0
278,2009-11-12,sz002273,水晶光电,27.77,28.25,27.6,27.72,27.64,0.13,0.4703,2.2407,1331217,37038947.8,2407936700.0,1649815700.0
279,2009-11-13,sz002273,水晶光电,28.53,29.0,27.6,27.8,27.77,0.76,2.7368,4.3812,2602867,74110791.25,2473836300.0,1694967300.0
280,2009-11-16,sz002273,水晶光电,31.38,31.38,28.68,28.68,28.53,2.85,9.9895,5.9701,3546827,108233976.45,2720959800.0,1864285800.0
281,2009-11-17,sz002273,水晶光电,30.7,31.45,30.12,30.7,31.38,-0.68,-2.167,3.328,1977190,60632675.6,2661997000.0,1823887000.0
282,2009-11-18,sz002273,水晶光电,30.91,31.3,30.2,30.75,30.7,0.21,0.684,2.8119,1670574,51420237.34,2680206100.0,1836363100.0
283,2009-11-19,sz002273,水晶光电,31.5,31.62,30.28,30.5,30.91,0.59,1.9088,2.494,1481679,46164704.78,2731365000.0,1871415000.0
284,2009-11-20,sz002273,水晶光电,31.0,31.85,30.72,31.21,31.5,-0.5,-1.5873,1.7681,1050400,32643875.22,2688010000.0,1841710000.0
285,2009-11-23,sz002273,水晶光电,30.7,31.0,30.3,30.69,31.0,-0.3,-0.9677,3.1701,1883368,57512332.2,2661997000.0,1823887000.0
286,2009-11-24,sz002273,水晶光电,29.0,31.25,29.0,30.7,30.7,-1.7,-5.5375,2.524,1499493,45668594.57,2514590000.0,1722890000.0
287,2009-11-25,sz002273,水晶光电,29.92,30.18,28.57,28.57,29.0,0.92,3.1724,2.0072,1192468,35398844.39,2594363200.0,1777547200.0
288,2009-11-26,sz002273,水晶光电,27.04,29.81,26.98,29.71,29.92,-2.88,-9.6257,4.3612,2591013,72986809.69,2344638400.0,1606446400.0
289,2009-11-27,sz002273,水晶光电,26.39,27.53,25.98,27.0,27.04,-0.65,-2.4038,3.7687,2238987,59584778.78,2288276900.0,1567829900.0
290,2009-11-30,sz002273,水晶光电,27.99,28.08,26.69,27.0,26.39,1.6,6.0629,2.783,1653385,45595989.8,2427012900.0,1662885900.0
291,2009-12-01,sz002273,水晶光电,29.67,30.29,27.89,27.95,27.99,1.68,6.0021,3.4895,2073109,60819933.09,2572685700.0,1762694700.0
292,2009-12-02,sz002273,水晶光电,29.8,29.98,29.2,29.67,29.67,0.13,0.4382,2.6963,1601894,47455160.69,2583958000.0,1770418000.0
293,2009-12-03,sz002273,水晶光电,30.01,30.66,29.48,29.48,29.8,0.21,0.7047,2.0074,1192602,35858344.03,2602167100.0,1782894100.0
294,2009-12-04,sz002273,水晶光电,28.99,30.86,28.2,29.62,30.01,-1.02,-3.3989,3.1241,1856046,54749984.42,2513722900.0,1722295900.0
295,2009-12-07,sz002273,水晶光电,29.65,30.3,28.65,28.99,28.99,0.66,2.2766,2.0688,1229065,36401314.45,2570951500.0,1761506500.0
296,2009-12-08,sz002273,水晶光电,30.12,30.49,29.03,29.8,29.65,0.47,1.5852,2.5679,1525602,45672982.97,2611705200.0,1789429200.0
297,2009-12-09,sz002273,水晶光电,29.12,30.15,28.7,29.9,30.12,-1.0,-3.3201,1.8547,1101860,32435833.78,2524995200.0,1730019200.0
298,2009-12-10,sz002273,水晶光电,30.1,30.28,29.05,29.12,29.12,0.98,3.3654,2.0103,1194298,35486354.2,2609971000.0,1788241000.0
299,2009-12-11,sz002273,水晶光电,31.1,31.78,29.8,30.05,30.1,1.0,3.3223,4.4241,2628342,80964685.42,2696681000.0,1847651000.0
300,2009-12-14,sz002273,水晶光电,30.9,32.5,30.75,31.2,31.1,-0.2,-0.6431,4.592,2728078,86027244.7,2679339000.0,1835769000.0
301,2009-12-15,sz002273,水晶光电,30.39,30.9,29.99,30.88,30.9,-0.51,-1.6505,2.9405,1746931,52871187.41,2635116900.0,1805469900.0
302,2009-12-16,sz002273,水晶光电,29.99,30.38,29.6,30.38,30.39,-0.4,-1.3162,1.4902,885304,26496339.4,2600432900.0,1781705900.0
303,2009-12-17,sz002273,水晶光电,28.6,30.01,28.38,29.89,29.99,-1.39,-4.6349,2.2971,1364707,39694031.64,2479906000.0,1699126000.0
304,2009-12-18,sz002273,水晶光电,27.39,28.77,27.1,28.54,28.6,-1.21,-4.2308,1.8541,1101508,30440120.86,2374986900.0,1627239900.0
305,2009-12-21,sz002273,水晶光电,0.0,0.0,0.0,0.0,27.39,,,0.0,0,0.0,2374986900.0,1627239900.0
306,2009-12-22,sz002273,水晶光电,27.68,28.5,27.1,27.78,27.39,0.29,1.0588,1.8239,1083594,30272746.68,2400132800.0,1644468800.0
307,2009-12-23,sz002273,水晶光电,27.95,28.3,27.27,27.68,27.68,0.27,0.9754,1.3309,790704,22075621.53,2423544500.0,1660509500.0
308,2009-12-24,sz002273,水晶光电,29.55,29.93,27.8,27.9,27.95,1.6,5.7245,2.1614,1284059,37394812.89,2562280500.0,1755565500.0
309,2009-12-25,sz002273,水晶光电,31.15,31.94,30.31,31.05,29.55,1.6,5.4146,5.8887,3498500,109233081.18,2701016500.0,1850621500.0
310,2009-12-28,sz002273,水晶光电,31.49,32.25,31.2,31.24,31.15,0.34,1.0915,4.3248,2569391,81337310.62,2730497900.0,1870820900.0
311,2009-12-29,sz002273,水晶光电,33.69,34.4,30.8,31.2,31.49,2.2,6.9863,6.2897,3736701,122461268.09,2921259900.0,2001522900.0
312,2009-12-30,sz002273,水晶光电,32.8,33.96,32.0,33.45,33.69,-0.89,-2.6417,4.7498,2821828,92415879.35,2844088000.0,1948648000.0
313,2009-12-31,sz002273,水晶光电,32.28,33.5,31.88,32.28,32.8,-0.52,-1.5854,5.0229,2984131,97006247.91,2798998800.0,1917754800.0
314,2010-01-04,sz002273,水晶光电,34.0,34.18,32.0,32.3,32.28,1.72,5.3284,4.4497,2643545,87705880.44,2948140000.0,2019940000.0
315,2010-01-05,sz002273,水晶光电,34.97,35.3,33.11,33.11,34.0,0.97,2.8529,4.9614,2947596,100865158.06,3032248700.0,2077567700.0
316,2010-01-06,sz002273,水晶光电,33.8,35.0,33.7,34.57,34.97,-1.17,-3.3457,2.2552,1339788,45937097.66,2930798000.0,2008058000.0
317,2010-01-07,sz002273,水晶光电,34.0,35.3,33.42,33.6,33.8,0.2,0.5917,4.4575,2648176,91176743.84,2948140000.0,2019940000.0
318,2010-01-08,sz002273,水晶光电,33.88,34.59,33.38,34.0,34.0,-0.12,-0.3529,2.2001,1307081,44398520.27,2937734800.0,2012810800.0
319,2010-01-11,sz002273,水晶光电,35.3,35.6,33.47,33.91,33.88,1.42,4.1913,5.1155,3039134,105866909.61,3060863000.0,2097173000.0
320,2010-01-12,sz002273,水晶光电,38.2,38.83,35.8,35.81,35.3,2.9,8.2153,10.9764,6521090,247996752.08,3312322000.0,2269462000.0
321,2010-01-13,sz002273,水晶光电,38.6,40.98,36.48,37.14,38.2,0.4,1.0471,12.4181,7377581,288309047.68,3347006000.0,2293226000.0
322,2010-01-14,sz002273,水晶光电,39.04,39.85,37.95,38.9,38.6,0.44,1.1399,4.6546,2765278,107164446.67,3385158400.0,2319366400.0
323,2010-01-15,sz002273,水晶光电,39.1,40.46,38.51,38.65,39.04,0.06,0.1537,3.5209,2091760,82484048.1,3390361000.0,2322931000.0
324,2010-01-18,sz002273,水晶光电,41.99,42.9,38.5,39.01,39.1,2.89,7.3913,5.3095,3154368,128147353.72,3640952900.0,2494625900.0
325,2010-01-19,sz002273,水晶光电,40.9,42.44,40.06,41.79,41.99,-1.09,-2.5959,4.0904,2430091,99444719.66,3546439000.0,2429869000.0
326,2010-01-20,sz002273,水晶光电,37.39,40.91,36.81,40.91,40.9,-3.51,-8.5819,5.4769,3253851,125885154.81,3242086900.0,2221339900.0
327,2010-01-21,sz002273,水晶光电,37.78,38.18,35.8,37.3,37.39,0.39,1.0431,3.0255,1797457,66655251.36,3275903800.0,2244509800.0
328,2010-01-22,sz002273,水晶光电,35.9,37.2,35.11,37.0,37.78,-1.88,-4.9762,3.2304,1919186,69018708.34,3112889000.0,2132819000.0
329,2010-01-25,sz002273,水晶光电,36.1,36.6,35.32,35.6,35.9,0.2,0.5571,1.7726,1053116,37989755.18,3130231000.0,2144701000.0
330,2010-01-26,sz002273,水晶光电,33.85,36.46,33.01,35.88,36.1,-2.25,-6.2327,2.4422,1450910,49965307.45,2935133500.0,2011028500.0
331,2010-01-27,sz002273,水晶光电,34.7,35.55,33.22,33.9,33.85,0.85,2.5111,4.4074,2618442,89829229.87,3008837000.0,2061527000.0
332,2010-01-28,sz002273,水晶光电,35.36,35.5,34.05,34.11,34.7,0.66,1.902,2.8422,1688522,58624462.7,3066065600.0,2100737600.0
333,2010-01-29,sz002273,水晶光电,36.19,37.0,34.77,35.3,35.36,0.83,2.3473,3.7498,2227744,80845539.01,3138034900.0,2150047900.0
334,2010-02-01,sz002273,水晶光电,36.0,36.38,34.9,36.2,36.19,-0.19,-0.525,2.327,1382496,49080596.48,3121560000.0,2138760000.0
335,2010-02-02,sz002273,水晶光电,35.0,36.5,34.85,36.2,36.0,-1.0,-2.7778,3.1924,1896587,67031401.85,3034850000.0,2079350000.0
336,2010-02-03,sz002273,水晶光电,33.82,35.18,32.41,35.02,35.0,-1.18,-3.3714,2.7689,1644988,54917906.33,2932532200.0,2009246200.0
337,2010-02-04,sz002273,水晶光电,34.2,34.82,33.2,33.82,33.82,0.38,1.1236,1.767,1049760,35825373.26,2965482000.0,2031822000.0
338,2010-02-05,sz002273,水晶光电,33.6,33.73,32.6,33.5,34.2,-0.6,-1.7544,1.87,1110977,36922515.84,2913456000.0,1996176000.0
339,2010-02-08,sz002273,水晶光电,33.58,33.67,32.9,33.6,33.6,-0.02,-0.0595,0.9821,583476,19424671.95,2911721800.0,1994987800.0
340,2010-02-09,sz002273,水晶光电,33.58,33.98,33.2,33.2,33.58,0.0,0.0,0.7491,445016,14946167.69,2911721800.0,1994987800.0
341,2010-02-10,sz002273,水晶光电,35.71,36.2,33.7,34.0,33.58,2.13,6.3431,2.7314,1622724,57427457.25,3096414100.0,2121531100.0
342,2010-02-11,sz002273,水晶光电,34.81,35.75,34.75,35.71,35.71,-0.9,-2.5203,1.3118,779354,27486846.01,3018375100.0,2068062100.0
343,2010-02-12,sz002273,水晶光电,35.2,35.59,34.3,34.6,34.81,0.39,1.1204,1.0522,625084,21953779.73,3052192000.0,2091232000.0
344,2010-02-22,sz002273,水晶光电,36.64,37.16,35.0,35.2,35.2,1.44,4.0909,2.4664,1465304,53588087.13,3177054400.0,2176782400.0
345,2010-02-23,sz002273,水晶光电,37.8,38.13,36.27,36.64,36.64,1.16,3.1659,2.109,1252963,46661676.15,3277638000.0,2245698000.0
346,2010-02-24,sz002273,水晶光电,38.37,38.66,37.1,37.4,37.8,0.57,1.5079,2.138,1270196,48328608.88,3327062700.0,2279561700.0
347,2010-02-25,sz002273,水晶光电,37.89,38.98,37.3,38.19,38.37,-0.48,-1.251,2.4286,1442828,55142429.64,3285441900.0,2251044900.0
348,2010-02-26,sz002273,水晶光电,37.28,38.0,37.23,38.0,37.89,-0.61,-1.6099,1.8291,1086655,40691523.12,3232548800.0,2214804800.0
349,2010-03-01,sz002273,水晶光电,37.45,37.65,37.0,37.29,37.28,0.17,0.456,1.6838,1000346,37331995.64,3247289500.0,2224904500.0
350,2010-03-02,sz002273,水晶光电,38.75,38.77,37.12,37.5,37.45,1.3,3.4713,2.4537,1457761,55631030.63,3360012500.0,2302137500.0
351,2010-03-03,sz002273,水晶光电,37.55,38.75,37.37,38.7,38.75,-1.2,-3.0968,3.3081,1965361,74043453.96,3255960500.0,2230845500.0
352,2010-03-04,sz002273,水晶光电,35.74,37.77,35.58,37.55,37.55,-1.81,-4.8202,2.352,1397295,51128386.59,3099015400.0,2123313400.0
353,2010-03-05,sz002273,水晶光电,36.41,36.6,35.48,35.61,35.74,0.67,1.8747,1.4275,848057,30535237.46,3157111100.0,2163118100.0
354,2010-03-08,sz002273,水晶光电,37.47,37.58,36.38,36.41,36.41,1.06,2.9113,1.9587,1163676,43263188.16,3249023700.0,2226092700.0
355,2010-03-09,sz002273,水晶光电,35.96,37.48,35.87,37.48,37.47,-1.51,-4.0299,2.7832,1653498,59947147.93,3118091600.0,2136383600.0
356,2010-03-10,sz002273,水晶光电,35.21,36.53,34.96,35.97,35.96,-0.75,-2.0857,2.4192,1437239,51145564.14,3053059100.0,2091826100.0
357,2010-03-11,sz002273,水晶光电,35.26,35.59,34.82,35.29,35.21,0.05,0.142,0.8282,492022,17304394.04,3057394600.0,2094796600.0
358,2010-03-12,sz002273,水晶光电,34.91,35.39,34.03,35.28,35.26,-0.35,-0.9926,2.7052,1607142,55526770.27,3027046100.0,2074003100.0
359,2010-03-15,sz002273,水晶光电,34.06,34.68,33.9,34.3,34.91,-0.85,-2.4348,1.2775,758943,25917830.52,2953342600.0,2023504600.0
360,2010-03-16,sz002273,水晶光电,34.5,34.5,33.83,34.2,34.06,0.44,1.2918,1.0157,603441,20638825.82,2991495000.0,2049645000.0
361,2010-03-17,sz002273,水晶光电,36.93,37.49,35.68,35.8,34.5,2.43,7.0435,5.5953,3324180,121931689.81,3202200300.0,2194011300.0
362,2010-03-18,sz002273,水晶光电,36.47,37.24,36.31,36.56,36.93,-0.46,-1.2456,3.0723,1825233,67043039.39,3162313700.0,2166682700.0
363,2010-03-19,sz002273,水晶光电,36.8,37.47,36.42,36.51,36.47,0.33,0.9049,3.4098,2025773,75081521.99,3190928000.0,2186288000.0
364,2010-03-22,sz002273,水晶光电,37.3,37.45,36.56,36.88,36.8,0.5,1.3587,2.4085,1430867,53160817.24,3234283000.0,2215993000.0
365,2010-03-23,sz002273,水晶光电,36.96,37.45,36.6,37.38,37.3,-0.34,-0.9115,1.5209,903542,33410803.94,3204801600.0,2195793600.0
366,2010-03-24,sz002273,水晶光电,38.64,39.15,36.6,36.83,36.96,1.68,4.5455,6.1969,3681596,140776945.27,3350474400.0,2295602400.0
367,2010-03-25,sz002273,水晶光电,38.39,39.64,38.26,38.97,38.64,-0.25,-0.647,4.2196,2506885,97719777.84,3328796900.0,2280749900.0
368,2010-03-26,sz002273,水晶光电,38.77,39.0,37.9,38.11,38.39,0.38,0.9898,2.2432,1332659,51584111.66,3361746700.0,2303325700.0
369,2010-03-29,sz002273,水晶光电,37.6,38.99,36.98,38.85,38.77,-1.17,-3.0178,3.8655,2296490,86700205.0,3260296000.0,2233816000.0
370,2010-03-30,sz002273,水晶光电,37.63,38.4,37.43,37.65,37.6,0.03,0.0798,2.1346,1268191,48029214.24,3262897300.0,2235598300.0
371,2010-03-31,sz002273,水晶光电,38.63,38.79,37.66,37.66,37.63,1.0,2.6575,3.1486,1870607,71755892.57,3349607300.0,2295008300.0
372,2010-04-01,sz002273,水晶光电,40.4,41.1,38.57,38.59,38.63,1.77,4.5819,6.3945,3798957,152470388.23,3503084000.0,2400164000.0
373,2010-04-02,sz002273,水晶光电,40.15,40.88,39.8,40.1,40.4,-0.25,-0.6188,3.413,2027674,81448223.54,3481406500.0,2385311500.0
374,2010-04-06,sz002273,水晶光电,40.59,42.29,40.2,40.65,40.15,0.44,1.0959,3.7218,2211134,90920999.78,3519558900.0,2411451900.0
375,2010-04-07,sz002273,水晶光电,40.2,41.66,39.8,40.2,40.59,-0.39,-0.9608,2.955,1755547,70960633.23,3485742000.0,2388282000.0
376,2010-04-08,sz002273,水晶光电,41.1,41.6,40.01,40.22,40.2,0.9,2.2388,3.4839,2069762,84823142.66,3563781000.0,2441751000.0
377,2010-04-09,sz002273,水晶光电,41.92,42.18,40.8,41.0,41.1,0.82,1.9951,2.9438,1748920,72895563.68,3634883200.0,2490467200.0
378,2010-04-12,sz002273,水晶光电,42.25,42.48,41.45,42.38,41.92,0.33,0.7872,2.594,1541112,64655576.13,3663497500.0,2510072500.0
379,2010-04-13,sz002273,水晶光电,39.53,43.8,38.03,42.0,42.25,-2.72,-6.4379,5.7463,3413877,139399820.73,3427646300.0,2348477300.0
380,2010-04-14,sz002273,水晶光电,39.23,40.5,38.61,40.1,39.53,-0.3,-0.7589,2.5193,1496737,59044416.18,3401633300.0,2330654300.0
381,2010-04-15,sz002273,水晶光电,40.68,42.74,40.35,40.4,39.23,1.45,3.6962,7.8837,4683688,193524207.7,3527362800.0,2416798800.0
382,2010-04-16,sz002273,水晶光电,42.83,43.76,39.81,40.0,40.68,2.15,5.2852,6.3156,3752088,157416823.65,3713789300.0,2544530300.0
383,2010-04-19,sz002273,水晶光电,42.41,44.53,42.1,42.4,42.83,-0.42,-0.9806,4.8346,2872211,124399448.23,3677371100.0,2519578100.0
384,2010-04-20,sz002273,水晶光电,46.65,46.65,43.0,43.0,42.41,4.24,9.9976,7.846,4661322,210615493.74,4045021500.0,2771476500.0
385,2010-04-21,sz002273,水晶光电,48.65,49.8,47.01,47.01,46.65,2.0,4.2872,7.6939,4570950,222462420.36,4218441500.0,2890296500.0
386,2010-04-22,sz002273,水晶光电,53.52,53.52,47.5,48.5,48.65,4.87,10.0103,8.438,5013002,254183209.49,4640719200.0,3179623200.0
387,2010-04-23,sz002273,水晶光电,53.2,55.8,51.89,54.88,53.52,-0.32,-0.5979,6.5055,3864913,207265110.8,4612972000.0,3160612000.0
388,2010-04-26,sz002273,水晶光电,53.7,54.99,51.78,52.9,53.2,0.5,0.9398,4.7805,2840092,151443456.95,4656327000.0,3190317000.0
389,2010-04-27,sz002273,水晶光电,50.0,53.2,48.33,53.2,53.7,-3.7,-6.8901,6.9358,4120552,205748531.78,4335500000.0,2970500000.0
390,2010-04-28,sz002273,水晶光电,48.82,49.97,47.52,49.0,50.0,-1.18,-2.36,4.884,2901572,141127134.63,4233182200.0,2900396200.0
391,2010-04-29,sz002273,水晶光电,47.25,49.98,46.1,48.46,48.82,-1.57,-3.2159,4.9855,2961881,143042441.89,4097047500.0,2807122500.0
392,2010-04-30,sz002273,水晶光电,48.13,48.38,45.85,47.0,47.25,0.88,1.8624,3.3051,1963537,92629080.98,4173352300.0,2859403300.0
393,2010-05-04,sz002273,水晶光电,48.88,49.7,46.53,47.01,48.13,0.75,1.5583,2.5022,1486529,72066512.57,4238384800.0,2903960800.0
394,2010-05-05,sz002273,水晶光电,50.99,51.5,48.0,48.38,48.88,2.11,4.3167,5.7661,3425641,171944342.03,4421342900.0,3029315900.0
395,2010-05-06,sz002273,水晶光电,47.48,51.0,47.4,50.99,50.99,-3.51,-6.8837,4.9456,2938183,144716254.67,4116990800.0,2820786800.0
396,2010-05-07,sz002273,水晶光电,0.0,0.0,0.0,0.0,47.48,,,0.0,0,0.0,4116990800.0,2763383480.0
397,2010-05-10,sz002273,水晶光电,45.0,48.85,43.01,46.8,47.48,-2.48,-5.2233,3.835,2232024,102521426.33,3901950000.0,2619045000.0
398,2010-05-11,sz002273,水晶光电,45.05,46.3,44.02,46.0,45.0,0.05,0.1111,3.3132,1928295,87418864.84,3906285500.0,2621955050.0
399,2010-05-12,sz002273,水晶光电,42.07,45.0,41.38,44.5,45.05,-2.98,-6.6149,2.9674,1727074,74122369.91,3647889700.0,2448516070.0
400,2010-05-13,sz002273,水晶光电,44.89,45.38,42.18,42.18,42.07,2.82,6.7031,3.247,1889784,82956586.79,3892411900.0,2612642890.0
401,2010-05-14,sz002273,水晶光电,45.5,46.0,44.01,44.4,44.89,0.61,1.3589,1.8992,1105382,49895085.0,3945305000.0,2648145500.0
402,2010-05-17,sz002273,水晶光电,42.8,45.38,42.56,44.3,45.5,-2.7,-5.9341,1.814,1055756,46369263.55,3711188000.0,2491002800.0
403,2010-05-18,sz002273,水晶光电,45.52,46.0,42.91,43.15,42.8,2.72,6.3551,2.4835,1445447,64284400.52,3947039200.0,2649309520.0
404,2010-05-19,sz002273,水晶光电,47.33,48.2,45.0,45.2,45.52,1.81,3.9763,3.3635,1957592,92083471.42,4103984300.0,2754653330.0
405,2010-05-20,sz002273,水晶光电,46.13,47.68,46.01,47.0,47.33,-1.2,-2.5354,2.6223,1526232,71302474.11,3999932300.0,2684812130.0
406,2010-05-21,sz002273,水晶光电,36.77,37.5,32.8,34.0,35.1,1.67,4.7578,2.7972,2160379,77550800.6,4144824710.0,2839857410.0
407,2010-05-24,sz002273,水晶光电,37.6,38.47,36.2,36.85,36.77,0.83,2.2573,4.54,3506412,130846282.55,4238384800.0,2903960800.0
408,2010-05-25,sz002273,水晶光电,38.3,38.57,36.83,37.44,37.6,0.7,1.8617,3.5443,2737399,103411088.14,4317290900.0,2958023900.0
409,2010-05-26,sz002273,水晶光电,36.22,38.47,36.01,38.25,38.3,-2.08,-5.4308,2.6788,2068889,77060270.94,4082827060.0,2797379260.0
410,2010-05-27,sz002273,水晶光电,36.5,36.9,34.8,36.2,36.22,0.28,0.7731,3.5425,2735966,98107049.92,4114389500.0,2819004500.0
411,2010-05-28,sz002273,水晶光电,37.45,38.3,36.8,36.8,36.5,0.95,2.6027,3.1509,2433499,91379321.16,4221476350.0,2892375850.0
412,2010-05-31,sz002273,水晶光电,37.41,38.95,37.0,37.0,37.45,-0.04,-0.1068,3.7177,2871318,109517776.68,4216967430.0,2889286530.0
413,2010-06-01,sz002273,水晶光电,35.7,37.59,34.68,37.0,37.41,-1.71,-4.571,4.5961,3549709,127239698.17,4024211100.0,2757218100.0
414,2010-06-02,sz002273,水晶光电,36.5,36.6,34.88,35.45,35.7,0.8,2.2409,1.8804,1452271,52077592.58,4114389500.0,2819004500.0
415,2010-06-03,sz002273,水晶光电,35.9,36.99,35.68,36.5,36.5,-0.6,-1.6438,2.626,2028151,73510949.61,4046755700.0,2772664700.0
416,2010-06-04,sz002273,水晶光电,36.1,36.4,35.0,35.3,35.9,0.2,0.5571,1.9516,1507294,53793922.74,4069300300.0,2788111300.0
417,2010-06-07,sz002273,水晶光电,36.59,36.76,35.02,35.39,36.1,0.49,1.3573,2.8673,2214536,79892529.55,4124534570.0,2825955470.0
418,2010-06-08,sz002273,水晶光电,38.16,38.36,36.63,36.65,36.59,1.57,4.2908,4.5783,3535950,133358449.75,4301509680.0,2947211280.0
419,2010-06-09,sz002273,水晶光电,38.17,38.7,37.6,38.55,38.16,0.01,0.0262,3.6076,2786231,106301226.63,4302636910.0,2947983610.0
420,2010-06-10,sz002273,水晶光电,39.5,40.0,38.17,38.17,38.17,1.33,3.4844,4.7943,3702807,144859860.28,4452558500.0,3050703500.0
421,2010-06-11,sz002273,水晶光电,39.25,39.95,38.72,39.78,39.5,-0.25,-0.6329,3.1126,2403936,94184451.22,4424377750.0,3031395250.0
422,2010-06-17,sz002273,水晶光电,37.0,39.68,37.0,39.25,39.25,-2.25,-5.7325,3.0036,2319802,88480152.93,4170751000.0,2857621000.0
423,2010-06-18,sz002273,水晶光电,35.21,37.5,33.82,36.98,37.0,-1.79,-4.8378,4.4157,3410362,119381955.8,3968976830.0,2719373930.0
424,2010-06-21,sz002273,水晶光电,35.56,35.84,33.89,35.0,35.21,0.35,0.994,2.6576,2052557,71589089.7,4008429880.0,2746405480.0
425,2010-06-22,sz002273,水晶光电,35.4,35.96,35.11,35.5,35.56,-0.16,-0.4499,1.5759,1217118,43407946.48,3990394200.0,2734048200.0
426,2010-06-23,sz002273,水晶光电,36.65,36.65,34.62,35.1,35.4,1.25,3.5311,2.2277,1720494,61871354.2,4131297950.0,2830589450.0
427,2010-06-24,sz002273,水晶光电,36.38,36.68,36.0,36.55,36.65,-0.27,-0.7367,1.0539,813983,29531965.73,4100862740.0,2809736540.0
428,2010-06-25,sz002273,水晶光电,35.15,36.3,34.54,36.0,36.38,-1.23,-3.381,1.522,1175524,41570092.25,3962213450.0,2714739950.0
429,2010-06-28,sz002273,水晶光电,33.5,35.3,33.33,35.05,35.15,-1.65,-4.6942,1.5697,1212301,41433511.56,3776220500.0,2587305500.0
430,2010-06-29,sz002273,水晶光电,32.0,33.8,31.0,33.49,33.5,-1.5,-4.4776,3.5858,2769438,88037215.44,3607136000.0,2471456000.0
431,2010-06-30,sz002273,水晶光电,31.99,32.1,31.06,31.15,32.0,-0.01,-0.0313,2.1213,1638364,51964309.86,3606008770.0,2470683670.0
432,2010-07-01,sz002273,水晶光电,31.95,32.28,31.21,31.72,31.99,-0.04,-0.125,1.4684,1134092,36047243.69,3601499850.0,2467594350.0
433,2010-07-02,sz002273,水晶光电,31.9,32.05,29.87,31.8,31.95,-0.05,-0.1565,2.2067,1704313,53105810.21,3595863700.0,2463732700.0
434,2010-07-05,sz002273,水晶光电,31.79,31.96,30.4,31.5,31.9,-0.11,-0.3448,1.1003,849799,26466702.47,3583464170.0,2455237070.0
435,2010-07-06,sz002273,水晶光电,32.32,32.75,31.2,31.24,31.79,0.53,1.6672,2.6612,2055349,66118031.55,3643207360.0,2496170560.0
436,2010-07-07,sz002273,水晶光电,32.29,32.74,31.66,32.32,32.32,-0.03,-0.0928,1.1757,908036,29249779.34,3639825670.0,2493853570.0
437,2010-07-08,sz002273,水晶光电,32.3,32.68,32.03,32.5,32.29,0.01,0.031,1.1679,901992,29180758.98,3640952900.0,2494625900.0
438,2010-07-09,sz002273,水晶光电,33.2,33.97,31.6,32.46,32.3,0.9,2.7864,2.564,1980238,65320774.49,3742403600.0,2564135600.0
439,2010-07-12,sz002273,水晶光电,33.25,33.74,32.66,33.18,33.2,0.05,0.1506,1.3217,1020767,34071988.26,3748039750.0,2567997250.0
440,2010-07-13,sz002273,水晶光电,31.9,33.05,31.61,33.05,33.25,-1.35,-4.0602,2.4928,1925238,61738682.79,3595863700.0,2463732700.0
441,2010-07-14,sz002273,水晶光电,32.32,32.32,31.86,31.86,31.9,0.42,1.3166,1.5007,1159041,37197894.9,3643207360.0,2496170560.0
442,2010-07-15,sz002273,水晶光电,31.1,32.5,31.0,32.11,32.32,-1.22,-3.7748,1.1857,915732,29220503.98,3505685300.0,2401946300.0
443,2010-07-16,sz002273,水晶光电,29.85,31.4,28.8,31.1,31.1,-1.25,-4.0193,3.5465,2739106,81035582.74,3364781550.0,2305405050.0
444,2010-07-19,sz002273,水晶光电,30.68,30.92,29.28,29.3,29.85,0.83,2.7806,1.8449,1424843,43178339.57,3458341640.0,2369508440.0
445,2010-07-20,sz002273,水晶光电,32.4,33.6,30.75,30.9,30.68,1.72,5.6063,3.025,2336263,75717298.87,3652225200.0,2502349200.0
446,2010-07-21,sz002273,水晶光电,32.44,33.2,32.05,32.38,32.4,0.04,0.1235,1.8609,1437238,46909338.26,3656734120.0,2505438520.0
447,2010-07-22,sz002273,水晶光电,32.56,32.96,32.31,32.54,32.44,0.12,0.3699,1.6752,1293812,42266250.85,3670260880.0,2514706480.0
448,2010-07-23,sz002273,水晶光电,33.56,33.87,32.57,32.57,32.56,1.0,3.0713,3.0902,2386685,79402357.11,3782983880.0,2591939480.0
449,2010-07-26,sz002273,水晶光电,33.69,33.85,33.12,33.56,33.56,0.13,0.3874,2.3164,1789053,59992248.6,3797637870.0,2601979770.0
450,2010-07-27,sz002273,水晶光电,33.64,33.8,33.3,33.61,33.69,-0.05,-0.1484,2.0083,1551088,51989575.44,3792001720.0,2598118120.0
451,2010-07-28,sz002273,水晶光电,34.85,35.0,33.4,33.67,33.64,1.21,3.5969,3.4783,2686371,92844118.65,3928396550.0,2691570050.0
452,2010-07-29,sz002273,水晶光电,34.9,35.8,34.6,34.86,34.85,0.05,0.1435,2.4726,1909648,66975404.61,3934032700.0,2695431700.0
453,2010-07-30,sz002273,水晶光电,34.8,35.22,34.45,35.0,34.9,-0.1,-0.2865,1.9349,1494394,51984802.49,3922760400.0,2687708400.0
454,2010-08-02,sz002273,水晶光电,35.39,36.15,34.87,34.87,34.8,0.59,1.6954,2.6026,2010031,71326524.53,3989266970.0,2733275870.0
455,2010-08-03,sz002273,水晶光电,35.5,36.36,35.39,35.39,35.39,0.11,0.3108,3.7706,2912124,104718945.06,4001666500.0,2741771500.0
456,2010-08-04,sz002273,水晶光电,35.76,36.08,34.68,35.2,35.5,0.26,0.7324,3.2281,2493153,88359449.77,4030974480.0,2761852080.0
457,2010-08-05,sz002273,水晶光电,36.7,36.99,35.49,35.49,35.76,0.94,2.6286,3.5679,2755561,100103200.34,4136934100.0,2834451100.0
458,2010-08-06,sz002273,水晶光电,38.25,38.47,36.5,36.83,36.7,1.55,4.2234,4.5404,3506694,131289948.16,4311654750.0,2954162250.0
459,2010-08-09,sz002273,水晶光电,38.03,38.46,37.76,38.42,38.25,-0.22,-0.5752,2.8515,2202311,83572489.14,4286855690.0,2937170990.0
460,2010-08-10,sz002273,水晶光电,35.88,38.1,35.88,38.1,38.03,-2.15,-5.6534,3.5477,2739980,100507589.78,4044501240.0,2771120040.0
461,2010-08-11,sz002273,水晶光电,37.67,37.77,35.2,35.83,35.88,1.79,4.9889,4.8407,3738632,136959524.05,4246275410.0,2909367110.0
462,2010-08-12,sz002273,水晶光电,38.0,38.78,36.7,37.01,37.67,0.33,0.876,3.9959,3086157,117010307.3,4283474000.0,2934854000.0
463,2010-08-13,sz002273,水晶光电,38.93,38.95,37.2,37.72,38.0,0.93,2.4474,3.1754,2452462,93766075.13,4388306390.0,3006680690.0
464,2010-08-16,sz002273,水晶光电,39.4,39.65,38.55,38.93,38.93,0.47,1.2073,3.3773,2608378,102330771.19,4441286200.0,3042980200.0
465,2010-08-17,sz002273,水晶光电,38.27,39.82,37.8,39.42,39.4,-1.13,-2.868,5.9042,4559966,174735097.55,4313909210.0,2955706910.0
466,2010-08-18,sz002273,水晶光电,38.38,38.56,37.05,38.26,38.27,0.11,0.2874,5.685,4390665,165790671.34,4326308740.0,2964202540.0
467,2010-08-19,sz002273,水晶光电,37.49,38.37,37.4,38.23,38.38,-0.89,-2.3189,3.6309,2804263,106165455.47,4225985270.0,2895465170.0
468,2010-08-20,sz002273,水晶光电,36.5,37.58,35.9,37.02,37.49,-0.99,-2.6407,3.9569,3056021,111417139.86,4114389500.0,2819004500.0
469,2010-08-23,sz002273,水晶光电,36.45,36.98,35.9,36.0,36.5,-0.05,-0.137,1.4071,1086768,39731332.47,4108753350.0,2815142850.0
470,2010-08-24,sz002273,水晶光电,36.63,37.1,36.28,36.36,36.45,0.18,0.4938,1.5499,1197023,43999939.64,4129043490.0,2829044790.0
471,2010-08-25,sz002273,水晶光电,36.2,36.99,36.11,36.56,36.63,-0.43,-1.1739,1.7212,1329303,48598518.66,4080572600.0,2795834600.0
472,2010-08-26,sz002273,水晶光电,36.34,36.89,36.0,36.3,36.2,0.14,0.3867,1.6089,1242577,45089389.83,4096353820.0,2806647220.0
473,2010-08-27,sz002273,水晶光电,36.46,36.48,35.88,36.48,36.34,0.12,0.3302,1.7141,1323868,47894918.35,4109880580.0,2815915180.0
474,2010-08-30,sz002273,水晶光电,37.4,37.8,36.46,36.8,36.46,0.94,2.5782,3.0531,2357974,87897247.38,4215840200.0,2888514200.0
475,2010-08-31,sz002273,水晶光电,37.72,37.98,36.65,37.44,37.4,0.32,0.8556,3.0608,2363984,88027945.43,4251911560.0,2913228760.0
476,2010-09-01,sz002273,水晶光电,36.8,37.8,36.26,37.8,37.72,-0.92,-2.439,4.3467,3357066,123993181.2,4148206400.0,2842174400.0
477,2010-09-02,sz002273,水晶光电,37.19,37.65,36.66,36.66,36.8,0.39,1.0598,2.5434,1964347,73090499.45,4192168370.0,2872295270.0
478,2010-09-03,sz002273,水晶光电,36.5,37.68,36.4,37.18,37.19,-0.69,-1.8553,3.5427,2736102,101082679.97,4114389500.0,2819004500.0
479,2010-09-06,sz002273,水晶光电,34.85,36.83,34.7,36.53,36.5,-1.65,-4.5205,6.4538,4984483,175899146.93,3928396550.0,2691570050.0
480,2010-09-07,sz002273,水晶光电,35.18,35.39,34.8,34.8,34.85,0.33,0.9469,1.8586,1435475,50386540.33,3965595140.0,2717056940.0
481,2010-09-08,sz002273,水晶光电,35.57,35.6,34.92,35.12,35.18,0.39,1.1086,2.4756,1911990,67465360.13,4009557110.0,2747177810.0
482,2010-09-09,sz002273,水晶光电,35.82,36.84,35.55,35.82,35.57,0.25,0.7028,4.1706,3221063,116681685.64,4037737860.0,2766486060.0
483,2010-09-10,sz002273,水晶光电,35.71,36.8,35.0,35.83,35.82,-0.11,-0.3071,2.6789,2068990,73722999.33,4025338330.0,2757990430.0
484,2010-09-13,sz002273,水晶光电,36.41,36.8,35.8,35.89,35.71,0.7,1.9602,3.3175,2562174,93082371.26,4104244430.0,2812053530.0
485,2010-09-14,sz002273,水晶光电,40.05,40.05,36.42,36.42,36.41,3.64,9.9973,12.7826,9872418,386391176.46,4514556150.0,3093181650.0
486,2010-09-15,sz002273,水晶光电,40.97,42.27,40.5,41.5,40.05,0.92,2.2971,12.366,9550653,394483146.7,4618261310.0,3164236010.0
487,2010-09-16,sz002273,水晶光电,38.3,40.78,37.6,40.09,40.97,-2.67,-6.517,6.8657,5302611,206390787.84,4317290900.0,2958023900.0
488,2010-09-17,sz002273,水晶光电,37.86,38.8,37.77,38.36,38.3,-0.44,-1.1488,3.3217,2565455,98234949.57,4267692780.0,2924041380.0
489,2010-09-20,sz002273,水晶光电,37.0,38.32,36.8,37.78,37.86,-0.86,-2.2715,2.413,1863605,69943590.22,4170751000.0,2857621000.0
490,2010-09-21,sz002273,水晶光电,35.8,37.45,35.77,37.05,37.0,-1.2,-3.2432,3.0863,2383627,86613545.25,4035483400.0,2764941400.0
491,2010-09-27,sz002273,水晶光电,36.72,36.95,35.8,36.03,35.8,0.92,2.5698,1.9265,1487907,54241421.68,4139188560.0,2835995760.0
492,2010-09-28,sz002273,水晶光电,36.03,36.7,35.79,36.7,36.72,-0.69,-1.8791,3.1286,2416281,87342703.17,4061409690.0,2782704990.0
493,2010-09-29,sz002273,水晶光电,35.05,36.1,34.9,36.05,36.03,-0.98,-2.72,4.122,3183512,112519919.52,3950941150.0,2707016650.0
494,2010-09-30,sz002273,水晶光电,35.6,35.8,35.03,35.06,35.05,0.55,1.5692,1.4946,1154333,40964544.98,4012938800.0,2749494800.0
495,2010-10-08,sz002273,水晶光电,37.03,37.44,36.1,36.1,35.6,1.43,4.0169,2.4879,1921487,70885877.27,4174132690.0,2859937990.0
496,2010-10-11,sz002273,水晶光电,36.18,37.11,35.7,37.11,37.03,-0.85,-2.2954,3.717,2870758,104042001.96,4078318140.0,2794289940.0
497,2010-10-12,sz002273,水晶光电,35.9,36.62,35.82,36.2,36.18,-0.28,-0.7739,2.8686,2215519,80250483.42,4046755700.0,2772664700.0
498,2010-10-13,sz002273,水晶光电,36.24,36.39,34.61,35.51,35.9,0.34,0.9471,4.0948,3162545,111505145.7,4085081520.0,2798923920.0
499,2010-10-14,sz002273,水晶光电,34.92,36.67,34.9,36.24,36.24,-1.32,-3.6424,3.0083,2323400,82461098.14,3936287160.0,2696976360.0
500,2010-10-15,sz002273,水晶光电,33.9,35.09,33.68,34.89,34.92,-1.02,-2.921,3.8256,2954647,101531493.83,3821309700.0,2618198700.0
501,2010-10-18,sz002273,水晶光电,32.41,33.94,31.31,33.94,33.9,-1.49,-4.3953,3.7534,2898845,93082007.74,3653352430.0,2503121530.0
502,2010-10-19,sz002273,水晶光电,34.8,34.99,32.56,32.56,32.41,2.39,7.3743,2.7079,2091388,71331169.99,3922760400.0,2687708400.0
503,2010-10-20,sz002273,水晶光电,35.62,36.13,33.5,34.35,34.8,0.82,2.3563,4.8155,3719181,131625770.32,4015193260.0,2751039460.0
504,2010-10-21,sz002273,水晶光电,35.12,35.9,35.02,35.6,35.62,-0.5,-1.4037,2.5868,1997864,70498028.09,3958831760.0,2712422960.0
505,2010-10-22,sz002273,水晶光电,36.28,36.28,35.25,35.25,35.12,1.16,3.303,2.937,2268301,81226088.78,4089590440.0,2802013240.0
506,2010-10-25,sz002273,水晶光电,36.6,38.78,36.55,37.9,36.28,0.32,0.882,7.6679,5922174,220609592.69,4125661800.0,2826727800.0
507,2010-10-26,sz002273,水晶光电,38.61,39.74,36.3,36.66,36.6,2.01,5.4918,10.7924,8335268,319841741.79,4352235030.0,2981966130.0
508,2010-10-27,sz002273,水晶光电,37.98,39.9,37.0,38.6,38.61,-0.63,-1.6317,5.2041,4019316,153669608.0,4281219540.0,2933309340.0
509,2010-10-28,sz002273,水晶光电,37.76,38.05,36.79,37.45,37.98,-0.22,-0.5793,2.826,2182612,81467525.41,4256420480.0,2916318080.0
510,2010-10-29,sz002273,水晶光电,39.99,40.5,37.99,37.99,37.76,2.23,5.9057,8.3784,6470920,255089655.19,4507792770.0,3088547670.0
511,2010-11-01,sz002273,水晶光电,41.49,41.6,39.51,40.0,39.99,1.5,3.7509,5.9992,4633394,188686127.87,4676877270.0,3204397170.0
512,2010-11-02,sz002273,水晶光电,40.82,42.08,39.99,41.6,41.49,-0.67,-1.6148,6.8007,5252411,214942900.6,4601352860.0,3152651060.0
513,2010-11-03,sz002273,水晶光电,39.59,40.86,39.38,40.86,40.82,-1.23,-3.0132,2.6755,2066350,82481326.34,4462703570.0,3057654470.0
514,2010-11-04,sz002273,水晶光电,41.84,41.9,39.23,39.52,39.59,2.25,5.6833,3.4168,2638872,107904731.73,4716330320.0,3231428720.0
515,2010-11-05,sz002273,水晶光电,44.68,45.08,41.3,41.83,41.84,2.84,6.7878,5.8364,4507605,193922746.4,5036463640.0,3450770440.0
516,2010-11-08,sz002273,水晶光电,44.81,45.33,43.7,44.6,44.68,0.13,0.291,2.8672,2214444,98796354.79,5051117630.0,3460810730.0
517,2010-11-09,sz002273,水晶光电,44.22,44.53,43.5,44.21,44.81,-0.59,-1.3167,2.0942,1617403,70964564.36,4984611060.0,3415243260.0
518,2010-11-10,sz002273,水晶光电,42.36,43.89,42.3,43.86,44.22,-1.86,-4.2062,3.624,2798939,119933664.76,4774946280.0,3271589880.0
519,2010-11-11,sz002273,水晶光电,41.05,43.5,41.05,42.45,42.36,-1.31,-3.0925,2.4077,1859539,79279520.02,4627279150.0,3170414650.0
520,2010-11-12,sz002273,水晶光电,39.58,41.0,37.65,41.0,41.05,-1.47,-3.581,4.5787,3536269,138625868.59,4461576340.0,3056882140.0
521,2010-11-15,sz002273,水晶光电,40.48,40.55,38.98,38.98,39.58,0.9,2.2739,2.1115,1630755,65261734.85,4563027040.0,3126391840.0
522,2010-11-16,sz002273,水晶光电,0.0,0.0,0.0,0.0,40.48,,,0.0,0,0.0,4563027040.0,3126391840.0
523,2010-11-17,sz002273,水晶光电,38.7,39.4,38.03,39.0,40.48,-1.78,-4.3972,2.4402,1884614,73042787.41,4362380100.0,2988917100.0
524,2010-11-18,sz002273,水晶光电,39.25,39.64,38.51,38.6,38.7,0.55,1.4212,1.6727,1291868,50314527.24,4424377750.0,3031395250.0
525,2010-11-19,sz002273,水晶光电,40.81,41.48,39.2,39.4,39.25,1.56,3.9745,3.0227,2334522,94503001.68,4600225630.0,3151878730.0
526,2010-11-22,sz002273,水晶光电,42.89,44.86,40.93,40.93,40.81,2.08,5.0968,5.7875,4469842,192180657.06,4834689470.0,3312523370.0
527,2010-11-23,sz002273,水晶光电,47.18,47.18,42.0,43.3,42.89,4.29,10.0023,11.9052,9194707,411863578.65,5318271140.0,3643852940.0
528,2010-11-24,sz002273,水晶光电,49.29,50.5,47.41,48.5,47.18,2.11,4.4722,11.6223,8976240,439104458.28,5556116670.0,3806814570.0
529,2010-11-25,sz002273,水晶光电,46.82,48.88,46.6,48.88,49.29,-2.47,-5.0112,6.3956,4939498,235678073.32,5277690860.0,3616049060.0
530,2010-11-26,sz002273,水晶光电,46.05,47.79,45.7,46.51,46.82,-0.77,-1.6446,4.1324,3191540,149049520.03,5190894150.0,3556579650.0
531,2010-11-29,sz002273,水晶光电,48.2,48.5,45.56,45.56,46.05,2.15,4.6688,4.66,3599025,171030760.9,5433248600.0,3722630600.0
532,2010-11-30,sz002273,水晶光电,46.8,48.57,44.2,48.23,48.2,-1.4,-2.9046,3.9039,3015125,139024679.59,5275436400.0,3614504400.0
533,2010-12-01,sz002273,水晶光电,45.98,47.3,45.38,46.77,46.8,-0.82,-1.7521,2.0183,1558828,71939342.88,5183003540.0,3551173340.0
534,2010-12-02,sz002273,水晶光电,45.2,47.09,45.0,46.1,45.98,-0.78,-1.6964,2.1201,1637451,74829804.22,5095079600.0,3490931600.0
535,2010-12-03,sz002273,水晶光电,45.15,45.58,43.0,45.2,45.2,-0.05,-0.1106,1.8716,1445495,64317551.5,5089443450.0,3487069950.0
536,2010-12-06,sz002273,水晶光电,44.55,45.19,42.95,45.0,45.15,-0.6,-1.3289,1.4818,1144417,50426864.5,5021809650.0,3440730150.0
537,2010-12-07,sz002273,水晶光电,45.88,46.08,43.32,43.88,44.55,1.33,2.9854,1.8242,1408922,63800494.77,5171731240.0,3543450040.0
538,2010-12-08,sz002273,水晶光电,50.03,50.47,46.55,46.55,45.88,4.15,9.0453,8.7378,6748463,335574985.09,5639531690.0,3863966990.0
539,2010-12-09,sz002273,水晶光电,49.2,51.45,48.62,49.0,50.03,-0.83,-1.659,5.872,4535106,227341174.72,5545971600.0,3799863600.0
540,2010-12-10,sz002273,水晶光电,50.2,51.1,48.1,49.0,49.2,1.0,2.0325,3.8626,2983177,149747276.57,5658694600.0,3877096600.0
541,2010-12-13,sz002273,水晶光电,50.86,53.01,49.5,50.2,50.2,0.66,1.3147,4.014,3100158,159443864.06,5733091780.0,3928070380.0
542,2010-12-14,sz002273,水晶光电,53.4,53.59,50.53,50.8,50.86,2.54,4.9941,3.7149,2869115,150527934.93,6019408200.0,4124242200.0
543,2010-12-15,sz002273,水晶光电,50.45,53.3,50.34,52.2,53.4,-2.95,-5.5243,3.8314,2959092,153435297.67,5686875350.0,3896404850.0
544,2010-12-16,sz002273,水晶光电,52.65,52.9,50.1,50.1,50.45,2.2,4.3608,2.1664,1673176,86517187.1,5934865950.0,4066317450.0
545,2010-12-17,sz002273,水晶光电,52.58,52.96,51.01,52.0,52.65,-0.07,-0.133,1.0943,845124,44058762.1,5926975340.0,4060911140.0
546,2010-12-20,sz002273,水晶光电,50.79,52.33,49.51,52.2,52.58,-1.79,-3.4043,1.9641,1516944,76969142.45,5725201170.0,3922664070.0
547,2010-12-21,sz002273,水晶光电,50.8,51.31,50.0,51.0,50.79,0.01,0.0197,1.5264,1178914,59772147.4,5726328400.0,3923436400.0
548,2010-12-22,sz002273,水晶光电,0.0,0.0,0.0,0.0,50.8,,,0.0,0,0.0,5726328400.0,3923436400.0
549,2010-12-23,sz002273,水晶光电,49.08,51.0,48.51,50.8,50.8,-1.72,-3.3858,1.5693,1212019,59565108.9,5532444840.0,3790595640.0
550,2010-12-24,sz002273,水晶光电,49.06,49.79,47.81,49.0,49.08,-0.02,-0.0407,1.1824,913196,44504228.54,5530190380.0,3789050980.0
551,2010-12-27,sz002273,水晶光电,47.6,49.28,45.5,48.61,49.06,-1.46,-2.9759,1.7313,1337110,63946969.84,5365614800.0,3676290800.0
552,2010-12-28,sz002273,水晶光电,47.05,47.47,45.81,46.69,47.6,-0.55,-1.1555,0.7675,592795,27661773.57,5303617150.0,3633812650.0
553,2010-12-29,sz002273,水晶光电,48.99,49.0,46.83,47.47,47.05,1.94,4.1233,1.2428,959866,46011465.74,5522299770.0,3783644670.0
554,2010-12-30,sz002273,水晶光电,50.18,50.18,48.51,48.61,48.99,1.19,2.4291,1.4899,1150719,56797554.85,5656440140.0,3875551940.0
555,2010-12-31,sz002273,水晶光电,50.49,51.3,49.2,50.18,50.18,0.31,0.6178,1.3806,1066273,53595200.09,5691384270.0,3899494170.0
556,2011-01-04,sz002273,水晶光电,48.6,50.9,47.18,50.9,50.49,-1.89,-3.7433,2.8598,2208708,107105195.12,5478337800.0,3753523800.0
557,2011-01-05,sz002273,水晶光电,48.5,48.97,47.31,48.2,48.6,-0.1,-0.2058,1.4854,1147202,55009128.36,5467065500.0,3745800500.0
558,2011-01-06,sz002273,水晶光电,46.78,48.88,46.42,48.87,48.5,-1.72,-3.5464,2.6077,2014020,95021270.26,5273181940.0,3612959740.0
559,2011-01-07,sz002273,水晶光电,47.3,47.5,46.0,46.5,46.78,0.52,1.1116,2.0027,1546719,72217407.49,5331797900.0,3653120900.0
560,2011-01-10,sz002273,水晶光电,45.28,47.11,44.8,47.11,47.3,-2.02,-4.2706,2.5591,1976449,89995848.5,5104097440.0,3497110240.0
561,2011-01-11,sz002273,水晶光电,44.64,45.29,44.51,45.0,45.28,-0.64,-1.4134,1.6969,1310529,58876154.46,5031954720.0,3447681120.0
562,2011-01-12,sz002273,水晶光电,44.0,45.27,42.62,45.27,44.64,-0.64,-1.4337,2.158,1666663,72645671.87,4959812000.0,3398252000.0
563,2011-01-13,sz002273,水晶光电,44.2,44.3,42.93,43.89,44.0,0.2,0.4545,1.2389,956837,41661302.79,4982356600.0,3413698600.0
564,2011-01-14,sz002273,水晶光电,43.45,43.8,42.4,43.8,44.2,-0.75,-1.6968,1.0597,818463,35193848.17,4897814350.0,3355773850.0
565,2011-01-17,sz002273,水晶光电,39.11,42.8,39.11,42.8,43.45,-4.34,-9.9885,2.3457,1811673,73846223.56,4408596530.0,3020582630.0
566,2011-01-18,sz002273,水晶光电,38.85,39.9,38.01,39.1,39.11,-0.26,-0.6648,0.9277,716526,28036585.19,4379288550.0,3000502050.0
567,2011-01-19,sz002273,水晶光电,41.71,42.3,39.15,39.6,38.85,2.86,7.3616,2.2207,1715096,69786396.24,4701676330.0,3221388430.0
568,2011-01-20,sz002273,水晶光电,40.5,41.4,40.5,41.35,41.71,-1.21,-2.901,2.5795,1992237,81196813.84,4565281500.0,3127936500.0
569,2011-01-21,sz002273,水晶光电,39.85,40.9,39.8,40.5,40.5,-0.65,-1.6049,1.2294,949537,38152962.05,4492011550.0,3077735050.0
570,2011-01-24,sz002273,水晶光电,38.36,41.18,38.36,41.02,39.85,-1.49,-3.739,1.4387,1111169,44296433.19,4324054280.0,2962657880.0
571,2011-01-25,sz002273,水晶光电,39.06,39.64,36.83,38.36,38.36,0.7,1.8248,2.1666,1673359,65193058.05,4402960380.0,3016720980.0
572,2011-01-26,sz002273,水晶光电,40.1,41.81,38.98,39.27,39.06,1.04,2.6626,1.4839,1146033,46236678.45,4520192300.0,3097043300.0
573,2011-01-27,sz002273,水晶光电,40.89,41.3,39.31,40.1,40.1,0.79,1.9701,1.0525,812857,33168904.57,4609243470.0,3158057370.0
574,2011-01-28,sz002273,水晶光电,42.4,42.6,40.0,40.8,40.89,1.51,3.6928,1.322,1020988,42621081.23,4779455200.0,3274679200.0
575,2011-01-31,sz002273,水晶光电,42.8,43.06,41.4,42.01,42.4,0.4,0.9434,1.2716,982097,41543423.61,4824544400.0,3305572400.0
576,2011-02-01,sz002273,水晶光电,42.3,42.8,42.2,42.25,42.8,-0.5,-1.1682,0.821,634100,26884354.76,4768182900.0,3266955900.0
577,2011-02-09,sz002273,水晶光电,40.92,42.29,40.81,41.58,42.3,-1.38,-3.2624,0.6373,492239,20463805.74,4612625160.0,3160374360.0
578,2011-02-10,sz002273,水晶光电,41.88,42.12,40.5,40.8,40.92,0.96,2.346,0.8492,655828,27297337.93,4720839240.0,3234518040.0
579,2011-02-11,sz002273,水晶光电,43.6,43.71,41.9,42.07,41.88,1.72,4.107,1.5445,1192868,51823391.96,4914722800.0,3367358800.0
580,2011-02-14,sz002273,水晶光电,45.16,45.36,43.99,44.16,43.6,1.56,3.578,2.1989,1698260,76292058.42,5090570680.0,3487842280.0
581,2011-02-15,sz002273,水晶光电,44.6,45.2,44.38,45.0,45.16,-0.56,-1.24,1.5599,1204723,53820175.72,5027445800.0,3444591800.0
582,2011-02-16,sz002273,水晶光电,44.89,45.11,43.82,44.5,44.6,0.29,0.6502,1.3292,1026598,45688039.74,5060135470.0,3466989370.0
583,2011-02-17,sz002273,水晶光电,46.43,46.6,44.7,44.8,44.89,1.54,3.4306,1.7317,1337434,61634124.37,5233728890.0,3585928190.0
584,2011-02-18,sz002273,水晶光电,46.2,47.43,45.71,46.1,46.43,-0.23,-0.4954,1.933,1492923,69297074.44,5207802600.0,3568164600.0
585,2011-02-21,sz002273,水晶光电,46.65,46.8,45.51,46.0,46.2,0.45,0.974,1.0139,783038,36152410.93,5258527950.0,3602919450.0
586,2011-02-22,sz002273,水晶光电,44.4,46.6,44.0,46.6,46.65,-2.25,-4.8232,1.4783,1141771,51315497.03,5004901200.0,3429145200.0
587,2011-02-23,sz002273,水晶光电,44.08,44.94,42.88,44.4,44.4,-0.32,-0.7207,1.3387,1033954,45256143.4,4968829840.0,3404430640.0
588,2011-02-24,sz002273,水晶光电,45.14,45.93,43.71,44.1,44.08,1.06,2.4047,1.1195,864653,39156598.34,5088316220.0,3486297620.0
589,2011-02-25,sz002273,水晶光电,45.28,45.8,44.1,45.31,45.14,0.14,0.3101,0.7508,579850,26093649.79,5104097440.0,3497110240.0
590,2011-02-28,sz002273,水晶光电,46.44,46.95,45.1,45.19,45.28,1.16,2.5618,1.2415,958873,44465147.61,5234856120.0,3586700520.0
591,2011-03-01,sz002273,水晶光电,45.6,46.98,45.0,46.48,46.44,-0.84,-1.8088,1.3925,1075507,49576912.75,5140168800.0,3521824800.0
592,2011-03-02,sz002273,水晶光电,46.76,46.78,45.31,45.83,45.6,1.16,2.5439,1.983,1531554,70679386.6,5270927480.0,3611415080.0
593,2011-03-03,sz002273,水晶光电,44.5,46.3,44.3,46.0,46.76,-2.26,-4.8332,1.9832,1531719,68954164.32,5016173500.0,3436868500.0
594,2011-03-04,sz002273,水晶光电,43.99,44.5,43.25,44.5,44.5,-0.51,-1.1461,1.4287,1103433,48194609.15,4958684770.0,3397479670.0
595,2011-03-07,sz002273,水晶光电,44.5,44.87,43.44,44.35,43.99,0.51,1.1594,1.4233,1099278,48514783.12,5016173500.0,3436868500.0
596,2011-03-08,sz002273,水晶光电,45.1,45.11,43.18,44.57,44.5,0.6,1.3483,3.7201,2873162,126804200.31,5083807300.0,3483208300.0
597,2011-03-09,sz002273,水晶光电,44.0,44.94,43.69,44.94,45.1,-1.1,-2.439,2.6034,2010681,88783873.56,4959812000.0,3398252000.0
598,2011-03-10,sz002273,水晶光电,43.43,43.8,42.7,43.8,44.0,-0.57,-1.2955,1.1852,915343,39660475.89,4895559890.0,3354229190.0
599,2011-03-11,sz002273,水晶光电,43.84,44.6,43.02,43.2,43.43,0.41,0.944,1.4405,1112521,49016145.66,4941776320.0,3385894720.0
600,2011-03-14,sz002273,水晶光电,44.5,44.6,42.6,43.0,43.84,0.66,1.5055,1.8016,1391456,60921730.63,5016173500.0,3436868500.0
601,2011-03-15,sz002273,水晶光电,43.18,44.15,42.78,44.08,44.5,-1.32,-2.9663,3.4629,2674523,115626399.16,4867379140.0,3334920940.0
602,2011-03-16,sz002273,水晶光电,43.35,44.44,43.08,43.08,43.18,0.17,0.3937,2.29,1768652,77875025.12,4886542050.0,3348050550.0
603,2011-03-17,sz002273,水晶光电,41.48,43.4,41.03,43.36,43.35,-1.87,-4.3137,3.3906,2618692,109853245.05,4675750040.0,3203624840.0
604,2011-03-18,sz002273,水晶光电,41.53,42.03,41.03,41.5,41.48,0.05,0.1205,1.7174,1326404,55051869.78,4681386190.0,3207486490.0
605,2011-03-21,sz002273,水晶光电,41.93,42.21,41.48,41.48,41.53,0.4,0.9632,1.0708,827030,34595168.76,4726475390.0,3238379690.0
606,2011-03-22,sz002273,水晶光电,42.28,43.19,41.9,42.2,41.93,0.35,0.8347,1.7191,1327734,56499760.35,4765928440.0,3265411240.0
607,2011-03-23,sz002273,水晶光电,42.7,42.96,42.0,42.0,42.28,0.42,0.9934,1.3534,1045235,44555150.26,4813272100.0,3297849100.0
608,2011-03-24,sz002273,水晶光电,0.0,0.0,0.0,0.0,42.7,,,0.0,0,0.0,4813272100.0,3297849100.0
609,2011-03-25,sz002273,水晶光电,42.27,43.17,41.5,42.77,42.7,-0.43,-1.007,2.0608,1591632,66769977.38,4764801210.0,3264638910.0
610,2011-03-28,sz002273,水晶光电,40.77,42.27,40.44,42.27,42.27,-1.5,-3.5486,1.9725,1523393,62525918.73,4595716710.0,3148789410.0
611,2011-03-29,sz002273,水晶光电,39.1,40.8,38.98,40.8,40.77,-1.67,-4.0961,1.924,1485973,58573456.0,4407469300.0,3019810300.0
612,2011-03-30,sz002273,水晶光电,38.05,39.6,37.9,39.1,39.1,-1.05,-2.6854,1.4148,1092700,42281225.39,4289110150.0,2938715650.0
613,2011-03-31,sz002273,水晶光电,38.5,38.95,37.97,38.06,38.05,0.45,1.1827,1.6682,1288391,49444495.7,4339835500.0,2973470500.0
614,2011-04-01,sz002273,水晶光电,40.0,40.56,38.42,38.5,38.5,1.5,3.8961,2.5487,1968458,78306959.57,4508920000.0,3089320000.0
615,2011-04-06,sz002273,水晶光电,38.48,40.0,38.27,40.0,40.0,-1.52,-3.8,1.6213,1252182,48621211.58,4450327440.0,2971925840.0
616,2011-04-07,sz002273,水晶光电,38.22,38.9,38.04,38.48,38.48,-0.26,-0.6757,1.4998,1158309,44473195.79,4420257660.0,2951845260.0
617,2011-04-08,sz002273,水晶光电,39.16,39.7,38.2,38.3,38.22,0.94,2.4594,1.5073,1164123,45299434.24,4528971480.0,3024444280.0
618,2011-04-11,sz002273,水晶光电,38.32,39.29,38.2,39.0,39.16,-0.84,-2.145,1.2084,933293,36032353.72,4431822960.0,2959568560.0
619,2011-04-12,sz002273,水晶光电,38.5,38.99,38.1,38.32,38.32,0.18,0.4697,1.107,854990,33010385.02,4452640500.0,2973470500.0
620,2011-04-13,sz002273,水晶光电,39.17,39.17,38.28,38.65,38.5,0.67,1.7403,0.8611,665052,25748796.11,4530128010.0,3025216610.0
621,2011-04-14,sz002273,水晶光电,39.8,40.18,39.0,39.17,39.17,0.63,1.6084,1.836,1417971,56121839.62,4602989400.0,3073873400.0
622,2011-04-15,sz002273,水晶光电,39.15,40.15,38.9,39.8,39.8,-0.65,-1.6332,0.8734,674546,26501455.54,4527814950.0,3023671950.0
623,2011-04-18,sz002273,水晶光电,40.03,40.1,38.83,39.15,39.15,0.88,2.2478,1.6729,1292066,51212500.24,4629589590.0,3091636990.0
624,2011-04-19,sz002273,水晶光电,40.3,40.89,39.6,39.8,40.03,0.27,0.6745,2.1338,1648018,66778855.12,4660815900.0,3112489900.0
625,2011-04-20,sz002273,水晶光电,41.1,41.38,39.71,40.3,40.3,0.8,1.9851,1.4689,1134446,46086149.09,4753338300.0,3174276300.0
626,2011-04-21,sz002273,水晶光电,40.73,41.78,40.48,41.5,41.1,-0.37,-0.9002,0.8184,632075,25955039.85,4710546690.0,3145700090.0
627,2011-04-22,sz002273,水晶光电,0.0,0.0,0.0,0.0,40.73,,,0.0,0,0.0,4710546690.0,3145700090.0
628,2011-04-25,sz002273,水晶光电,0.0,0.0,0.0,0.0,40.73,,,0.0,0,0.0,4710546690.0,3145700090.0
629,2011-04-26,sz002273,水晶光电,38.08,41.05,37.9,41.04,40.73,-2.65,-6.5063,2.1999,1699043,65880009.31,4404066240.0,2941032640.0
630,2011-04-27,sz002273,水晶光电,38.01,38.95,37.8,38.14,38.08,-0.07,-0.1838,0.8848,683370,26185164.87,4395970530.0,2935626330.0
631,2011-04-28,sz002273,水晶光电,37.23,38.58,37.0,38.58,38.01,-0.78,-2.0521,0.822,634861,23881061.83,4305761190.0,2875384590.0
632,2011-04-29,sz002273,水晶光电,37.9,38.4,37.01,37.01,37.23,0.67,1.7996,0.7738,597632,22726928.94,4383248700.0,2927130700.0
633,2011-05-03,sz002273,水晶光电,38.1,38.88,36.05,38.15,37.9,0.2,0.5277,1.0989,848705,31822017.42,4406379300.0,2942577300.0
634,2011-05-04,sz002273,水晶光电,37.6,38.0,36.9,37.9,38.1,-0.5,-1.3123,0.9056,699391,26160506.1,4348552800.0,2903960800.0
635,2011-05-05,sz002273,水晶光电,37.32,37.8,37.12,37.55,37.6,-0.28,-0.7447,0.504,389286,14583521.55,4316169960.0,2882335560.0
636,2011-05-06,sz002273,水晶光电,38.26,38.4,36.06,37.3,37.32,0.94,2.5188,0.8808,680259,25871675.51,4424883780.0,2954934580.0
637,2011-05-09,sz002273,水晶光电,38.23,38.58,38.0,38.3,38.26,-0.03,-0.0784,0.3872,299042,11443780.89,4421414190.0,2952617590.0
638,2011-05-10,sz002273,水晶光电,38.17,38.39,37.58,38.39,38.23,-0.06,-0.1569,0.3486,269259,10224756.97,4414475010.0,2947983610.0
639,2011-05-11,sz002273,水晶光电,37.56,38.75,37.56,38.18,38.17,-0.61,-1.5981,1.0582,817300,31018495.92,4343926680.0,2900871480.0
640,2011-05-12,sz002273,水晶光电,36.79,37.54,36.5,37.22,37.56,-0.77,-2.0501,0.6183,477509,17689110.38,4254873870.0,2841402070.0
641,2011-05-13,sz002273,水晶光电,36.85,37.13,36.1,36.79,36.79,0.06,0.1631,0.5015,387351,14155009.99,4261813050.0,2846036050.0
642,2011-05-16,sz002273,水晶光电,36.65,37.17,36.1,36.85,36.85,-0.2,-0.5427,0.8001,617971,22579857.7,4238682450.0,2830589450.0
643,2011-05-17,sz002273,水晶光电,36.47,36.99,36.3,36.7,36.65,-0.18,-0.4911,0.736,568454,20717344.29,4217864910.0,2816687510.0
644,2011-05-18,sz002273,水晶光电,36.4,36.69,36.2,36.5,36.47,-0.07,-0.1919,0.5294,408841,14899248.2,4209769200.0,2811281200.0
645,2011-05-19,sz002273,水晶光电,35.98,36.85,35.9,36.5,36.4,-0.42,-1.1538,0.8909,688036,24888877.38,4161194940.0,2778843340.0
646,2011-05-20,sz002273,水晶光电,35.3,36.05,35.06,36.02,35.98,-0.68,-1.8899,1.0165,785069,27757383.55,4082550900.0,2726324900.0
647,2011-05-23,sz002273,水晶光电,33.83,35.45,33.33,35.3,35.3,-1.47,-4.1643,1.2978,1002342,34545932.31,3912540990.0,2612792390.0
648,2011-05-24,sz002273,水晶光电,0.0,0.0,0.0,0.0,33.83,,,0.0,0,0.0,3912540990.0,2612792390.0
649,2011-05-25,sz002273,水晶光电,34.23,35.7,33.9,34.33,33.83,0.4,1.1824,0.964,744559,25993624.63,3958802190.0,2643685590.0
650,2011-05-26,sz002273,水晶光电,33.9,35.01,33.9,34.4,34.23,-0.33,-0.9641,0.5803,448213,15440527.89,3920636700.0,2618198700.0
651,2011-05-27,sz002273,水晶光电,33.98,34.28,33.75,33.92,33.9,0.08,0.236,0.5757,444638,15084308.88,3929888940.0,2624377340.0
652,2011-05-30,sz002273,水晶光电,33.56,34.27,33.53,34.1,33.98,-0.42,-1.236,0.3902,301349,10207438.35,3881314680.0,2591939480.0
653,2011-05-31,sz002273,水晶光电,34.34,34.36,33.6,33.9,33.56,0.78,2.3242,0.3995,308576,10516153.02,3971524020.0,2652181220.0
654,2011-06-01,sz002273,水晶光电,34.85,34.86,34.04,34.34,34.34,0.51,1.4851,0.6157,475521,16441297.74,4030507050.0,2691570050.0
655,2011-06-02,sz002273,水晶光电,35.69,35.9,34.15,34.3,34.85,0.84,2.4103,1.4296,1104145,38883146.34,4127655570.0,2756445770.0
656,2011-06-03,sz002273,水晶光电,35.77,35.9,35.36,35.6,35.69,0.08,0.2242,0.6176,476963,17039151.64,4136907810.0,2762624410.0
657,2011-06-07,sz002273,水晶光电,35.48,35.88,35.35,35.77,35.77,-0.29,-0.8107,0.4127,318747,11341469.65,4103368440.0,2740226840.0
658,2011-06-08,sz002273,水晶光电,35.22,35.48,34.74,35.19,35.48,-0.26,-0.7328,0.4852,374721,13161543.75,4073298660.0,2720146260.0
659,2011-06-09,sz002273,水晶光电,34.76,35.5,34.56,35.5,35.22,-0.46,-1.3061,0.3523,272091,9502531.5,4020098280.0,2684619080.0
660,2011-06-10,sz002273,水晶光电,34.59,35.06,34.11,34.75,34.76,-0.17,-0.4891,0.4058,313426,10800013.61,4000437270.0,2671489470.0
661,2011-06-13,sz002273,水晶光电,33.9,34.55,33.7,34.55,34.59,-0.69,-1.9948,0.7897,609902,20639778.0,3920636700.0,2618198700.0
662,2011-06-14,sz002273,水晶光电,34.7,34.74,33.76,33.95,33.9,0.8,2.3599,0.3696,285472,9808327.33,4013159100.0,2679985100.0
663,2011-06-15,sz002273,水晶光电,34.78,34.98,34.55,34.68,34.7,0.08,0.2305,0.6408,494919,17196847.37,4022411340.0,2686163740.0
664,2011-06-16,sz002273,水晶光电,34.25,34.79,34.02,34.56,34.78,-0.53,-1.5239,0.3449,266399,9186995.26,3961115250.0,2645230250.0
665,2011-06-17,sz002273,水晶光电,33.9,34.53,33.85,34.1,34.25,-0.35,-1.0219,0.187,144410,4935047.71,3920636700.0,2618198700.0
666,2011-06-20,sz002273,水晶光电,32.47,33.8,32.05,33.75,33.9,-1.43,-4.2183,0.7792,601777,19772405.14,3755252910.0,2507755510.0
667,2011-06-21,sz002273,水晶光电,32.67,32.7,32.34,32.49,32.47,0.2,0.616,0.3291,254190,8263951.32,3778383510.0,2523202110.0
668,2011-06-22,sz002273,水晶光电,32.85,33.6,32.5,32.68,32.67,0.18,0.551,0.2323,179388,5943484.01,3799201050.0,2537104050.0
669,2011-06-23,sz002273,水晶光电,33.8,33.8,32.5,32.5,32.85,0.95,2.8919,0.6372,492123,16376393.48,3909071400.0,2610475400.0
670,2011-06-24,sz002273,水晶光电,34.48,34.65,33.5,33.55,33.8,0.68,2.0118,1.0216,789011,27103356.61,3987715440.0,2662993840.0
671,2011-06-27,sz002273,水晶光电,35.72,36.3,34.2,34.2,34.48,1.24,3.5963,1.7816,1375994,49135493.77,4131125160.0,2758762760.0
672,2011-06-28,sz002273,水晶光电,35.7,35.96,35.2,35.72,35.72,-0.02,-0.056,0.5868,453237,16161280.48,4128812100.0,2757218100.0
673,2011-06-29,sz002273,水晶光电,35.55,35.88,35.5,35.55,35.7,-0.15,-0.4202,0.4615,356432,12720736.07,4111464150.0,2745633150.0
674,2011-06-30,sz002273,水晶光电,35.85,36.0,35.38,35.38,35.55,0.3,0.8439,0.3975,306979,11000399.77,4146160050.0,2768803050.0
675,2011-07-01,sz002273,水晶光电,35.7,36.26,35.6,35.9,35.85,-0.15,-0.4184,0.5753,444295,15980183.4,4128812100.0,2757218100.0
676,2011-07-04,sz002273,水晶光电,36.75,36.89,35.72,35.72,35.7,1.05,2.9412,0.9415,727111,26543968.92,4250247750.0,2838312750.0
677,2011-07-05,sz002273,水晶光电,36.78,37.28,36.4,36.75,36.75,0.03,0.0816,0.4385,338672,12468132.89,4253717340.0,2840629740.0
678,2011-07-06,sz002273,水晶光电,36.68,36.69,36.1,36.5,36.78,-0.1,-0.2719,0.5521,426380,15508915.1,4242152040.0,2832906440.0
679,2011-07-07,sz002273,水晶光电,37.69,38.47,36.7,36.8,36.68,1.01,2.7535,1.8195,1405231,52947607.97,4358961570.0,2910911770.0
680,2011-07-08,sz002273,水晶光电,37.2,37.69,36.9,37.69,37.69,-0.49,-1.3001,0.6117,472433,17605532.36,4302291600.0,2873067600.0
681,2011-07-11,sz002273,水晶光电,37.35,37.6,37.11,37.11,37.2,0.15,0.4032,0.873,674219,25233123.27,4319639550.0,2884652550.0
682,2011-07-12,sz002273,水晶光电,36.45,37.14,36.45,37.14,37.35,-0.9,-2.4096,0.6986,539580,19817202.76,4215551850.0,2815142850.0
683,2011-07-13,sz002273,水晶光电,37.36,37.58,36.4,36.4,36.45,0.91,2.4966,0.459,354493,13172057.79,4320796080.0,2885424880.0
684,2011-07-14,sz002273,水晶光电,37.4,37.88,36.9,37.1,37.36,0.04,0.1071,0.396,305848,11434669.81,4325422200.0,2888514200.0
685,2011-07-15,sz002273,水晶光电,38.7,38.85,37.12,37.41,37.4,1.3,3.4759,2.0177,1558337,59563926.73,4475771100.0,2988917100.0
686,2011-07-18,sz002273,水晶光电,37.99,39.18,37.89,39.18,38.7,-0.71,-1.8346,1.1365,877736,33562591.21,4393657470.0,2934081670.0
687,2011-07-19,sz002273,水晶光电,37.35,37.81,37.3,37.81,37.99,-0.64,-1.6847,0.8457,653184,24460362.22,4319639550.0,2884652550.0
688,2011-07-20,sz002273,水晶光电,37.63,37.75,37.21,37.32,37.35,0.28,0.7497,0.6301,486645,18220306.14,4352022390.0,2906277790.0
689,2011-07-21,sz002273,水晶光电,36.88,37.63,36.88,37.5,37.63,-0.75,-1.9931,0.3477,268550,9980511.49,4265282640.0,2848353040.0
690,2011-07-22,sz002273,水晶光电,36.79,37.3,36.5,37.17,36.88,-0.09,-0.244,0.4185,323246,11935248.45,4254873870.0,2841402070.0
691,2011-07-25,sz002273,水晶光电,35.33,36.77,35.15,36.42,36.79,-1.46,-3.9685,0.4759,367558,13237014.02,4086020490.0,2728641890.0
692,2011-07-26,sz002273,水晶光电,35.45,35.67,35.2,35.2,35.33,0.12,0.3397,0.5005,386584,13677002.59,4099898850.0,2737909850.0
693,2011-07-27,sz002273,水晶光电,36.1,36.21,35.11,35.11,35.45,0.65,1.8336,0.5119,395390,14132399.48,4175073300.0,2788111300.0
694,2011-07-28,sz002273,水晶光电,35.51,35.88,35.2,35.88,36.1,-0.59,-1.6343,0.5091,393207,13956509.4,4106838030.0,2742543830.0
695,2011-07-29,sz002273,水晶光电,36.16,36.19,35.45,35.72,35.51,0.65,1.8305,0.6077,469381,16830702.03,4182012480.0,2792745280.0
696,2011-08-01,sz002273,水晶光电,36.6,37.03,35.44,35.45,36.16,0.44,1.2168,0.4355,336364,12284266.3,4232899800.0,2826727800.0
697,2011-08-02,sz002273,水晶光电,36.54,36.65,35.5,36.49,36.6,-0.06,-0.1639,0.4487,346515,12487672.45,4225960620.0,2822093820.0
698,2011-08-03,sz002273,水晶光电,37.07,37.5,36.04,36.2,36.54,0.53,1.4505,0.7879,608508,22575547.67,4287256710.0,2863027310.0
699,2011-08-04,sz002273,水晶光电,37.63,37.79,37.05,37.06,37.07,0.56,1.5107,0.6045,466895,17457477.42,4352022390.0,2906277790.0
700,2011-08-05,sz002273,水晶光电,37.53,38.11,36.0,36.5,37.63,-0.1,-0.2657,0.9651,745386,27767389.17,4340457090.0,2898554490.0
701,2011-08-08,sz002273,水晶光电,36.2,37.2,35.11,37.0,37.53,-1.33,-3.5438,1.4022,1082971,38980168.91,4186638600.0,2795834600.0
702,2011-08-09,sz002273,水晶光电,36.1,36.51,34.69,35.65,36.2,-0.1,-0.2762,0.9391,725275,25932744.46,4175073300.0,2788111300.0
703,2011-08-10,sz002273,水晶光电,37.68,38.15,36.44,36.45,36.1,1.58,4.3767,1.201,927563,34649700.74,4357805040.0,2910139440.0
704,2011-08-11,sz002273,水晶光电,38.1,38.32,37.07,37.08,37.68,0.42,1.1146,1.6565,1279383,48630131.13,4406379300.0,2942577300.0
705,2011-08-12,sz002273,水晶光电,37.89,38.67,37.76,38.24,38.1,-0.21,-0.5512,1.1384,879240,33710374.36,4382092170.0,2926358370.0
706,2011-08-15,sz002273,水晶光电,37.97,38.45,37.54,37.9,37.89,0.08,0.2111,0.9237,713368,27037670.42,4391344410.0,2932537010.0
707,2011-08-16,sz002273,水晶光电,39.05,39.76,38.0,38.2,37.97,1.08,2.8444,3.0913,2387527,93071981.26,4516249650.0,3015948650.0
708,2011-08-17,sz002273,水晶光电,39.8,40.8,39.16,39.16,39.05,0.75,1.9206,3.4934,2698043,108351202.68,4602989400.0,3073873400.0
709,2011-08-18,sz002273,水晶光电,38.65,39.8,38.31,39.7,39.8,-1.15,-2.8894,1.5812,1221239,47553475.99,4469988450.0,2985055450.0
710,2011-08-19,sz002273,水晶光电,39.0,39.2,37.26,38.0,38.65,0.35,0.9056,1.0078,778331,29762026.88,4510467000.0,3012087000.0
711,2011-08-22,sz002273,水晶光电,38.31,39.2,38.21,39.0,39.0,-0.69,-1.7692,0.9785,755721,29223013.07,4430666430.0,2958796230.0
712,2011-08-23,sz002273,水晶光电,37.71,38.6,37.48,38.5,38.31,-0.6,-1.5662,2.0936,1616985,61104148.22,4361274630.0,2912456430.0
713,2011-08-24,sz002273,水晶光电,39.79,40.49,37.87,37.87,37.71,2.08,5.5158,2.8288,2184771,86185564.62,4601832870.0,3073101070.0
714,2011-08-25,sz002273,水晶光电,40.31,40.48,39.28,39.79,39.79,0.52,1.3069,2.4243,1872332,74822126.6,4661972430.0,3113262230.0
715,2011-08-26,sz002273,水晶光电,39.7,40.95,39.61,40.2,40.31,-0.61,-1.5133,1.5039,1161493,46805807.18,4591424100.0,3066150100.0
716,2011-08-29,sz002273,水晶光电,41.0,41.35,39.42,39.69,39.7,1.3,3.2746,2.7009,2086020,84821684.42,4741773000.0,3166553000.0
717,2011-08-30,sz002273,水晶光电,39.8,41.4,39.75,41.1,41.0,-1.2,-2.9268,1.1874,917040,37092880.62,4602989400.0,3073873400.0
718,2011-08-31,sz002273,水晶光电,38.9,40.3,38.78,39.7,39.8,-0.9,-2.2613,1.7201,1328497,51833473.23,4498901700.0,3004363700.0
719,2011-09-01,sz002273,水晶光电,38.54,39.32,38.2,38.79,38.9,-0.36,-0.9254,0.9542,736961,28537978.38,4457266620.0,2976559820.0
720,2011-09-02,sz002273,水晶光电,38.76,39.0,37.94,38.21,38.54,0.22,0.5708,0.5673,438131,16823235.04,4482710280.0,2993551080.0
721,2011-09-05,sz002273,水晶光电,38.24,38.75,38.21,38.5,38.76,-0.52,-1.3416,0.3586,276971,10639790.6,4422570720.0,2953389920.0
722,2011-09-06,sz002273,水晶光电,38.29,38.9,37.61,38.06,38.24,0.05,0.1308,0.6963,537794,20483066.75,4428353370.0,2957251570.0
723,2011-09-07,sz002273,水晶光电,37.8,38.58,37.3,38.49,38.29,-0.49,-1.2797,1.9381,1496877,56425966.69,4371683400.0,2919407400.0
724,2011-09-08,sz002273,水晶光电,36.7,38.1,36.68,37.99,37.8,-1.1,-2.9101,0.9531,736127,27576110.06,4244465100.0,2834451100.0
725,2011-09-09,sz002273,水晶光电,36.7,37.35,36.16,36.71,36.7,0.0,0.0,1.1073,855176,31460233.05,4244465100.0,2834451100.0
726,2011-09-13,sz002273,水晶光电,36.78,36.8,35.85,35.85,36.7,0.08,0.218,0.3727,287884,10454177.61,4253717340.0,2840629740.0
727,2011-09-14,sz002273,水晶光电,37.03,37.09,36.34,36.78,36.78,0.25,0.6797,0.496,383061,14128704.8,4282630590.0,2859937990.0
728,2011-09-15,sz002273,水晶光电,37.2,37.2,36.61,37.01,37.03,0.17,0.4591,0.6059,467970,17306247.14,4302291600.0,2873067600.0
729,2011-09-16,sz002273,水晶光电,37.3,37.7,37.08,37.2,37.2,0.1,0.2688,0.3155,243652,9107791.19,4313856900.0,2880790900.0
730,2011-09-19,sz002273,水晶光电,36.33,37.08,36.2,37.07,37.3,-0.97,-2.6005,0.2608,293939,10776320.87,4201673490.0,4095226590.0
731,2011-09-20,sz002273,水晶光电,35.95,36.59,35.88,36.43,36.33,-0.38,-1.046,0.4593,517767,18706612.0,4157725350.0,4052391850.0
732,2011-09-21,sz002273,水晶光电,36.72,36.72,35.53,35.96,35.95,0.77,2.1419,0.6969,785600,28427836.33,4246778160.0,4139188560.0
733,2011-09-22,sz002273,水晶光电,35.63,36.6,35.62,36.6,36.72,-1.09,-2.9684,0.3455,389447,14051440.8,4120716390.0,4016320490.0
734,2011-09-23,sz002273,水晶光电,35.31,35.5,34.88,35.01,35.63,-0.32,-0.8981,0.2543,286620,10084209.9,4083707430.0,3980249130.0
735,2011-09-26,sz002273,水晶光电,35.06,35.86,35.0,35.1,35.31,-0.25,-0.708,0.1665,187695,6650333.96,4054794180.0,3952068380.0
736,2011-09-27,sz002273,水晶光电,35.06,35.97,34.6,35.97,35.06,0.0,0.0,0.2197,247617,8676436.15,4054794180.0,3952068380.0
737,2011-09-28,sz002273,水晶光电,34.36,35.6,34.17,35.55,35.06,-0.7,-1.9966,0.3908,440493,15248651.71,3973837080.0,3873162280.0
738,2011-09-29,sz002273,水晶光电,33.1,34.15,32.17,34.01,34.36,-1.26,-3.6671,0.8093,912257,30165959.77,3828114300.0,3731131300.0
739,2011-09-30,sz002273,水晶光电,33.18,33.83,32.62,33.1,33.1,0.08,0.2417,0.5846,658944,21907369.24,3837366540.0,3740149140.0
740,2011-10-10,sz002273,水晶光电,33.2,33.29,32.75,33.29,33.18,0.02,0.0603,0.1725,194489,6433244.5,3839679600.0,3742403600.0
741,2011-10-11,sz002273,水晶光电,33.18,34.2,32.85,33.77,33.2,-0.02,-0.0602,0.2287,257845,8634527.22,3837366540.0,3740149140.0
742,2011-10-12,sz002273,水晶光电,34.3,34.56,32.58,32.58,33.18,1.12,3.3755,0.4339,489065,16545189.06,3966897900.0,3866398900.0
743,2011-10-13,sz002273,水晶光电,34.93,35.28,34.31,34.5,34.3,0.63,1.8367,0.3068,345838,12069589.78,4039759290.0,3937414390.0
744,2011-10-14,sz002273,水晶光电,35.58,35.6,34.48,34.58,34.93,0.65,1.8609,0.254,286284,9982150.4,4114933740.0,4010684340.0
745,2011-10-17,sz002273,水晶光电,35.3,35.75,35.3,35.6,35.58,-0.28,-0.787,0.3008,339074,12052690.45,4082550900.0,3979121900.0
746,2011-10-18,sz002273,水晶光电,34.88,35.21,34.39,35.21,35.3,-0.42,-1.1898,0.3589,404565,13999587.94,4033976640.0,3931778240.0
747,2011-10-19,sz002273,水晶光电,35.39,36.0,34.9,35.01,34.88,0.51,1.4622,0.3353,378010,13400863.44,4092959670.0,3989266970.0
748,2011-10-20,sz002273,水晶光电,34.98,35.39,34.8,35.01,35.39,-0.41,-1.1585,0.5829,657065,23019818.2,4045541940.0,3943050540.0
749,2011-10-21,sz002273,水晶光电,34.81,35.48,34.75,35.18,34.98,-0.17,-0.486,0.534,601930,21054140.0,4025880930.0,3923887630.0
750,2011-10-24,sz002273,水晶光电,34.85,35.0,33.8,34.4,34.81,0.04,0.1149,0.805,907378,31346763.26,4030507050.0,3928396550.0
751,2011-10-25,sz002273,水晶光电,35.98,35.98,34.83,34.83,34.85,1.13,3.2425,0.8605,969982,34421563.99,4161194940.0,4055773540.0
752,2011-10-26,sz002273,水晶光电,36.18,36.6,35.7,35.7,35.98,0.2,0.5559,0.5618,633301,22974013.66,4184325540.0,4078318140.0
753,2011-10-27,sz002273,水晶光电,35.94,36.39,35.9,36.18,36.18,-0.24,-0.6633,0.218,245704,8855415.11,4156568820.0,4051264620.0
754,2011-10-28,sz002273,水晶光电,36.36,36.57,35.86,36.57,35.94,0.42,1.1686,0.6432,725045,26160268.71,4205143080.0,4098608280.0
755,2011-10-31,sz002273,水晶光电,36.45,36.5,35.95,36.5,36.36,0.09,0.2475,0.492,554559,20082481.95,4215551850.0,4108753350.0
756,2011-11-01,sz002273,水晶光电,36.28,36.43,35.9,36.11,36.45,-0.17,-0.4664,0.3221,363096,13111133.86,4195890840.0,4089590440.0
757,2011-11-02,sz002273,水晶光电,38.03,38.3,35.21,35.99,36.28,1.75,4.8236,1.2904,1454548,54375628.56,4398283590.0,4286855690.0
758,2011-11-03,sz002273,水晶光电,37.66,39.8,37.33,38.01,38.03,-0.37,-0.9729,1.2945,1459213,56067264.08,4355491980.0,4245148180.0
759,2011-11-04,sz002273,水晶光电,37.63,38.1,37.43,38.1,37.66,-0.03,-0.0797,0.3525,397354,14971622.55,4352022390.0,4241766490.0
760,2011-11-07,sz002273,水晶光电,37.18,37.7,37.03,37.65,37.63,-0.45,-1.1959,0.3046,343379,12812549.53,4299978540.0,4191041140.0
761,2011-11-08,sz002273,水晶光电,36.69,37.3,36.58,37.17,37.18,-0.49,-1.3179,0.356,401299,14797441.2,4243308570.0,4135806870.0
762,2011-11-09,sz002273,水晶光电,37.21,37.46,36.52,36.73,36.69,0.52,1.4173,0.3063,345312,12792642.32,4303448130.0,4194422830.0
763,2011-11-10,sz002273,水晶光电,36.85,37.1,36.56,37.1,37.21,-0.36,-0.9675,0.2919,329094,12104490.22,4261813050.0,4153842550.0
764,2011-11-11,sz002273,水晶光电,36.79,36.95,36.55,36.85,36.85,-0.06,-0.1628,0.4139,466562,17113049.08,4254873870.0,4147079170.0
765,2011-11-14,sz002273,水晶光电,37.67,37.7,36.72,36.72,36.79,0.88,2.392,0.5191,585198,21963856.78,4356648510.0,4246275410.0
766,2011-11-15,sz002273,水晶光电,37.62,38.16,37.49,37.62,37.67,-0.05,-0.1327,0.4468,503614,19085260.8,4350865860.0,4240639260.0
767,2011-11-16,sz002273,水晶光电,36.8,37.87,36.71,37.87,37.62,-0.82,-2.1797,0.482,543377,20131291.43,4256030400.0,4148206400.0
768,2011-11-17,sz002273,水晶光电,36.38,37.28,36.38,36.7,36.8,-0.42,-1.1413,0.3657,412266,15164169.81,4207456140.0,4100862740.0
769,2011-11-18,sz002273,水晶光电,35.6,36.5,35.5,36.15,36.38,-0.78,-2.144,0.3671,413859,14879073.78,4117246800.0,4012938800.0
770,2011-11-21,sz002273,水晶光电,35.94,35.96,35.39,35.6,35.6,0.34,0.9551,0.1292,145620,5195772.3,4156568820.0,4051264620.0
771,2011-11-22,sz002273,水晶光电,36.52,36.55,35.8,35.91,35.94,0.58,1.6138,0.3941,444229,16121163.46,4223647560.0,4116643960.0
772,2011-11-23,sz002273,水晶光电,37.2,37.33,36.56,36.79,36.52,0.68,1.862,0.4765,537174,19892762.68,4302291600.0,4193295600.0
773,2011-11-24,sz002273,水晶光电,37.05,37.3,36.75,37.0,37.2,-0.15,-0.4032,0.1713,193044,7156918.36,4284943650.0,4176387150.0
774,2011-11-25,sz002273,水晶光电,38.17,40.0,36.38,37.3,37.05,1.12,3.0229,1.1867,1337699,51130332.24,4414475010.0,4302636910.0
775,2011-11-28,sz002273,水晶光电,37.26,38.18,37.2,38.18,38.17,-0.91,-2.3841,0.7889,889303,33352250.38,4309230780.0,4200058980.0
776,2011-11-29,sz002273,水晶光电,38.3,38.67,37.4,38.3,37.26,1.04,2.7912,1.6008,1804458,68607399.44,4429509900.0,4317290900.0
777,2011-11-30,sz002273,水晶光电,38.23,38.93,37.1,38.93,38.3,-0.07,-0.1828,1.8155,2046505,77868369.65,4421414190.0,4309400290.0
778,2011-12-01,sz002273,水晶光电,38.9,39.95,38.31,39.57,38.23,0.67,1.7526,2.1401,2412364,94194958.67,4498901700.0,4384924700.0
779,2011-12-02,sz002273,水晶光电,37.99,38.62,37.5,38.41,38.9,-0.91,-2.3393,0.8536,962242,36499206.9,4393657470.0,4282346770.0
780,2011-12-05,sz002273,水晶光电,36.68,37.8,35.98,37.5,37.99,-1.31,-3.4483,0.9558,1077458,39513216.23,4242152040.0,4134679640.0
781,2011-12-06,sz002273,水晶光电,36.02,36.8,35.65,36.8,36.68,-0.66,-1.7993,0.406,457658,16494847.87,4165821060.0,4060282460.0
782,2011-12-07,sz002273,水晶光电,36.45,36.45,35.6,36.15,36.02,0.43,1.1938,0.6651,749708,27001951.44,4215551850.0,4108753350.0
783,2011-12-08,sz002273,水晶光电,36.2,36.75,35.7,36.45,36.45,-0.25,-0.6859,0.3231,364168,13209556.86,4186638600.0,4080572600.0
784,2011-12-09,sz002273,水晶光电,35.99,36.45,35.66,36.01,36.2,-0.21,-0.5801,0.2657,299541,10767575.51,4162351470.0,4056900770.0
785,2011-12-12,sz002273,水晶光电,35.96,36.04,35.4,35.9,35.99,-0.03,-0.0834,0.2122,239192,8581129.09,4158881880.0,4053519080.0
786,2011-12-13,sz002273,水晶光电,34.54,35.71,34.01,35.7,35.96,-1.42,-3.9488,0.5043,568454,19885052.97,3994654620.0,3893452420.0
787,2011-12-14,sz002273,水晶光电,33.58,34.6,32.72,34.5,34.54,-0.96,-2.7794,0.8221,926675,31210672.55,3883627740.0,3785238340.0
788,2011-12-15,sz002273,水晶光电,33.46,33.99,32.68,33.0,33.58,-0.12,-0.3574,0.441,497115,16461241.06,3869749380.0,3771711580.0
789,2011-12-16,sz002273,水晶光电,34.08,34.2,33.13,33.13,33.46,0.62,1.853,0.4148,467593,15740347.75,3941454240.0,3841599840.0
790,2011-12-19,sz002273,水晶光电,34.86,35.4,33.51,33.81,34.08,0.78,2.2887,0.5421,611016,20874516.93,4031663580.0,3929523780.0
791,2011-12-20,sz002273,水晶光电,34.51,34.9,34.41,34.9,34.86,-0.35,-1.004,0.1427,160808,5564317.84,3991185030.0,3890070730.0
792,2011-12-21,sz002273,水晶光电,33.33,35.0,33.33,35.0,34.51,-1.18,-3.4193,0.1819,205044,6985358.94,3854714490.0,3757057590.0
793,2011-12-22,sz002273,水晶光电,33.6,34.33,32.41,33.68,33.33,0.27,0.8101,0.3326,374863,12453059.24,4195060800.0,3787492800.0
794,2011-12-23,sz002273,水晶光电,34.29,34.7,33.2,33.9,33.6,0.69,2.0536,0.3599,405667,13918023.75,4281209370.0,3865271670.0
795,2011-12-26,sz002273,水晶光电,34.3,34.89,34.07,34.6,34.29,0.01,0.0292,0.2567,289319,9966770.57,4282457900.0,3866398900.0
796,2011-12-27,sz002273,水晶光电,34.1,34.8,33.53,34.02,34.3,-0.2,-0.5831,0.2301,259386,8858627.09,4257487300.0,3843854300.0
797,2011-12-28,sz002273,水晶光电,33.0,34.23,31.78,33.5,34.1,-1.1,-3.2258,1.0391,1171331,38342928.07,4120149000.0,3719859000.0
798,2011-12-29,sz002273,水晶光电,31.82,33.15,31.82,32.61,33.0,-1.18,-3.5758,0.6755,761403,24598010.89,3972822460.0,3586845860.0
799,2011-12-30,sz002273,水晶光电,32.31,32.5,30.88,31.7,31.82,0.49,1.5399,0.9187,1035629,32972512.08,4034000430.0,3642080130.0
800,2012-01-04,sz002273,水晶光电,30.82,32.4,30.82,32.39,32.31,-1.49,-4.6116,0.6065,683700,21700407.62,3847969460.0,3474122860.0
801,2012-01-05,sz002273,水晶光电,28.28,30.46,27.74,30.3,30.82,-2.54,-8.2414,1.3061,1472314,42050946.51,3530842840.0,3187806440.0
802,2012-01-06,sz002273,水晶光电,27.42,28.0,26.66,28.0,28.28,-0.86,-3.041,0.5785,652147,17945758.27,3423469260.0,3090864660.0
803,2012-01-09,sz002273,水晶光电,28.49,28.57,27.41,27.42,27.42,1.07,3.9023,1.1537,1300467,36750350.32,3557061970.0,3211478270.0
804,2012-01-10,sz002273,水晶光电,29.65,29.66,28.48,28.8,28.49,1.16,4.0716,0.7651,862409,25234471.24,3701891450.0,3342236950.0
805,2012-01-11,sz002273,水晶光电,29.64,30.12,29.37,29.69,29.65,-0.01,-0.0337,0.5392,607777,18107845.44,3700642920.0,3341109720.0
806,2012-01-12,sz002273,水晶光电,29.8,30.2,29.4,29.69,29.64,0.16,0.5398,0.3813,429853,12849805.78,3720619400.0,3359145400.0
807,2012-01-13,sz002273,水晶光电,28.5,30.0,28.22,29.85,29.8,-1.3,-4.3624,0.5045,568705,16283815.16,3558310500.0,3212605500.0
808,2012-01-16,sz002273,水晶光电,0.0,0.0,0.0,0.0,28.5,,,0.0,0,0.0,3558310500.0,3212605500.0
809,2012-01-17,sz002273,水晶光电,28.55,28.6,26.58,27.5,28.5,0.05,0.1754,3.3365,3761035,103953701.1,3564553150.0,3218241650.0
810,2012-01-18,sz002273,水晶光电,27.25,28.8,27.0,28.6,28.55,-1.3,-4.5534,1.199,1351590,38122158.96,3402244250.0,3071701750.0
811,2012-01-19,sz002273,水晶光电,26.81,27.59,26.23,27.03,27.25,-0.44,-1.6147,0.9219,1039191,27802757.82,3347308930.0,3022103630.0
812,2012-01-20,sz002273,水晶光电,27.7,27.8,26.83,26.83,26.81,0.89,3.3197,0.7443,838972,23010107.75,3458428100.0,3122427100.0
813,2012-01-30,sz002273,水晶光电,27.96,28.31,27.78,27.83,27.7,0.26,0.9386,0.737,830784,23344128.45,3490889880.0,3151735080.0
814,2012-01-31,sz002273,水晶光电,28.18,28.18,27.6,27.87,27.96,0.22,0.7868,0.2357,265682,7422612.76,3518357540.0,3176534140.0
815,2012-02-01,sz002273,水晶光电,28.5,29.19,27.84,28.1,28.18,0.32,1.1356,0.6687,753817,21668092.26,3558310500.0,3212605500.0
816,2012-02-02,sz002273,水晶光电,28.9,28.96,28.21,28.5,28.5,0.4,1.4035,0.728,820661,23530823.3,3608251700.0,3257694700.0
817,2012-02-03,sz002273,水晶光电,29.58,29.85,28.76,28.88,28.9,0.68,2.3529,0.8853,997900,29306734.3,3693151740.0,3334346340.0
818,2012-02-06,sz002273,水晶光电,29.47,29.8,29.1,29.68,29.58,-0.11,-0.3719,0.5678,640069,18862418.27,3679417910.0,3321946810.0
819,2012-02-07,sz002273,水晶光电,28.84,29.3,28.4,29.3,29.47,-0.63,-2.1378,0.4687,528307,15170839.6,3600760520.0,3250931320.0
820,2012-02-08,sz002273,水晶光电,29.41,29.7,28.65,28.65,28.84,0.57,1.9764,0.3639,410239,11952180.69,3671926730.0,3315183430.0
821,2012-02-09,sz002273,水晶光电,30.15,30.99,29.38,29.6,29.41,0.74,2.5162,0.9599,1081980,32957906.52,3764317950.0,3398598450.0
822,2012-02-10,sz002273,水晶光电,30.2,30.34,29.92,30.2,30.15,0.05,0.1658,0.5771,650555,19565158.81,3770560600.0,3404234600.0
823,2012-02-13,sz002273,水晶光电,30.82,31.15,29.8,30.11,30.2,0.62,2.053,0.7742,872708,26916335.62,3847969460.0,3474122860.0
824,2012-02-14,sz002273,水晶光电,30.98,31.04,30.55,30.76,30.82,0.16,0.5191,0.3686,415489,12812797.21,3867945940.0,3492158540.0
825,2012-02-15,sz002273,水晶光电,31.1,31.23,30.72,30.95,30.98,0.12,0.3873,0.4252,479245,14904430.43,3882928300.0,3505685300.0
826,2012-02-16,sz002273,水晶光电,31.98,32.38,31.15,31.3,31.1,0.88,2.8296,1.3358,1505758,47927482.79,3992798940.0,3604881540.0
827,2012-02-17,sz002273,水晶光电,31.55,32.45,31.3,31.9,31.98,-0.43,-1.3446,0.5928,668255,21181033.4,3939112150.0,3556410650.0
828,2012-02-20,sz002273,水晶光电,31.06,32.18,31.0,31.98,31.55,-0.49,-1.5531,0.8687,979278,30657608.47,3877934180.0,3501176380.0
829,2012-02-21,sz002273,水晶光电,31.31,31.31,30.55,31.1,31.06,0.25,0.8049,0.6818,768543,23822631.56,3909147430.0,3529357130.0
830,2012-02-22,sz002273,水晶光电,32.06,32.39,31.06,31.29,31.31,0.75,2.3954,1.0472,1180462,37637568.81,4002787180.0,3613899380.0
831,2012-02-23,sz002273,水晶光电,32.5,32.66,32.06,32.18,32.06,0.44,1.3724,1.5413,1737344,56225953.98,4057722500.0,3663497500.0
832,2012-02-24,sz002273,水晶光电,32.27,32.47,31.78,32.47,32.5,-0.23,-0.7077,1.1351,1279501,40925168.78,4029006310.0,3637571210.0
833,2012-02-27,sz002273,水晶光电,32.54,32.68,32.01,32.01,32.27,0.27,0.8367,1.2028,1355812,43956436.3,4062716620.0,3668006420.0
834,2012-02-28,sz002273,水晶光电,32.2,32.54,31.8,32.54,32.54,-0.34,-1.0449,1.334,1503722,48236550.69,4020266600.0,3629680600.0
835,2012-02-29,sz002273,水晶光电,31.38,32.19,30.93,32.19,32.2,-0.82,-2.5466,0.8909,1004258,31860610.56,3917887140.0,3537247740.0
836,2012-03-01,sz002273,水晶光电,33.49,34.0,32.03,32.36,31.38,2.11,6.724,3.7772,4257720,140316447.77,4181326970.0,3775093270.0
837,2012-03-02,sz002273,水晶光电,33.95,33.98,33.01,33.22,33.49,0.46,1.3735,2.5336,2855936,95757542.56,4238759350.0,3826945850.0
838,2012-03-05,sz002273,水晶光电,34.77,34.93,33.6,34.0,33.95,0.82,2.4153,2.4396,2749943,94657570.73,4341138810.0,3919378710.0
839,2012-03-06,sz002273,水晶光电,34.5,35.0,34.19,34.55,34.77,-0.27,-0.7765,1.8429,2077377,71791189.78,4307428500.0,3888943500.0
840,2012-03-07,sz002273,水晶光电,33.42,34.41,33.38,34.1,34.5,-1.08,-3.1304,1.3253,1493906,50701705.02,4172587260.0,3767202660.0
841,2012-03-08,sz002273,水晶光电,33.79,33.9,33.4,33.4,33.42,0.37,1.1071,0.9879,1113623,37532925.03,4218782870.0,3808910170.0
842,2012-03-09,sz002273,水晶光电,34.4,34.45,33.9,33.95,33.79,0.61,1.8053,0.8675,977825,33495808.84,4294943200.0,3877671200.0
843,2012-03-12,sz002273,水晶光电,34.61,35.1,34.2,34.51,34.4,0.21,0.6105,1.5626,1761396,61208250.9,4321162330.0,3901343030.0
844,2012-03-13,sz002273,水晶光电,34.5,34.88,34.0,34.85,34.61,-0.11,-0.3178,1.0085,1136834,39000998.03,4307428500.0,3888943500.0
845,2012-03-14,sz002273,水晶光电,34.91,36.06,34.4,34.57,34.5,0.41,1.1884,3.9943,4502490,158933229.53,4358618230.0,3935159930.0
846,2012-03-15,sz002273,水晶光电,33.87,34.9,33.5,34.9,34.91,-1.04,-2.9791,1.5544,1752206,59627630.83,4228771110.0,3817928010.0
847,2012-03-16,sz002273,水晶光电,34.55,34.68,33.19,34.21,33.87,0.68,2.0077,1.8057,2035416,69039793.88,4313671150.0,3894579650.0
848,2012-03-19,sz002273,水晶光电,35.91,35.95,33.49,34.0,34.55,1.36,3.9363,4.3104,4858829,168308556.47,4483471230.0,4047882930.0
849,2012-03-20,sz002273,水晶光电,35.79,36.16,34.89,35.5,35.91,-0.12,-0.3342,2.4318,2741187,97245182.07,4468488870.0,4034356170.0
850,2012-03-21,sz002273,水晶光电,34.25,35.63,32.45,35.6,35.79,-1.54,-4.3029,4.7864,5395324,181036691.29,4276215250.0,3860762750.0
851,2012-03-22,sz002273,水晶光电,33.4,34.19,32.84,33.98,34.25,-0.85,-2.4818,2.2909,2582327,86288248.02,4170090200.0,3764948200.0
852,2012-03-23,sz002273,水晶光电,32.33,33.3,32.28,33.3,33.4,-1.07,-3.2036,1.1497,1296003,42216942.66,4036497490.0,3644334590.0
853,2012-03-26,sz002273,水晶光电,32.25,32.48,32.0,32.0,32.33,-0.08,-0.2474,0.5678,640075,20635117.87,4026509250.0,3635316750.0
854,2012-03-27,sz002273,水晶光电,32.4,32.96,32.3,32.48,32.25,0.15,0.4651,0.6153,693600,22670578.34,4045237200.0,3652225200.0
855,2012-03-28,sz002273,水晶光电,31.03,32.45,30.89,32.4,32.4,-1.37,-4.2284,1.0166,1145989,36193337.84,3874188590.0,3497794690.0
856,2012-03-29,sz002273,水晶光电,30.03,31.03,30.0,31.0,31.03,-1.0,-3.2227,0.9376,1056909,32019071.75,3749335590.0,3385071690.0
857,2012-03-30,sz002273,水晶光电,30.07,30.9,29.88,30.15,30.03,0.04,0.1332,1.0267,1157294,34894534.12,3754329710.0,3389580610.0
858,2012-04-05,sz002273,水晶光电,31.14,31.16,30.01,30.01,30.07,1.07,3.5584,1.0841,1222039,37689469.3,3887922420.0,3510194220.0
859,2012-04-06,sz002273,水晶光电,31.92,32.17,30.81,31.18,31.14,0.78,2.5048,0.8658,975917,30931143.05,3985307760.0,3598118160.0
860,2012-04-09,sz002273,水晶光电,31.7,32.13,31.53,31.6,31.92,-0.22,-0.6892,0.4175,470576,15000769.82,3957840100.0,3573319100.0
861,2012-04-10,sz002273,水晶光电,0.0,0.0,0.0,0.0,31.7,,,0.0,0,0.0,3957840100.0,3573319100.0
862,2012-04-11,sz002273,水晶光电,31.71,32.3,31.6,31.71,31.7,0.01,0.0315,0.4553,513189,16378781.09,3959088630.0,3574446330.0
863,2012-04-12,sz002273,水晶光电,31.88,32.0,31.6,31.97,31.71,0.17,0.5361,0.5056,569949,18119384.85,3980313640.0,3593609240.0
864,2012-04-13,sz002273,水晶光电,31.95,32.47,31.63,32.04,31.88,0.07,0.2196,0.8847,997279,31940506.03,3989053350.0,3601499850.0
865,2012-04-16,sz002273,水晶光电,31.36,31.9,31.11,31.9,31.95,-0.59,-1.8466,0.3985,449236,14118420.76,3915390080.0,3534993280.0
866,2012-04-17,sz002273,水晶光电,31.44,31.9,31.16,31.31,31.36,0.08,0.2551,0.4036,454984,14376189.51,3925378320.0,3544011120.0
867,2012-04-18,sz002273,水晶光电,32.46,32.5,31.5,31.75,31.44,1.02,3.2443,0.7162,807369,25965608.16,4052728380.0,3658988580.0
868,2012-04-19,sz002273,水晶光电,32.46,33.2,32.33,32.33,32.46,0.0,0.0,0.7366,830333,27238741.99,4052728380.0,3658988580.0
869,2012-04-20,sz002273,水晶光电,32.88,33.18,32.23,32.23,32.46,0.42,1.2939,0.6031,679868,22346868.15,4105166640.0,3706332240.0
870,2012-04-23,sz002273,水晶光电,30.23,32.65,30.15,32.65,32.88,-2.65,-8.0596,1.8564,2092536,65294782.99,3774306190.0,3407616290.0
871,2012-04-24,sz002273,水晶光电,30.7,30.8,29.81,30.21,30.23,0.47,1.5547,1.32,1497660,45245403.03,3832987100.0,3483083850.0
872,2012-04-25,sz002273,水晶光电,30.28,30.79,30.28,30.63,30.7,-0.42,-1.3681,0.9872,1119988,34178325.88,3780548840.0,3435432540.0
873,2012-04-26,sz002273,水晶光电,15.01,15.05,14.05,14.89,14.89,0.12,0.8059,0.9807,2225339,32630384.49,3748087060.0,3405934110.0
874,2012-04-27,sz002273,水晶光电,14.82,14.99,14.55,14.92,15.01,-0.19,-1.2658,0.3985,904278,13334811.96,3700642920.0,3362821020.0
875,2012-05-02,sz002273,水晶光电,14.83,15.25,14.58,14.95,14.82,0.01,0.0675,0.8366,1898399,28035602.39,3703139980.0,3365090130.0
876,2012-05-03,sz002273,水晶光电,14.76,15.15,14.68,14.83,14.83,-0.07,-0.472,0.4714,1069573,15783585.28,3685660560.0,3349206360.0
877,2012-05-04,sz002273,水晶光电,14.97,15.09,14.76,14.76,14.76,0.21,1.4228,0.4884,1108122,16572372.26,3738098820.0,3396857670.0
878,2012-05-07,sz002273,水晶光电,15.47,15.5,14.85,15.0,14.97,0.5,3.34,1.2007,2724629,41226047.73,3862951820.0,3510313170.0
879,2012-05-08,sz002273,水晶光电,15.34,15.55,15.33,15.45,15.47,-0.13,-0.8403,0.4758,1079628,16671097.02,3830490040.0,3480814740.0
880,2012-05-09,sz002273,水晶光电,15.49,15.69,14.85,15.3,15.34,0.15,0.9778,0.8052,1827096,28001629.81,3867945940.0,3514851390.0
881,2012-05-10,sz002273,水晶光电,15.24,15.77,15.15,15.77,15.49,-0.25,-1.6139,0.5885,1335440,20474749.96,3805519440.0,3458123640.0
882,2012-05-11,sz002273,水晶光电,14.85,15.35,14.83,15.15,15.24,-0.39,-2.5591,0.4788,1086400,16366719.5,3708134100.0,3369628350.0
883,2012-05-14,sz002273,水晶光电,14.91,15.14,14.88,15.0,14.85,0.06,0.404,0.5122,1162284,17477158.44,3723116460.0,3383243010.0
884,2012-05-15,sz002273,水晶光电,14.7,14.99,14.42,14.86,14.91,-0.21,-1.4085,0.5203,1180508,17323471.0,3670678200.0,3335591700.0
885,2012-05-16,sz002273,水晶光电,14.87,15.1,14.51,15.01,14.7,0.17,1.1565,0.9525,2161274,32347792.64,3713128220.0,3374166570.0
886,2012-05-17,sz002273,水晶光电,14.91,14.99,14.66,14.7,14.87,0.04,0.269,0.2794,634055,9432061.2,3723116460.0,3383243010.0
887,2012-05-18,sz002273,水晶光电,14.42,14.85,14.4,14.85,14.91,-0.49,-3.2864,0.4034,915247,13331553.26,3600760520.0,3272056620.0
888,2012-05-21,sz002273,水晶光电,14.01,14.59,13.72,14.4,14.42,-0.41,-2.8433,0.6453,1464282,20491148.67,3498381060.0,3179023110.0
889,2012-05-22,sz002273,水晶光电,14.06,14.24,13.95,14.06,14.01,0.05,0.3569,0.5021,1139237,16032570.02,3510866360.0,3190368660.0
890,2012-05-23,sz002273,水晶光电,13.95,14.28,13.82,14.0,14.06,-0.11,-0.7824,0.5202,1180455,16558809.71,3483398700.0,3165408450.0
891,2012-05-24,sz002273,水晶光电,13.72,14.08,13.71,13.95,13.95,-0.23,-1.6487,0.4091,928380,12898069.71,3425966320.0,3113218920.0
892,2012-05-25,sz002273,水晶光电,13.65,13.92,13.51,13.78,13.72,-0.07,-0.5102,0.3683,835682,11453659.29,3408486900.0,3097335150.0
893,2012-05-28,sz002273,水晶光电,13.92,13.99,13.45,13.65,13.65,0.27,1.978,0.3133,710943,9763650.28,3475907520.0,3158601120.0
894,2012-05-29,sz002273,水晶光电,14.13,14.23,13.8,13.9,13.92,0.21,1.5086,0.4341,984933,13865724.13,3528345780.0,3206252430.0
895,2012-05-30,sz002273,水晶光电,14.04,14.27,13.99,14.23,14.13,-0.09,-0.6369,0.2882,654035,9210579.83,3505872240.0,3185830440.0
896,2012-05-31,sz002273,水晶光电,15.08,15.37,14.0,14.08,14.04,1.04,7.4074,1.5339,3480476,51729408.49,3765566480.0,3421817880.0
897,2012-06-01,sz002273,水晶光电,15.14,15.19,14.75,15.12,15.08,0.06,0.3979,0.9995,2267968,34031566.59,3780548840.0,3435432540.0
898,2012-06-04,sz002273,水晶光电,15.7,15.92,14.7,14.88,15.14,0.56,3.6988,5.3103,12049570,187272443.6,3920384200.0,3562502700.0
899,2012-06-05,sz002273,水晶光电,15.77,16.1,15.55,15.61,15.7,0.07,0.4459,1.9377,4396806,69481507.8,3937863620.0,3578386470.0
900,2012-06-06,sz002273,水晶光电,15.77,16.0,15.48,15.74,15.77,0.0,0.0,1.3898,3153523,49792326.88,3937863620.0,3578386470.0
901,2012-06-07,sz002273,水晶光电,15.77,15.92,15.47,15.71,15.77,0.0,0.0,1.2822,2909356,45485959.72,3937863620.0,3578386470.0
902,2012-06-08,sz002273,水晶光电,15.92,16.1,15.61,15.8,15.77,0.15,0.9512,2.0725,4702841,74643025.28,3975319520.0,3612423120.0
903,2012-06-11,sz002273,水晶光电,16.6,16.9,15.92,15.94,15.92,0.68,4.2714,2.4223,5496567,90872342.56,4145119600.0,3766722600.0
904,2012-06-12,sz002273,水晶光电,17.21,17.37,16.36,16.42,16.6,0.61,3.6747,2.5012,5675503,95863499.72,4297440260.0,3905138310.0
905,2012-06-13,sz002273,水晶光电,17.19,18.19,17.09,17.25,17.21,-0.02,-0.1162,3.3582,7620233,134180371.94,4292446140.0,3900600090.0
906,2012-06-14,sz002273,水晶光电,16.99,17.36,16.68,17.0,17.19,-0.2,-1.1635,2.3774,5394661,91287041.23,4242504940.0,3855217890.0
907,2012-06-15,sz002273,水晶光电,16.85,17.1,16.5,16.92,16.99,-0.14,-0.824,1.3685,3105354,52033679.48,4207546100.0,3823450350.0
908,2012-06-18,sz002273,水晶光电,17.16,17.94,17.02,17.63,16.85,0.31,1.8398,2.194,4978377,86681843.65,4284954960.0,3893792760.0
909,2012-06-19,sz002273,水晶光电,17.02,17.65,16.7,16.81,17.16,-0.14,-0.8159,1.5586,3536597,60595491.26,4249996120.0,3862025220.0
910,2012-06-20,sz002273,水晶光电,16.86,17.36,16.82,17.0,17.02,-0.16,-0.9401,0.6208,1408582,23981675.61,4210043160.0,3825719460.0
911,2012-06-21,sz002273,水晶光电,16.8,16.86,15.83,16.8,16.86,-0.06,-0.3559,1.2839,2913216,47620985.0,4195060800.0,3812104800.0
912,2012-06-25,sz002273,水晶光电,16.51,17.1,16.32,16.5,16.8,-0.29,-1.7262,0.7515,1705166,28663556.75,4122646060.0,3746300610.0
913,2012-06-26,sz002273,水晶光电,16.55,16.76,16.05,16.45,16.51,0.04,0.2423,0.7254,1646107,27022305.16,4132634300.0,3755377050.0
914,2012-06-27,sz002273,水晶光电,17.43,17.74,16.53,16.53,16.55,0.88,5.3172,2.2188,5034670,87204037.43,4352375580.0,3955058730.0
915,2012-06-28,sz002273,水晶光电,0.0,0.0,0.0,0.0,17.43,,,0.0,0,0.0,4352375580.0,3955058730.0
916,2012-06-29,sz002273,水晶光电,18.69,18.87,17.02,17.21,17.43,1.26,7.2289,3.1151,7068537,128007613.36,4667005140.0,4240966590.0
917,2012-07-02,sz002273,水晶光电,18.9,18.97,18.37,18.6,18.69,0.21,1.1236,2.0063,4552461,85024932.66,4719443400.0,4288617900.0
918,2012-07-03,sz002273,水晶光电,18.64,18.98,18.55,18.74,18.9,-0.26,-1.3757,1.1032,2503234,46895111.8,4654519840.0,4229621040.0
919,2012-07-04,sz002273,水晶光电,17.78,19.15,17.7,18.58,18.64,-0.86,-4.6137,1.4919,3385363,62487120.14,4439772680.0,4034477580.0
920,2012-07-05,sz002273,水晶光电,0.0,0.0,0.0,0.0,17.78,,,0.0,0,0.0,4439772680.0,4034477580.0
921,2012-07-06,sz002273,水晶光电,18.7,18.75,17.48,17.69,17.78,0.92,5.1744,1.4908,3382779,61305917.1,4669502200.0,4243235700.0
922,2012-07-09,sz002273,水晶光电,18.21,19.0,18.18,18.65,18.7,-0.49,-2.6203,1.1384,2583098,47879330.98,4547146260.0,4132049310.0
923,2012-07-10,sz002273,水晶光电,16.93,18.2,16.86,18.2,18.21,-1.28,-7.0291,1.4335,3252678,56810417.06,4227522580.0,3841603230.0
924,2012-07-11,sz002273,水晶光电,17.17,17.3,16.77,16.93,16.93,0.24,1.4176,0.5734,1301043,22114844.71,4287452020.0,3896061870.0
925,2012-07-12,sz002273,水晶光电,17.68,17.9,17.0,17.17,17.17,0.51,2.9703,0.7915,1795930,31681279.53,4414802080.0,4011786480.0
926,2012-07-13,sz002273,水晶光电,17.16,17.95,17.16,17.48,17.68,-0.52,-2.9412,0.8142,1847434,32363564.81,4284954960.0,3893792760.0
927,2012-07-16,sz002273,水晶光电,17.01,17.7,17.01,17.2,17.16,-0.15,-0.8741,1.2302,2791485,48514394.48,4247499060.0,3859756110.0
928,2012-07-17,sz002273,水晶光电,17.15,17.19,16.16,16.91,17.01,0.14,0.823,0.9381,2128600,35338093.37,4282457900.0,3891523650.0
929,2012-07-18,sz002273,水晶光电,17.35,17.35,16.9,17.0,17.15,0.2,1.1662,0.4234,960718,16440312.91,4332399100.0,3936905850.0
930,2012-07-19,sz002273,水晶光电,17.69,17.84,17.2,17.2,17.35,0.34,1.9597,0.6512,1477635,26151703.17,4417299140.0,4014055590.0
931,2012-07-20,sz002273,水晶光电,17.33,17.97,17.24,17.69,17.69,-0.36,-2.035,0.5366,1217689,21433667.44,4327404980.0,3932367630.0
932,2012-07-23,sz002273,水晶光电,16.81,17.31,16.73,17.3,17.33,-0.52,-3.0006,0.5909,1340767,22617811.54,4197557860.0,3814373910.0
933,2012-07-24,sz002273,水晶光电,17.03,17.11,16.6,16.61,16.81,0.22,1.3087,0.3731,846710,14349334.17,4252493180.0,3864294330.0
934,2012-07-25,sz002273,水晶光电,16.85,17.07,16.79,17.03,17.03,-0.18,-1.057,0.328,744332,12570789.61,4207546100.0,3823450350.0
935,2012-07-26,sz002273,水晶光电,17.06,17.5,16.75,16.75,16.85,0.21,1.2463,0.6587,1494603,25720311.11,4259984360.0,3871101660.0
936,2012-07-27,sz002273,水晶光电,16.98,17.38,16.93,17.06,17.06,-0.08,-0.4689,0.2797,634673,10870585.7,4240007880.0,3852948780.0
937,2012-07-30,sz002273,水晶光电,16.7,17.2,16.7,16.9,16.98,-0.28,-1.649,0.3431,778605,13221129.87,4170090200.0,3789413700.0
938,2012-07-31,sz002273,水晶光电,16.31,16.98,16.3,16.65,16.7,-0.39,-2.3353,1.0413,2362897,39020660.57,4072704860.0,3700918410.0
939,2012-08-01,sz002273,水晶光电,16.57,16.88,16.31,16.31,16.31,0.26,1.5941,0.2387,541602,8988815.68,4137628420.0,3759915270.0
940,2012-08-02,sz002273,水晶光电,16.9,17.21,16.44,16.56,16.57,0.33,1.9916,0.3889,882351,14938603.7,4220031400.0,3834795900.0
941,2012-08-03,sz002273,水晶光电,17.83,17.95,16.71,17.06,16.9,0.93,5.503,0.91,2064839,36309624.32,4452257980.0,4045823130.0
942,2012-08-06,sz002273,水晶光电,18.22,18.28,17.6,17.82,17.83,0.39,2.1873,0.6054,1373708,24769550.38,4549643320.0,4134318420.0
943,2012-08-07,sz002273,水晶光电,18.21,18.7,17.9,18.2,18.22,-0.01,-0.0549,1.0632,2412590,44434143.98,4547146260.0,4132049310.0
944,2012-08-08,sz002273,水晶光电,17.8,18.38,17.6,18.25,18.21,-0.41,-2.2515,0.6651,1509117,27009142.29,4444766800.0,4039015800.0
945,2012-08-09,sz002273,水晶光电,18.54,18.86,17.7,17.94,17.8,0.74,4.1573,0.7457,1691998,31048127.82,4629549240.0,4206929940.0
946,2012-08-10,sz002273,水晶光电,18.6,18.75,18.31,18.59,18.54,0.06,0.3236,0.5697,1292661,23992315.07,4644531600.0,4220544600.0
947,2012-08-13,sz002273,水晶光电,18.32,18.65,18.32,18.55,18.6,-0.28,-1.5054,0.6275,1423786,26351381.16,4574613920.0,4157009520.0
948,2012-08-14,sz002273,水晶光电,18.8,18.92,17.75,18.22,18.32,0.48,2.6201,0.9502,2156164,39710280.83,4694472800.0,4265926800.0
949,2012-08-15,sz002273,水晶光电,20.28,20.65,19.1,19.1,18.8,1.48,7.8723,3.8949,8837849,178100580.17,5064037680.0,4601755080.0
950,2012-08-16,sz002273,水晶光电,20.92,21.57,20.01,20.2,20.28,0.64,3.1558,4.4659,10133711,212625951.87,5223849520.0,4746978120.0
951,2012-08-17,sz002273,水晶光电,20.26,20.73,20.15,20.71,20.92,-0.66,-3.1549,1.7672,4010040,81718472.65,5059043560.0,4597216860.0
952,2012-08-20,sz002273,水晶光电,20.5,20.65,19.88,20.3,20.26,0.24,1.1846,1.0363,2351368,47653945.47,5118973000.0,4651675500.0
953,2012-08-21,sz002273,水晶光电,21.6,21.78,20.26,20.32,20.5,1.1,5.3659,3.5286,8006794,169605584.9,5393649600.0,4901277600.0
954,2012-08-22,sz002273,水晶光电,21.12,21.66,20.94,21.48,21.6,-0.48,-2.2222,1.5845,3595368,76558030.81,5273790720.0,4792360320.0
955,2012-08-23,sz002273,水晶光电,21.09,21.38,20.86,21.0,21.12,-0.03,-0.142,1.3138,2981093,63027980.09,5266299540.0,4785552990.0
956,2012-08-24,sz002273,水晶光电,20.61,21.38,20.45,20.9,21.09,-0.48,-2.276,1.0754,2440148,50893399.53,5146440660.0,4676635710.0
957,2012-08-27,sz002273,水晶光电,20.75,21.08,19.9,20.5,20.61,0.14,0.6793,1.1771,2670936,55025652.42,5181399500.0,4708403250.0
958,2012-08-28,sz002273,水晶光电,20.55,20.96,20.03,20.75,20.75,-0.2,-0.9639,1.2215,2771742,56598711.14,5131458300.0,4663021050.0
959,2012-08-29,sz002273,水晶光电,21.08,21.65,20.2,20.43,20.55,0.53,2.5791,1.9824,4498344,95310605.22,5263802480.0,4783283880.0
960,2012-08-30,sz002273,水晶光电,20.49,21.08,19.7,20.75,21.08,-0.59,-2.7989,1.3051,2961374,60678984.45,5116475940.0,4649406390.0
961,2012-08-31,sz002273,水晶光电,19.81,20.46,19.47,20.46,20.49,-0.68,-3.3187,1.5257,3462058,68449677.24,4946675860.0,4495106910.0
962,2012-09-03,sz002273,水晶光电,20.57,20.77,19.57,19.81,19.81,0.76,3.8364,1.1557,2622428,53602536.32,5136452420.0,4667559270.0
963,2012-09-04,sz002273,水晶光电,20.8,21.2,20.42,20.49,20.57,0.23,1.1181,0.9891,2244280,46846007.09,5193884800.0,4719748800.0
964,2012-09-05,sz002273,水晶光电,21.47,21.71,20.55,20.55,20.8,0.67,3.2212,1.4379,3262767,69706551.7,5361187820.0,4871779170.0
965,2012-09-06,sz002273,水晶光电,21.14,21.69,21.0,21.68,21.47,-0.33,-1.537,0.9025,2047942,43401410.92,5278784840.0,4796898540.0
966,2012-09-07,sz002273,水晶光电,21.5,21.8,20.95,21.3,21.14,0.36,1.7029,1.2368,2806534,60029275.84,5368679000.0,4878586500.0
967,2012-09-10,sz002273,水晶光电,21.4,21.6,20.6,21.3,21.5,-0.1,-0.4651,1.8958,4301678,90276102.74,5343708400.0,4855895400.0
968,2012-09-11,sz002273,水晶光电,20.74,21.13,20.5,21.0,21.4,-0.66,-3.0841,2.1442,4865522,101065111.37,5178902440.0,4706134140.0
969,2012-09-12,sz002273,水晶光电,20.76,21.2,20.56,20.82,20.74,0.02,0.0964,1.3741,3117926,65090117.15,5183896560.0,4710672360.0
970,2012-09-13,sz002273,水晶光电,21.57,21.66,20.6,20.76,20.76,0.81,3.9017,2.448,5554822,118102595.89,5386158420.0,4894470270.0
971,2012-09-14,sz002273,水晶光电,23.73,23.73,21.72,21.72,21.57,2.16,10.0139,7.5796,17198892,392497183.11,5925523380.0,5384598030.0
972,2012-09-17,sz002273,水晶光电,22.36,23.6,22.0,23.45,23.73,-1.37,-5.7733,2.988,6779992,155128682.77,5583426160.0,5073729960.0
973,2012-09-18,sz002273,水晶光电,23.82,24.1,22.31,22.6,22.36,1.46,6.5295,3.9928,9060124,210838456.0,5947996920.0,5405020020.0
974,2012-09-19,sz002273,水晶光电,23.32,24.03,23.02,23.65,23.82,-0.5,-2.0991,1.8417,4179009,98478023.45,5823143920.0,5291564520.0
975,2012-09-20,sz002273,水晶光电,22.26,23.22,22.19,23.2,23.32,-1.06,-4.5455,2.6032,5906880,133533015.02,5558455560.0,5051038860.0
976,2012-09-21,sz002273,水晶光电,22.0,23.34,21.74,22.25,22.26,-0.26,-1.168,1.7372,3941860,89235105.37,5493532000.0,4992042000.0
977,2012-09-24,sz002273,水晶光电,22.38,22.68,20.85,21.58,22.0,0.38,1.7273,1.4556,3302881,72338554.66,5588420280.0,5078268180.0
978,2012-09-25,sz002273,水晶光电,21.7,22.47,21.5,22.16,22.38,-0.68,-3.0384,0.8963,2033745,44437799.43,5418620200.0,4923968700.0
979,2012-09-26,sz002273,水晶光电,21.1,21.84,20.81,21.51,21.7,-0.6,-2.765,1.1081,2514371,53260693.05,5268796600.0,4787822100.0
980,2012-09-27,sz002273,水晶光电,21.39,21.7,20.57,20.99,21.1,0.29,1.3744,1.0839,2459465,52042743.06,5341211340.0,4853626290.0
981,2012-09-28,sz002273,水晶光电,21.35,21.57,20.78,21.05,21.39,-0.04,-0.187,0.9724,2206465,46690959.05,5331223100.0,4844549850.0
982,2012-10-08,sz002273,水晶光电,21.25,22.18,21.16,21.44,21.35,-0.1,-0.4684,0.5718,1297574,28061900.24,5306252500.0,4821858750.0
983,2012-10-09,sz002273,水晶光电,21.32,21.96,20.68,20.95,21.25,0.07,0.3294,2.5761,5845445,123849334.54,5323731920.0,4837742520.0
984,2012-10-10,sz002273,水晶光电,21.85,21.93,20.89,21.2,21.32,0.53,2.4859,2.2038,5000763,107269559.06,5456076100.0,4958005350.0
985,2012-10-11,sz002273,水晶光电,21.21,21.8,21.01,21.76,21.85,-0.64,-2.9291,2.1242,4820150,103156810.86,5296264260.0,4812782310.0
986,2012-10-12,sz002273,水晶光电,19.8,21.48,19.09,21.06,21.21,-1.41,-6.6478,4.8199,10936814,217734255.59,4942693800.0,4492837800.0
987,2012-10-15,sz002273,水晶光电,20.22,20.43,19.06,19.6,19.8,0.42,2.1212,1.6472,3737698,74189139.07,5047538820.0,4588140420.0
988,2012-10-16,sz002273,水晶光电,20.25,20.77,20.11,20.15,20.22,0.03,0.1484,1.3494,3061985,62885874.38,5055027750.0,4594947750.0
989,2012-10-17,sz002273,水晶光电,20.54,20.68,20.2,20.32,20.25,0.29,1.4321,0.7635,1732385,35449776.34,5127420740.0,4660751940.0
990,2012-10-18,sz002273,水晶光电,21.01,21.18,20.48,20.54,20.54,0.47,2.2882,1.7565,3985772,83627281.81,5244747310.0,4767400110.0
991,2012-10-19,sz002273,水晶光电,20.75,21.16,20.65,21.03,21.01,-0.26,-1.2375,0.6814,1546078,32137919.26,5179843250.0,4708403250.0
992,2012-10-22,sz002273,水晶光电,20.46,20.69,20.2,20.6,20.75,-0.29,-1.3976,1.1781,2673186,54535696.36,5107450260.0,4642599060.0
993,2012-10-23,sz002273,水晶光电,20.39,20.88,20.26,20.6,20.46,-0.07,-0.3421,1.3214,2998449,61720563.87,5089976090.0,4626715290.0
994,2012-10-24,sz002273,水晶光电,20.05,20.5,20.0,20.29,20.39,-0.34,-1.6675,0.4949,1123040,22860929.62,5005101550.0,4549565550.0
995,2012-10-25,sz002273,水晶光电,19.81,21.04,19.64,20.09,20.05,-0.24,-1.197,1.9128,4340381,88284216.98,4945190110.0,4495106910.0
996,2012-10-26,sz002273,水晶光电,19.86,20.1,19.2,19.69,19.81,0.05,0.2524,0.8096,1836977,36034055.98,4957671660.0,4506452460.0
997,2012-10-29,sz002273,水晶光电,20.0,20.09,19.46,19.79,19.86,0.14,0.7049,0.58,1316074,26116608.05,4992620000.0,4538220000.0
998,2012-10-30,sz002273,水晶光电,20.25,20.39,19.97,20.0,20.0,0.25,1.25,0.5741,1302773,26264368.29,5055027750.0,4594947750.0
999,2012-10-31,sz002273,水晶光电,20.74,20.86,20.26,20.26,20.25,0.49,2.4198,1.1186,2538243,52389718.75,5177346940.0,4706134140.0
1000,2012-11-01,sz002273,水晶光电,21.16,21.35,20.86,20.86,20.74,0.42,2.0251,1.3086,2969415,62822185.43,5282191960.0,4801436760.0
1001,2012-11-02,sz002273,水晶光电,21.11,21.19,20.78,21.17,21.16,-0.05,-0.2363,1.0248,2325291,48799373.65,5269710410.0,4790091210.0
1002,2012-11-05,sz002273,水晶光电,20.6,21.3,20.29,21.0,21.11,-0.51,-2.4159,1.3927,3160236,65284977.69,5142398600.0,4674366600.0
1003,2012-11-06,sz002273,水晶光电,20.83,20.83,20.34,20.66,20.6,0.23,1.1165,0.7033,1595791,32882202.56,5199813730.0,4726556130.0
1004,2012-11-07,sz002273,水晶光电,20.63,20.95,20.4,20.83,20.83,-0.2,-0.9602,0.4467,1013621,20929792.91,5149887530.0,4681173930.0
1005,2012-11-08,sz002273,水晶光电,20.0,20.64,19.88,20.4,20.63,-0.63,-3.0538,0.7796,1768917,35904747.6,4992620000.0,4538220000.0
1006,2012-11-09,sz002273,水晶光电,20.1,20.38,19.83,19.99,20.0,0.1,0.5,0.2622,594921,12032677.29,5017583100.0,4560911100.0
1007,2012-11-12,sz002273,水晶光电,19.88,20.35,19.59,19.88,20.1,-0.22,-1.0945,0.4525,1026709,20332387.75,4962664280.0,4510990680.0
1008,2012-11-13,sz002273,水晶光电,19.32,19.96,19.1,19.89,19.88,-0.56,-2.8169,0.8841,2006112,39065973.88,4822870920.0,4383920520.0
1009,2012-11-14,sz002273,水晶光电,19.42,19.5,19.13,19.31,19.32,0.1,0.5176,0.3261,740014,14277166.04,4847834020.0,4406611620.0
1010,2012-11-15,sz002273,水晶光电,18.98,19.35,18.82,19.25,19.42,-0.44,-2.2657,0.2987,677681,12947529.27,4737996380.0,4306770780.0
1011,2012-11-16,sz002273,水晶光电,18.85,19.06,18.4,18.91,18.98,-0.13,-0.6849,0.5745,1303524,24210514.02,4705544350.0,4277272350.0
1012,2012-11-19,sz002273,水晶光电,19.41,19.44,18.5,18.84,18.85,0.56,2.9708,0.3696,838562,15939499.62,4845337710.0,4404342510.0
1013,2012-11-20,sz002273,水晶光电,19.89,20.0,19.42,19.42,19.41,0.48,2.473,0.6607,1499181,29682682.27,4965160590.0,4513259790.0
1014,2012-11-21,sz002273,水晶光电,20.28,20.29,19.8,19.83,19.89,0.39,1.9608,0.6008,1363315,27388801.82,5062516680.0,4601755080.0
1015,2012-11-22,sz002273,水晶光电,20.4,20.49,20.01,20.01,20.28,0.12,0.5917,0.6994,1587092,32338339.93,5092472400.0,4628984400.0
1016,2012-11-23,sz002273,水晶光电,19.84,20.49,19.77,20.22,20.4,-0.56,-2.7451,0.5316,1206223,24254840.2,4952679040.0,4501914240.0
1017,2012-11-26,sz002273,水晶光电,18.25,19.82,18.15,19.72,19.84,-1.59,-8.0141,1.0958,2486552,47096449.22,4555765750.0,4141125750.0
1018,2012-11-27,sz002273,水晶光电,18.02,18.36,17.15,18.24,18.25,-0.23,-1.2603,1.5965,3622576,64167179.86,4498350620.0,4088936220.0
1019,2012-11-28,sz002273,水晶光电,17.9,18.22,17.57,17.9,18.02,-0.12,-0.6659,0.6725,1525864,27199136.98,4468394900.0,4061706900.0
1020,2012-11-29,sz002273,水晶光电,18.1,18.25,17.68,17.89,17.9,0.2,1.1173,0.5831,1323226,23870286.29,4518321100.0,4107089100.0
1021,2012-11-30,sz002273,水晶光电,18.2,18.33,17.5,17.98,18.1,0.1,0.5525,0.6363,1443916,26111163.94,4543284200.0,4129780200.0
1022,2012-12-03,sz002273,水晶光电,18.0,18.25,17.68,18.19,18.2,-0.2,-1.0989,0.308,698870,12643096.41,4493358000.0,4084398000.0
1023,2012-12-04,sz002273,水晶光电,18.17,18.18,17.72,18.0,18.0,0.17,0.9444,0.7602,1724923,31062167.4,4535795270.0,4122972870.0
1024,2012-12-05,sz002273,水晶光电,19.15,19.45,18.2,18.25,18.17,0.98,5.3935,0.6374,1446338,27467895.31,4780433650.0,4345345650.0
1025,2012-12-06,sz002273,水晶光电,18.9,19.24,18.67,19.15,19.15,-0.25,-1.3055,0.5114,1160321,22080512.92,4718025900.0,4288617900.0
1026,2012-12-07,sz002273,水晶光电,19.22,19.42,18.75,18.8,18.9,0.32,1.6931,0.5319,1206970,23149140.87,4797907820.0,4361229420.0
1027,2012-12-10,sz002273,水晶光电,19.35,19.48,19.0,19.31,19.22,0.13,0.6764,0.7386,1676051,32323182.49,4830359850.0,4390727850.0
1028,2012-12-11,sz002273,水晶光电,19.2,19.45,19.03,19.1,19.35,-0.15,-0.7752,0.8734,1981763,38053686.88,4792915200.0,4356691200.0
1029,2012-12-12,sz002273,水晶光电,18.7,19.35,18.41,19.02,19.2,-0.5,-2.6042,0.5673,1287241,24277761.94,4668099700.0,4243235700.0
1030,2012-12-13,sz002273,水晶光电,18.31,18.86,18.3,18.86,18.7,-0.39,-2.0856,0.5992,1359718,25148258.71,4570743610.0,4154740410.0
1031,2012-12-14,sz002273,水晶光电,18.88,19.4,18.31,18.32,18.31,0.57,3.1131,1.5915,3611185,68122803.25,4713033280.0,4284079680.0
1032,2012-12-17,sz002273,水晶光电,17.38,18.84,16.99,18.71,18.88,-1.5,-7.9449,6.0248,13671000,235309143.0,4338586780.0,3943713180.0
1033,2012-12-18,sz002273,水晶光电,17.28,17.41,16.97,17.09,17.38,-0.1,-0.5754,3.0425,6903817,118908907.23,4313623680.0,3921022080.0
1034,2012-12-19,sz002273,水晶光电,17.59,17.72,17.11,17.19,17.28,0.31,1.794,1.6488,3741282,65545747.83,4391009290.0,3991364490.0
1035,2012-12-20,sz002273,水晶光电,18.13,18.4,17.59,17.6,17.59,0.54,3.0699,1.8281,4148111,75177050.98,4525810030.0,4113896430.0
1036,2012-12-21,sz002273,水晶光电,18.42,18.54,18.02,18.13,18.13,0.29,1.5996,1.975,4481519,82255033.32,4598203020.0,4179700620.0
1037,2012-12-24,sz002273,水晶光电,19.4,19.89,18.5,18.5,18.42,0.98,5.3203,3.2256,7783754,150414122.85,4842841400.0,4681433400.0
1038,2012-12-25,sz002273,水晶光电,19.7,20.1,19.5,19.5,19.4,0.3,1.5464,1.8381,4435480,88156521.51,4917730700.0,4753826700.0
1039,2012-12-26,sz002273,水晶光电,20.21,20.58,19.72,19.72,19.7,0.51,2.5888,1.6129,3892040,78904389.6,5045042510.0,4876895310.0
1040,2012-12-27,sz002273,水晶光电,19.91,20.38,19.87,20.25,20.21,-0.3,-1.4844,1.4425,3480858,70127123.34,4970153210.0,4804502010.0
1041,2012-12-28,sz002273,水晶光电,20.44,20.61,19.48,19.85,19.91,0.53,2.662,1.6537,3990468,79691531.2,5102457640.0,4932396840.0
1042,2012-12-31,sz002273,水晶光电,20.73,20.95,20.17,20.48,20.44,0.29,1.4188,1.6356,3946909,81008177.67,5174850630.0,5002377030.0
1043,2013-01-04,sz002273,水晶光电,20.8,21.18,19.88,20.82,20.73,0.07,0.3377,2.0633,4978959,101725809.19,5192324800.0,5019268800.0
1044,2013-01-07,sz002273,水晶光电,21.05,21.15,20.2,20.7,20.8,0.25,1.2019,0.8195,1977646,41186348.7,5254732550.0,5079596550.0
1045,2013-01-08,sz002273,水晶光电,21.95,22.03,20.81,21.11,21.05,0.9,4.2755,1.5082,3639462,79020091.49,5479400450.0,5296776450.0
1046,2013-01-09,sz002273,水晶光电,22.5,22.86,21.62,21.86,21.95,0.55,2.5057,1.7502,4223349,94791093.28,5616697500.0,5429497500.0
1047,2013-01-10,sz002273,水晶光电,22.7,23.0,22.2,22.55,22.5,0.2,0.8889,1.0021,2418189,54646603.01,5666623700.0,5477759700.0
1048,2013-01-11,sz002273,水晶光电,22.05,22.8,22.02,22.8,22.7,-0.65,-2.8634,0.91,2195882,48809929.46,5504363550.0,5320907550.0
1049,2013-01-14,sz002273,水晶光电,22.58,23.0,21.7,21.83,22.05,0.53,2.4036,1.2318,2972518,67120882.48,5636667980.0,5448802380.0
1050,2013-01-15,sz002273,水晶光电,24.09,24.12,22.36,22.58,22.58,1.51,6.6873,2.6976,6509559,151801327.37,6029028390.0,5813181990.0
1051,2013-01-16,sz002273,水晶光电,23.65,23.97,22.25,23.97,24.09,-0.44,-1.8265,3.6244,8746045,201744692.69,5918909150.0,5707005150.0
1052,2013-01-17,sz002273,水晶光电,22.36,23.19,21.81,23.01,23.65,-1.29,-5.4545,3.9381,9503051,214071112.49,5596059560.0,5395713960.0
1053,2013-01-18,sz002273,水晶光电,22.5,22.62,21.99,22.18,22.36,0.14,0.6261,1.4604,3524085,78399524.94,5631097500.0,5429497500.0
1054,2013-01-21,sz002273,水晶光电,22.4,22.68,21.9,22.5,22.5,-0.1,-0.4444,1.9266,4648995,103373995.86,5606070400.0,5405366400.0
1055,2013-01-22,sz002273,水晶光电,22.4,22.41,21.8,22.38,22.4,0.0,0.0,1.9794,4776605,105326392.38,5606070400.0,5405366400.0
1056,2013-01-23,sz002273,水晶光电,23.05,23.3,22.2,22.31,22.4,0.65,2.9018,1.1345,2737656,62227743.94,5768746550.0,5562218550.0
1057,2013-01-24,sz002273,水晶光电,22.5,23.2,21.68,23.0,23.05,-0.55,-2.3861,1.844,4449881,99544436.86,5631097500.0,5429497500.0
1058,2013-01-25,sz002273,水晶光电,21.9,22.35,21.55,22.13,22.5,-0.6,-2.6667,1.586,3827296,83394401.24,5480934900.0,5284710900.0
1059,2013-01-28,sz002273,水晶光电,21.79,21.95,21.37,21.8,21.9,-0.11,-0.5023,2.38,5743112,124136119.88,5453405090.0,5258166690.0
1060,2013-01-29,sz002273,水晶光电,22.31,22.55,21.6,21.66,21.79,0.52,2.3864,2.2159,5347170,118464888.76,5583546010.0,5383648410.0
1061,2013-01-30,sz002273,水晶光电,22.5,23.18,22.0,22.22,22.31,0.19,0.8516,1.8329,4423096,99647489.23,5631097500.0,5429497500.0
1062,2013-01-31,sz002273,水晶光电,21.97,22.42,21.7,22.42,22.5,-0.53,-2.3556,1.0396,2508554,55133146.38,5498453870.0,5301602670.0
1063,2013-02-01,sz002273,水晶光电,22.45,22.5,21.9,22.0,21.97,0.48,2.1848,1.31,3161258,70149564.15,5618583950.0,5417431950.0
1064,2013-02-04,sz002273,水晶光电,22.12,22.87,22.08,22.61,22.45,-0.33,-1.4699,0.7858,1896280,42410225.32,5535994520.0,5337799320.0
1065,2013-02-05,sz002273,水晶光电,23.02,23.1,21.91,22.05,22.12,0.9,4.0687,1.9371,4674499,106412049.27,5761238420.0,5554979220.0
1066,2013-02-06,sz002273,水晶光电,24.4,24.58,23.06,23.1,23.02,1.38,5.9948,2.4289,5861204,141461606.9,6106612400.0,5887988400.0
1067,2013-02-07,sz002273,水晶光电,24.4,25.5,24.13,24.8,24.4,0.0,0.0,2.198,5303899,131141582.44,6106612400.0,5887988400.0
1068,2013-02-08,sz002273,水晶光电,26.4,26.69,24.33,24.4,24.4,2.0,8.1967,2.577,6218662,159068660.87,6607154400.0,6370610400.0
1069,2013-02-18,sz002273,水晶光电,26.23,26.45,25.68,26.0,26.4,-0.17,-0.6439,1.2392,2990206,77825547.56,6564608330.0,6329587530.0
1070,2013-02-19,sz002273,水晶光电,25.61,26.3,25.39,26.23,26.23,-0.62,-2.3637,1.0957,2643991,67997386.61,6409440310.0,6179974710.0
1071,2013-02-20,sz002273,水晶光电,26.14,26.35,25.0,25.0,25.61,0.53,2.0695,1.4864,3586745,91638455.52,6542083940.0,6307869540.0
1072,2013-02-21,sz002273,水晶光电,26.69,28.18,25.81,26.14,26.14,0.55,2.1041,2.5451,6141512,165717091.75,6679732990.0,6440590590.0
1073,2013-02-22,sz002273,水晶光电,27.33,27.57,26.2,26.2,26.69,0.64,2.3979,1.2907,3114691,83337741.42,6839906430.0,6595029630.0
1074,2013-02-25,sz002273,水晶光电,27.65,28.5,27.11,27.38,27.33,0.32,1.1709,1.4627,3529590,98008628.23,6919993150.0,6672249150.0
1075,2013-02-26,sz002273,水晶光电,27.45,28.48,27.19,28.0,27.65,-0.2,-0.7233,1.8558,4478181,125057465.21,6869938950.0,6623986950.0
1076,2013-02-27,sz002273,水晶光电,27.18,27.4,25.88,27.3,27.45,-0.27,-0.9836,2.0506,4948416,131889998.82,6802365780.0,6558832980.0
1077,2013-02-28,sz002273,水晶光电,27.2,27.25,26.35,27.05,27.18,0.02,0.0736,1.9101,4609330,123522033.85,6807371200.0,6563659200.0
1078,2013-03-01,sz002273,水晶光电,28.39,28.48,26.82,27.1,27.2,1.19,4.375,1.8755,4525703,127215360.45,7105193690.0,6850819290.0
1079,2013-03-04,sz002273,水晶光电,27.12,28.19,26.96,28.1,28.39,-1.27,-4.4734,1.5985,3857410,106873551.32,6787349520.0,6544354320.0
1080,2013-03-05,sz002273,水晶光电,28.41,28.86,26.4,26.88,27.12,1.29,4.7566,2.9769,7183503,197956303.9,7110199110.0,6855645510.0
1081,2013-03-06,sz002273,水晶光电,29.27,29.6,28.1,28.38,28.41,0.86,3.0271,2.0521,4951900,143113961.74,7325432170.0,7063172970.0
1082,2013-03-07,sz002273,水晶光电,27.6,29.36,27.5,29.26,29.27,-1.67,-5.7055,2.3649,5706742,161123448.95,6907479600.0,6660183600.0
1083,2013-03-08,sz002273,水晶光电,26.77,27.9,26.6,27.5,27.6,-0.83,-3.0072,1.4959,3609675,97961202.83,6699754670.0,6459895470.0
1084,2013-03-11,sz002273,水晶光电,28.15,28.75,26.16,26.8,26.77,1.38,5.155,1.8865,4552225,126805350.86,7045128650.0,6792904650.0
1085,2013-03-12,sz002273,水晶光电,27.38,28.45,26.7,28.0,28.15,-0.77,-2.7353,1.2633,3048388,83770385.5,6852419980.0,6607095180.0
1086,2013-03-13,sz002273,水晶光电,27.17,27.8,26.85,27.35,27.38,-0.21,-0.767,0.5925,1429884,38872719.86,6799863070.0,6556419870.0
1087,2013-03-14,sz002273,水晶光电,28.92,29.0,26.81,27.1,27.17,1.75,6.4409,2.2711,5480429,155465495.0,7237837320.0,6978714120.0
1088,2013-03-15,sz002273,水晶光电,30.49,31.6,29.07,29.07,28.92,1.57,5.4288,2.9406,7095910,216744212.18,7630762790.0,7357572390.0
1089,2013-03-18,sz002273,水晶光电,31.19,31.84,30.35,30.38,30.49,0.7,2.2958,1.7778,4290097,133200881.13,7805952490.0,7526490090.0
1090,2013-03-19,sz002273,水晶光电,30.47,32.2,29.8,31.21,31.19,-0.72,-2.3084,1.5917,3840994,118821567.96,7625757370.0,7352746170.0
1091,2013-03-20,sz002273,水晶光电,30.79,31.03,29.9,30.45,30.47,0.32,1.0502,1.5826,3818994,116744973.78,7705844090.0,7429965690.0
1092,2013-03-21,sz002273,水晶光电,31.51,32.18,30.4,31.0,30.79,0.72,2.3384,2.2034,5317154,168429384.1,7886039210.0,7603709610.0
1093,2013-03-22,sz002273,水晶光电,33.2,33.37,31.5,31.7,31.51,1.69,5.3634,2.1785,5257003,171292165.86,8308997200.0,8011525200.0
1094,2013-03-25,sz002273,水晶光电,35.6,36.06,32.8,32.82,33.2,2.4,7.2289,4.3191,10422456,362067411.91,8909647600.0,8590671600.0
1095,2013-03-26,sz002273,水晶光电,37.2,38.19,34.01,35.3,35.6,1.6,4.4944,2.2875,5519932,197791827.56,9310081200.0,8976769200.0
1096,2013-03-27,sz002273,水晶光电,36.61,37.6,35.8,36.82,37.2,-0.59,-1.586,1.3618,3286146,120093849.45,9162421310.0,8834395710.0
1097,2013-03-28,sz002273,水晶光电,34.6,36.4,32.95,36.4,36.61,-2.01,-5.4903,2.1009,5069792,177763649.87,8659376600.0,8349360600.0
1098,2013-03-29,sz002273,水晶光电,35.58,35.99,33.7,34.61,34.6,0.98,2.8324,1.3057,3150822,109578755.34,8904642180.0,8585845380.0
1099,2013-04-01,sz002273,水晶光电,34.89,35.9,34.0,35.48,35.58,-0.69,-1.9393,2.1785,5257004,182981754.2,8731955190.0,8419340790.0
1100,2013-04-02,sz002273,水晶光电,34.25,37.14,33.5,34.69,34.89,-0.64,-1.8343,3.6519,8812366,311646064.2,8571781750.0,8264901750.0
1101,2013-04-03,sz002273,水晶光电,33.08,34.49,32.78,34.2,34.25,-1.17,-3.4161,2.7096,6538637,218440786.29,8278964680.0,7982567880.0
1102,2013-04-08,sz002273,水晶光电,35.56,36.1,32.0,32.18,33.08,2.48,7.497,2.6602,6419305,221165179.28,8899636760.0,8581019160.0
1103,2013-04-09,sz002273,水晶光电,35.94,36.15,35.1,35.28,35.56,0.38,1.0686,1.3127,3167794,113261872.07,8994739740.0,8672717340.0
1104,2013-04-10,sz002273,水晶光电,35.0,36.6,33.8,35.51,35.94,-0.94,-2.6155,1.671,4032255,140529718.13,8759485000.0,8445885000.0
1105,2013-04-11,sz002273,水晶光电,35.1,35.34,33.88,35.0,35.0,0.1,0.2857,1.1425,2757053,95455444.96,8783195850.0,8470016100.0
1106,2013-04-12,sz002273,水晶光电,34.75,36.5,34.51,35.0,35.1,-0.35,-0.9972,1.3533,3265766,116393616.3,8695614125.0,8385557250.0
1107,2013-04-15,sz002273,水晶光电,34.58,35.55,34.0,35.5,34.75,-0.17,-0.4892,0.7616,1837840,63734509.84,8653074430.0,8344534380.0
1108,2013-04-16,sz002273,水晶光电,36.3,36.7,34.1,34.6,34.58,1.72,4.974,1.209,2917437,103571454.36,9083476050.0,8759589300.0
1109,2013-04-17,sz002273,水晶光电,37.9,38.18,36.01,36.01,36.3,1.6,4.4077,1.8387,4437002,164961870.08,9483849650.0,9145686900.0
1110,2013-04-18,sz002273,水晶光电,38.68,38.98,37.21,37.8,37.9,0.78,2.058,1.591,3839323,146823882.36,9679031780.0,9333909480.0
1111,2013-04-19,sz002273,水晶光电,39.76,40.29,38.0,38.0,38.68,1.08,2.7921,1.6521,3986775,156546256.35,9949283960.0,9594525360.0
1112,2013-04-22,sz002273,水晶光电,41.13,41.43,39.39,39.77,39.76,1.37,3.4457,2.2335,5389719,217431787.18,10292103855.0,9925121430.0
1113,2013-04-23,sz002273,水晶光电,37.7,41.0,37.66,41.0,41.13,-3.43,-8.3394,2.9787,7187968,280637773.59,9433802950.0,9097424700.0
1114,2013-04-24,sz002273,水晶光电,38.91,39.38,36.88,37.41,37.7,1.21,3.2095,3.438,8296241,316074152.19,9736585485.0,9389411010.0
1115,2013-04-25,sz002273,水晶光电,35.02,38.89,35.02,38.89,38.91,-3.89,-9.9974,5.4573,13168985,467978932.25,8763177170.0,8450711220.0
1116,2013-04-26,sz002273,水晶光电,32.5,34.05,32.16,33.95,35.02,-2.52,-7.1959,4.3995,10616500,350506595.77,8132588750.0,7842607500.0
1117,2013-05-02,sz002273,水晶光电,33.61,34.3,32.05,32.4,32.5,1.11,3.4154,2.0427,4958467,165988567.2,8410347935.0,8158440985.0
1118,2013-05-03,sz002273,水晶光电,34.4,35.02,33.52,33.67,33.61,0.79,2.3505,2.3691,5750752,197141858.59,8608032400.0,8350204400.0
1119,2013-05-06,sz002273,水晶光电,36.08,36.37,34.41,34.42,34.4,1.68,4.8837,2.0507,4977921,177503644.3,9028424680.0,8758005080.0
1120,2013-05-07,sz002273,水晶光电,35.52,36.4,35.19,36.08,36.08,-0.56,-1.5521,1.2688,3079895,109991520.62,8888293920.0,8622071520.0
1121,2013-05-08,sz002273,水晶光电,36.15,36.3,35.2,35.4,35.52,0.63,1.7736,1.4858,3606526,129190669.07,9045941025.0,8774996775.0
1122,2013-05-09,sz002273,水晶光电,33.8,36.08,33.63,36.08,36.15,-2.35,-6.5007,2.8968,7031617,242023655.92,8457892300.0,8204561300.0
1123,2013-05-10,sz002273,水晶光电,32.5,34.0,31.9,33.88,33.8,-1.3,-3.8462,3.7289,9051544,295563831.44,8132588750.0,7889001250.0
1124,2013-05-13,sz002273,水晶光电,35.75,35.75,32.89,32.9,32.5,3.25,10.0,5.1294,12450961,435471082.84,8945847625.0,8677901375.0
1125,2013-05-14,sz002273,水晶光电,35.25,36.3,34.72,35.8,35.75,-0.5,-1.3986,2.9861,7248419,257457223.79,8820730875.0,8556532125.0
1126,2013-05-15,sz002273,水晶光电,36.84,36.84,35.35,35.35,35.25,1.59,4.5106,3.5367,8584867,310450582.28,9218602140.0,8942486340.0
1127,2013-05-16,sz002273,水晶光电,36.23,37.99,35.3,37.2,36.84,-0.61,-1.6558,4.7365,11497260,421012356.17,9065959705.0,8794415855.0
1128,2013-05-17,sz002273,水晶光电,36.01,37.0,35.5,36.5,36.23,-0.22,-0.6072,2.9457,7150239,259381412.85,9010908335.0,8741013385.0
1129,2013-05-20,sz002273,水晶光电,36.32,36.5,34.65,35.71,36.01,0.31,0.8609,4.6059,11180376,395360591.85,9088480720.0,8816262320.0
1130,2013-05-21,sz002273,水晶光电,37.99,38.77,35.6,36.1,36.32,1.67,4.598,4.7524,11535991,434096090.15,9506370665.0,9221635615.0
1131,2013-05-22,sz002273,水晶光电,24.18,25.8,24.0,25.19,25.19,-1.01,-4.0095,3.7191,13541705,335296722.32,9075969045.0,8804125395.0
1132,2013-05-23,sz002273,水晶光电,23.9,24.76,23.5,23.86,24.18,-0.28,-1.158,2.5573,9311453,225503313.56,8970870975.0,8702175225.0
1133,2013-05-24,sz002273,水晶光电,23.61,24.24,22.9,23.84,23.9,-0.29,-1.2134,4.386,15969916,374104202.85,8862019402.5,8596583977.5
1134,2013-05-27,sz002273,水晶光电,23.43,24.06,23.04,23.3,23.61,-0.18,-0.7624,3.3419,12168092,285260454.94,8794456357.5,8531044582.5
1135,2013-05-28,sz002273,水晶光电,22.64,23.5,22.49,23.38,23.43,-0.79,-3.3717,3.2843,11958492,272482125.36,8497929660.0,8243399460.0
1136,2013-05-29,sz002273,水晶光电,22.95,23.08,22.33,22.67,22.64,0.31,1.3693,2.4451,8902935,203210228.57,8614288237.5,8356272862.5
1137,2013-05-30,sz002273,水晶光电,23.19,23.59,22.66,22.85,22.95,0.24,1.0458,2.6287,9571400,222275391.89,8704372297.5,8443658722.5
1138,2013-05-31,sz002273,水晶光电,21.99,23.45,21.89,23.39,23.19,-1.2,-5.1746,4.4243,16109120,363476332.09,8253951997.5,8006729422.5
1139,2013-06-03,sz002273,水晶光电,21.15,22.03,21.05,21.9,21.99,-0.84,-3.8199,3.3314,12129933,260191961.64,7938657787.5,7700878912.5
1140,2013-06-04,sz002273,水晶光电,20.38,21.39,20.05,21.16,21.15,-0.77,-3.6407,3.259,11866351,245371853.34,7649638095.0,7420515945.0
1141,2013-06-05,sz002273,水晶光电,20.81,21.2,20.18,20.35,20.38,0.43,2.1099,1.8623,6780712,141312350.14,7811038702.5,7577082277.5
1142,2013-06-06,sz002273,水晶光电,20.53,20.97,20.46,20.7,20.81,-0.28,-1.3455,1.1886,4327832,89352273.88,7705940632.5,7475132107.5
1143,2013-06-07,sz002273,水晶光电,20.45,21.2,20.3,20.53,20.53,-0.08,-0.3897,1.4324,5215314,107691551.94,7675912612.5,7446003487.5
1144,2013-06-13,sz002273,水晶光电,20.03,20.2,18.7,20.18,20.45,-0.42,-2.0538,2.2671,8254656,160051030.79,7518265507.5,7293078232.5
1145,2013-06-14,sz002273,水晶光电,21.09,21.35,19.93,20.04,20.03,1.06,5.2921,2.7179,9896032,207112041.6,7916136772.5,7679032447.5
1146,2013-06-17,sz002273,水晶光电,21.3,21.66,21.09,21.3,21.09,0.21,0.9957,2.6845,9774294,209448739.69,7994960325.0,7755495075.0
1147,2013-06-18,sz002273,水晶光电,19.88,21.43,19.71,21.33,21.3,-1.42,-6.6667,3.9715,14460628,290488246.68,7461962970.0,7238462070.0
1148,2013-06-19,sz002273,水晶光电,19.42,19.94,18.87,19.88,19.88,-0.46,-2.3139,3.3059,12037147,232183260.53,7289301855.0,7070972505.0
1149,2013-06-20,sz002273,水晶光电,18.52,19.3,18.4,19.3,19.42,-0.9,-4.6344,2.471,8997010,169130225.85,6951486630.0,6743275530.0
1150,2013-06-21,sz002273,水晶光电,18.21,18.52,17.48,18.14,18.52,-0.31,-1.6739,1.8039,6568078,118410290.6,6835128052.5,6630402127.5
1151,2013-06-24,sz002273,水晶光电,17.6,18.85,17.1,18.18,18.21,-0.61,-3.3498,2.3445,8536467,155267706.71,6606164400.0,6408296400.0
1152,2013-06-25,sz002273,水晶光电,17.75,18.03,16.15,17.59,17.6,0.15,0.8523,2.3469,8545124,149285011.81,6662466937.5,6462912562.5
1153,2013-06-26,sz002273,水晶光电,18.78,18.92,17.78,17.78,17.75,1.03,5.8028,2.9303,10669472,197231013.95,7049077695.0,6837943545.0
1154,2013-06-27,sz002273,水晶光电,18.1,19.27,18.1,18.8,18.78,-0.68,-3.6209,3.246,11818798,223075741.28,6793839525.0,6590350275.0
1155,2013-06-28,sz002273,水晶光电,18.39,18.49,17.4,17.8,18.1,0.29,1.6022,2.1522,7836189,140351850.66,6902691097.5,6695941522.5
1156,2013-07-01,sz002273,水晶光电,18.77,18.85,18.01,18.2,18.39,0.38,2.0663,2.1067,7670553,142380926.07,7045324192.5,6834302467.5
1157,2013-07-02,sz002273,水晶光电,19.29,19.33,18.92,18.92,18.77,0.52,2.7704,2.9975,10914009,209109186.83,7240506322.5,7023638497.5
1158,2013-07-03,sz002273,水晶光电,20.27,20.65,19.05,19.3,19.29,0.98,5.0804,5.263,19162935,383296680.79,7608349567.5,7380464092.5
1159,2013-07-04,sz002273,水晶光电,19.37,20.12,19.26,19.91,20.27,-0.9,-4.4401,4.2845,15600206,307192750.23,7270534342.5,7052767117.5
1160,2013-07-05,sz002273,水晶光电,18.7,19.52,18.58,19.28,19.37,-0.67,-3.459,2.8442,10356101,196079688.8,7019049675.0,6808814925.0
1161,2013-07-08,sz002273,水晶光电,17.43,18.38,17.43,17.93,18.7,-1.27,-6.7914,3.1269,11385221,202046614.46,6542354857.5,6346398082.5
1162,2013-07-09,sz002273,水晶光电,16.88,17.57,16.53,17.21,17.43,-0.55,-3.1555,2.6855,9778054,164662804.31,6335912220.0,6146138820.0
1163,2013-07-10,sz002273,水晶光电,17.32,17.42,16.81,16.88,16.88,0.44,2.6066,2.006,7304171,124958883.19,6501066330.0,6306346230.0
1164,2013-07-11,sz002273,水晶光电,17.9,18.19,17.13,17.45,17.32,0.58,3.3487,2.7069,9856147,173382379.11,6718769475.0,6517528725.0
1165,2013-07-12,sz002273,水晶光电,17.67,18.26,17.65,17.88,17.9,-0.23,-1.2849,2.0016,7287822,130669907.03,6632438917.5,6433783942.5
1166,2013-07-15,sz002273,水晶光电,18.47,18.55,17.52,17.8,17.67,0.8,4.5274,2.9928,10897188,197425362.81,6932719117.5,6725070142.5
1167,2013-07-16,sz002273,水晶光电,19.7,19.85,18.47,18.5,18.47,1.23,6.6594,4.1143,14980319,287201432.22,7394399925.0,7172922675.0
1168,2013-07-17,sz002273,水晶光电,19.44,20.18,19.2,19.48,19.7,-0.26,-1.3198,4.1343,15053347,297823298.02,7296808860.0,7078254660.0
1169,2013-07-18,sz002273,水晶光电,19.75,20.01,19.38,19.65,19.44,0.31,1.5947,4.0981,14921666,293220477.76,7413167437.5,7191128062.5
1170,2013-07-19,sz002273,水晶光电,20.36,20.78,19.5,19.64,19.75,0.61,3.0886,6.0546,22045207,448703736.17,7642131090.0,7413233790.0
1171,2013-07-22,sz002273,水晶光电,20.45,20.66,19.95,20.47,20.36,0.09,0.442,3.5694,12996364,264728761.73,7675912612.5,7446003487.5
1172,2013-07-23,sz002273,水晶光电,22.5,22.5,22.0,22.5,20.45,2.05,10.0244,11.1826,40716804,912498499.63,8445380625.0,8192424375.0
1173,2013-07-24,sz002273,水晶光电,23.8,24.75,22.61,23.05,22.5,1.3,5.7778,9.807,35708009,842353187.03,8933335950.0,8665764450.0
1174,2013-07-25,sz002273,水晶光电,23.1,25.24,22.81,23.45,23.8,-0.7,-2.9412,7.5308,27420372,662796564.95,8670590775.0,8410889025.0
1175,2013-07-26,sz002273,水晶光电,23.33,23.7,22.51,23.39,23.1,0.23,0.9957,3.9087,14231702,330942429.98,8756921332.5,8494633807.5
1176,2013-07-29,sz002273,水晶光电,23.55,24.43,22.75,22.91,23.33,0.22,0.943,4.3049,15674406,370759107.38,8839498387.5,8574737512.5
1177,2013-07-30,sz002273,水晶光电,22.06,23.56,21.65,23.3,23.55,-1.49,-6.327,4.3913,15989019,359223300.72,8280226515.0,8032216965.0
1178,2013-07-31,sz002273,水晶光电,22.8,23.25,21.58,21.99,22.06,0.74,3.3545,2.8286,10299136,233261721.28,8557985700.0,8301656700.0
1179,2013-08-01,sz002273,水晶光电,23.13,23.4,22.29,23.04,22.8,0.33,1.4474,4.382,15955357,365373191.95,8681851282.5,8421812257.5
1180,2013-08-02,sz002273,水晶光电,23.94,24.46,23.2,23.3,23.13,0.81,3.5019,4.0542,14761501,352465402.66,8985884985.0,8716739535.0
1181,2013-08-05,sz002273,水晶光电,23.9,24.4,23.6,23.7,23.94,-0.04,-0.1671,1.9488,7095896,169495924.93,8970870975.0,8702175225.0
1182,2013-08-06,sz002273,水晶光电,24.09,24.29,23.6,23.91,23.9,0.19,0.795,1.9093,6951848,166638750.15,9042187522.5,8771355697.5
1183,2013-08-07,sz002273,水晶光电,23.0,24.16,22.96,24.09,24.09,-1.09,-4.5247,2.3359,8505094,198490436.17,8633055750.0,8374478250.0
1184,2013-08-08,sz002273,水晶光电,23.2,23.7,22.66,22.71,23.0,0.2,0.8696,2.0306,7393745,171755930.96,8708125800.0,8447299800.0
1185,2013-08-09,sz002273,水晶光电,22.61,23.5,22.18,23.15,23.2,-0.59,-2.5431,1.6512,6012154,136237947.17,8486669152.5,8232476227.5
1186,2013-08-12,sz002273,水晶光电,22.05,22.83,21.85,22.62,22.61,-0.56,-2.4768,2.293,8349169,184419329.92,8276473012.5,8028575887.5
1187,2013-08-13,sz002273,水晶光电,22.41,22.5,21.88,22.08,22.05,0.36,1.6327,1.5229,5544933,122904892.16,8411599102.5,8159654677.5
1188,2013-08-14,sz002273,水晶光电,21.91,22.5,21.7,22.5,22.41,-0.5,-2.2311,1.6911,6157508,135170307.5,8223923977.5,7977600802.5
1189,2013-08-15,sz002273,水晶光电,21.98,22.4,21.81,22.0,21.91,0.07,0.3195,1.25,4551380,100759486.2,8250198495.0,8003088345.0
1190,2013-08-16,sz002273,水晶光电,21.51,22.4,21.5,21.82,21.98,-0.47,-2.1383,1.8854,6864713,150272292.25,8073783877.5,7831957702.5
1191,2013-08-19,sz002273,水晶光电,21.85,22.0,21.0,21.01,21.51,0.34,1.5807,2.0796,7572084,163016804.23,8201402962.5,7955754337.5
1192,2013-08-20,sz002273,水晶光电,21.65,22.09,21.35,21.85,21.85,-0.2,-0.9153,1.8995,6916322,150127639.5,8126332912.5,7882932787.5
1193,2013-08-21,sz002273,水晶光电,22.1,22.1,21.5,21.72,21.65,0.45,2.0785,1.8413,6704308,146474756.91,8295240525.0,8046781275.0
1194,2013-08-22,sz002273,水晶光电,21.69,21.91,20.9,21.71,22.1,-0.41,-1.8552,4.7101,17149873,365056335.36,8141346922.5,7897497097.5
1195,2013-08-23,sz002273,水晶光电,21.1,21.59,20.82,21.53,21.69,-0.59,-2.7201,2.5511,9288833,196472372.76,7919890275.0,7682673525.0
1196,2013-08-26,sz002273,水晶光电,21.63,21.79,20.89,21.09,21.1,0.53,2.5118,2.0902,7610706,163129057.57,8118825907.5,7875650632.5
1197,2013-08-27,sz002273,水晶光电,21.29,21.79,21.2,21.63,21.63,-0.34,-1.5719,1.588,5782106,123227734.3,7991206822.5,7751853997.5
1198,2013-08-28,sz002273,水晶光电,20.26,21.1,20.25,21.1,21.29,-1.03,-4.838,3.1143,11339579,235162632.75,7604596065.0,7376823015.0
1199,2013-08-29,sz002273,水晶光电,19.64,20.44,19.41,20.15,20.26,-0.62,-3.0602,2.8008,10197981,201595666.14,7371878910.0,7151076210.0
1200,2013-08-30,sz002273,水晶光电,18.33,19.71,18.03,19.64,19.64,-1.31,-6.6701,2.7854,10141784,192837161.87,6880170082.5,6674095057.5
1201,2013-09-02,sz002273,水晶光电,19.15,19.31,18.31,18.31,18.33,0.82,4.4735,2.0968,7634484,144955699.85,7187957287.5,6972663412.5
1202,2013-09-03,sz002273,水晶光电,19.17,19.28,18.72,19.15,19.15,0.02,0.1044,1.5039,5475770,104120652.12,7195464292.5,6979945567.5
1203,2013-09-04,sz002273,水晶光电,18.9,19.38,18.63,19.21,19.17,-0.27,-1.4085,2.6858,9779222,185406971.68,7094119725.0,6881636475.0
1204,2013-09-05,sz002273,水晶光电,18.95,19.3,18.89,19.02,18.9,0.05,0.2646,2.0684,7531186,143397402.43,7112887237.5,6899841862.5
1205,2013-09-06,sz002273,水晶光电,20.85,20.85,19.08,19.25,18.95,1.9,10.0264,5.3624,19524925,396140486.37,7826052712.5,7591646587.5
1206,2013-09-09,sz002273,水晶光电,21.29,22.0,20.88,21.85,20.85,0.44,2.1103,5.8746,21389970,456417886.08,7991206822.5,7751853997.5
1207,2013-09-10,sz002273,水晶光电,19.9,20.8,19.68,20.8,21.29,-1.39,-6.5289,6.2099,22610861,455921141.6,7469469975.0,7245744225.0
1208,2013-09-11,sz002273,水晶光电,18.31,19.7,18.21,19.7,19.9,-1.59,-7.9899,4.8994,17839111,333860082.38,6872663077.5,6666812902.5
1209,2013-09-12,sz002273,水晶光电,18.33,18.63,17.88,18.2,18.31,0.02,0.1092,2.9172,10621701,194818947.32,6880170082.5,6674095057.5
1210,2013-09-13,sz002273,水晶光电,18.15,18.37,17.9,18.35,18.33,-0.18,-0.982,2.4675,8984496,161957995.84,6812607037.5,6608555662.5
1211,2013-09-16,sz002273,水晶光电,18.73,18.88,18.02,18.18,18.15,0.58,3.1956,2.591,9433954,175119509.0,7030310182.5,6819738157.5
1212,2013-09-17,sz002273,水晶光电,18.52,18.88,18.45,18.88,18.73,-0.21,-1.1212,1.855,6754319,125660823.12,6951486630.0,6743275530.0
1213,2013-09-18,sz002273,水晶光电,18.57,18.63,18.43,18.43,18.52,0.05,0.27,0.9493,3456458,64065645.08,6970254142.5,6761480917.5
1214,2013-09-23,sz002273,水晶光电,19.2,19.36,18.57,18.57,18.57,0.63,3.3926,2.5594,9319111,177316841.28,7206724800.0,6990868800.0
1215,2013-09-24,sz002273,水晶光电,20.11,20.17,19.19,19.21,19.2,0.91,4.7396,4.4772,16301896,322121708.29,7548293527.5,7322206852.5
1216,2013-09-25,sz002273,水晶光电,19.7,20.3,19.46,20.3,20.11,-0.41,-2.0388,3.2042,11666613,231424656.79,7394399925.0,7172922675.0
1217,2013-09-26,sz002273,水晶光电,19.22,19.58,18.9,19.5,19.7,-0.48,-2.4365,1.8173,6616964,126775827.35,7214231805.0,6998150955.0
1218,2013-09-27,sz002273,水晶光电,19.05,19.3,18.7,19.1,19.22,-0.17,-0.8845,1.6341,5950021,113040689.28,7150422262.5,6936252637.5
1219,2013-09-30,sz002273,水晶光电,19.22,19.47,19.07,19.18,19.05,0.17,0.8924,1.3404,4880387,93839896.85,7214231805.0,6998150955.0
1220,2013-10-08,sz002273,水晶光电,19.55,19.6,18.83,19.33,19.22,0.33,1.717,1.9537,7113730,136170685.44,7338097387.5,7118306512.5
1221,2013-10-09,sz002273,水晶光电,19.81,19.85,19.3,19.55,19.55,0.26,1.3299,2.2634,8241191,161683285.37,7435688452.5,7212974527.5
1222,2013-10-10,sz002273,水晶光电,18.88,19.9,18.88,19.86,19.81,-0.93,-4.6946,2.7461,9998759,192708914.9,7086612720.0,6874354320.0
1223,2013-10-11,sz002273,水晶光电,18.67,19.08,18.6,19.01,18.88,-0.21,-1.1123,2.1301,7755906,145932902.11,7007789167.5,6797891692.5
1224,2013-10-14,sz002273,水晶光电,18.7,19.01,18.38,19.0,18.67,0.03,0.1607,1.8729,6819257,127192222.01,7019049675.0,6808814925.0
1225,2013-10-15,sz002273,水晶光电,18.5,18.79,18.31,18.7,18.7,-0.2,-1.0695,1.6281,5928025,109851750.73,6943979625.0,6735993375.0
1226,2013-10-16,sz002273,水晶光电,0.0,0.0,0.0,0.0,18.5,,,0.0,0,0.0,6943979625.0,6735993375.0
1227,2013-10-17,sz002273,水晶光电,0.0,0.0,0.0,0.0,18.5,,,0.0,0,0.0,6943979625.0,6735993375.0
1228,2013-10-18,sz002273,水晶光电,0.0,0.0,0.0,0.0,18.5,,,0.0,0,0.0,6943979625.0,6735993375.0
1229,2013-10-21,sz002273,水晶光电,0.0,0.0,0.0,0.0,18.5,,,0.0,0,0.0,6943979625.0,6735993375.0
1230,2013-10-22,sz002273,水晶光电,0.0,0.0,0.0,0.0,18.5,,,0.0,0,0.0,6943979625.0,6735993375.0
1231,2013-10-23,sz002273,水晶光电,0.0,0.0,0.0,0.0,18.5,,,0.0,0,0.0,6943979625.0,6735993375.0
1232,2013-10-24,sz002273,水晶光电,0.0,0.0,0.0,0.0,18.5,,,0.0,0,0.0,6943979625.0,6735993375.0
1233,2013-10-25,sz002273,水晶光电,0.0,0.0,0.0,0.0,18.5,,,0.0,0,0.0,6943979625.0,6735993375.0
1234,2013-10-28,sz002273,水晶光电,0.0,0.0,0.0,0.0,18.5,,,0.0,0,0.0,6943979625.0,6735993375.0
1235,2013-10-29,sz002273,水晶光电,0.0,0.0,0.0,0.0,18.5,,,0.0,0,0.0,6943979625.0,6735993375.0
1236,2013-10-30,sz002273,水晶光电,0.0,0.0,0.0,0.0,18.5,,,0.0,0,0.0,6943979625.0,6735993375.0
1237,2013-10-31,sz002273,水晶光电,0.0,0.0,0.0,0.0,18.5,,,0.0,0,0.0,6943979625.0,6735993375.0
1238,2013-11-01,sz002273,水晶光电,0.0,0.0,0.0,0.0,18.5,,,0.0,0,0.0,6943979625.0,6735993375.0
1239,2013-11-04,sz002273,水晶光电,0.0,0.0,0.0,0.0,18.5,,,0.0,0,0.0,6943979625.0,6735993375.0
1240,2013-11-05,sz002273,水晶光电,0.0,0.0,0.0,0.0,18.5,,,0.0,0,0.0,6943979625.0,6735993375.0
1241,2013-11-06,sz002273,水晶光电,0.0,0.0,0.0,0.0,18.5,,,0.0,0,0.0,6943979625.0,6735993375.0
1242,2013-11-07,sz002273,水晶光电,0.0,0.0,0.0,0.0,18.5,,,0.0,0,0.0,6943979625.0,6735993375.0
1243,2013-11-08,sz002273,水晶光电,0.0,0.0,0.0,0.0,18.5,,,0.0,0,0.0,6943979625.0,6735993375.0
1244,2013-11-11,sz002273,水晶光电,0.0,0.0,0.0,0.0,18.5,,,0.0,0,0.0,6943979625.0,6735993375.0
1245,2013-11-12,sz002273,水晶光电,0.0,0.0,0.0,0.0,18.5,,,0.0,0,0.0,6943979625.0,6735993375.0
1246,2013-11-13,sz002273,水晶光电,0.0,0.0,0.0,0.0,18.5,,,0.0,0,0.0,6943979625.0,6735993375.0
1247,2013-11-14,sz002273,水晶光电,0.0,0.0,0.0,0.0,18.5,,,0.0,0,0.0,6943979625.0,6735993375.0
1248,2013-11-15,sz002273,水晶光电,0.0,0.0,0.0,0.0,18.5,,,0.0,0,0.0,6943979625.0,6735993375.0
1249,2013-11-18,sz002273,水晶光电,0.0,0.0,0.0,0.0,18.5,,,0.0,0,0.0,6943979625.0,6735993375.0
1250,2013-11-19,sz002273,水晶光电,0.0,0.0,0.0,0.0,18.5,,,0.0,0,0.0,6943979625.0,6735993375.0
1251,2013-11-20,sz002273,水晶光电,0.0,0.0,0.0,0.0,18.5,,,0.0,0,0.0,6943979625.0,6735993375.0
1252,2013-11-21,sz002273,水晶光电,0.0,0.0,0.0,0.0,18.5,,,0.0,0,0.0,6943979625.0,6735993375.0
1253,2013-11-22,sz002273,水晶光电,0.0,0.0,0.0,0.0,18.5,,,0.0,0,0.0,6943979625.0,6735993375.0
1254,2013-11-25,sz002273,水晶光电,17.89,19.0,17.71,18.89,18.5,-0.61,-3.2973,5.5668,20269232,370015244.88,6715015972.5,6513887647.5
1255,2013-11-26,sz002273,水晶光电,17.88,18.04,17.38,17.75,17.89,-0.01,-0.0559,3.3497,12196620,216091378.96,6711262470.0,6510246570.0
1256,2013-11-27,sz002273,水晶光电,17.46,17.81,16.91,17.8,17.88,-0.42,-2.349,5.0898,18532423,320869315.85,6553615365.0,6357321315.0
1257,2013-11-28,sz002273,水晶光电,17.99,18.1,17.35,17.4,17.46,0.53,3.0355,4.2527,15484514,277056053.11,6752550997.5,6550298422.5
1258,2013-11-29,sz002273,水晶光电,17.9,18.17,17.82,18.0,17.99,-0.09,-0.5003,2.9814,10855524,195107685.94,6718769475.0,6517528725.0
1259,2013-12-02,sz002273,水晶光电,16.65,18.0,16.31,17.5,17.9,-1.25,-6.9832,4.8987,17836538,302400879.62,6249581662.5,6062394037.5
1260,2013-12-03,sz002273,水晶光电,16.39,16.44,15.86,16.3,16.65,-0.26,-1.5616,2.8349,10321914,167294203.95,6151990597.5,5967726022.5
1261,2013-12-04,sz002273,水晶光电,18.03,18.03,16.46,16.46,16.39,1.64,10.0061,6.6527,24222913,426222377.62,6767565007.5,6564862732.5
1262,2013-12-05,sz002273,水晶光电,18.27,18.89,17.88,18.4,18.03,0.24,1.3311,10.671,38854107,715422442.75,6857649067.5,6652248592.5
1263,2013-12-06,sz002273,水晶光电,17.63,18.09,17.45,17.92,18.27,-0.64,-3.503,4.3573,15865310,280485828.44,6617424907.5,6419219632.5
1264,2013-12-09,sz002273,水晶光电,17.52,17.75,17.41,17.65,17.63,-0.11,-0.6239,2.5193,9173029,161146782.94,6576136380.0,6379167780.0
1265,2013-12-10,sz002273,水晶光电,17.56,17.85,17.45,17.46,17.52,0.04,0.2283,2.4128,8785227,154937980.03,6591150390.0,6393732090.0
1266,2013-12-11,sz002273,水晶光电,16.87,17.27,16.78,17.27,17.56,-0.69,-3.9294,3.0337,11045913,187194365.91,6332158717.5,6142497742.5
1267,2013-12-12,sz002273,水晶光电,16.88,17.17,16.76,16.87,16.87,0.01,0.0593,1.2609,4591202,77987234.47,6335912220.0,6146138820.0
1268,2013-12-13,sz002273,水晶光电,16.96,17.04,16.67,16.8,16.88,0.08,0.4739,1.187,4322046,72936296.17,6365940240.0,6175267440.0
1269,2013-12-16,sz002273,水晶光电,16.7,17.0,16.65,16.83,16.96,-0.26,-1.533,1.234,4493024,75499510.54,6268349175.0,6080599425.0
1270,2013-12-17,sz002273,水晶光电,16.97,17.05,16.66,16.73,16.7,0.27,1.6168,1.2981,4726478,79655276.08,6369693742.5,6178908517.5
1271,2013-12-18,sz002273,水晶光电,17.0,17.17,16.85,17.06,16.97,0.03,0.1768,1.1494,4184993,71211543.85,6380954250.0,6189831750.0
1272,2013-12-19,sz002273,水晶光电,16.6,17.06,16.56,17.0,17.0,-0.4,-2.3529,1.4928,5435356,91115745.52,6230814150.0,6044188650.0
1273,2013-12-20,sz002273,水晶光电,16.17,16.68,16.01,16.63,16.6,-0.43,-2.5904,0.9654,3515013,57110355.43,6069413542.5,5887622317.5
1274,2013-12-23,sz002273,水晶光电,15.78,16.26,15.52,16.11,16.17,-0.39,-2.4119,0.9436,3435757,54429024.71,5923026945.0,5745620295.0
1275,2013-12-24,sz002273,水晶光电,16.04,16.2,15.88,15.97,15.78,0.26,1.6477,1.0588,3855059,61758555.86,6020618010.0,5840288310.0
1276,2013-12-25,sz002273,水晶光电,16.22,16.27,15.8,16.0,16.04,0.18,1.1222,1.1041,4020142,64851839.06,6088181055.0,5905827705.0
1277,2013-12-26,sz002273,水晶光电,15.32,16.22,15.3,16.17,16.22,-0.9,-5.5487,2.49,9066180,142520210.76,5750365830.0,5578130730.0
1278,2013-12-27,sz002273,水晶光电,15.93,16.1,15.35,15.37,15.32,0.61,3.9817,1.8655,6792395,107148908.94,5979329482.5,5800236457.5
1279,2013-12-30,sz002273,水晶光电,16.0,16.22,15.83,15.92,15.93,0.07,0.4394,1.6383,5965195,95306761.97,6005604000.0,5825724000.0
1280,2013-12-31,sz002273,水晶光电,15.9,16.14,15.8,15.9,16.0,-0.1,-0.625,1.1942,4348049,69269666.57,5968068975.0,5789313225.0
1281,2014-01-02,sz002273,水晶光电,17.49,17.49,15.82,15.82,15.9,1.59,10.0,5.6887,20713035,352050598.19,6564875872.5,6368244547.5
1282,2014-01-03,sz002273,水晶光电,17.45,17.85,17.14,17.2,17.49,-0.04,-0.2287,7.245,26379675,463572281.28,6549861862.5,6353680237.5
1283,2014-01-06,sz002273,水晶光电,17.73,18.05,17.2,17.54,17.45,0.28,1.6046,6.4138,23353305,414243041.01,6654959932.5,6455630407.5
1284,2014-01-07,sz002273,水晶光电,18.09,18.8,17.7,17.94,17.73,0.36,2.0305,6.5687,23917269,436256969.56,6790086022.5,6586709197.5
1285,2014-01-08,sz002273,水晶光电,18.52,18.75,18.14,18.17,18.09,0.43,2.377,5.607,20415447,376354401.54,6951486630.0,6743275530.0
1286,2014-01-09,sz002273,水晶光电,17.69,18.66,17.56,18.65,18.52,-0.83,-4.4816,4.2838,15597808,282050344.61,6639945922.5,6441066097.5
1287,2014-01-10,sz002273,水晶光电,18.23,18.95,17.8,17.8,17.69,0.54,3.0526,7.2802,26507622,487934044.75,6842635057.5,6637684282.5
1288,2014-01-13,sz002273,水晶光电,18.43,18.6,17.76,18.1,18.23,0.2,1.0971,4.5375,16521514,301802806.61,6917705107.5,6710505832.5
1289,2014-01-14,sz002273,水晶光电,19.23,19.23,18.28,18.5,18.43,0.8,4.3407,7.6438,27831554,524446045.07,7217985307.5,7001792032.5
1290,2014-01-15,sz002273,水晶光电,19.17,19.49,18.81,19.19,19.23,-0.06,-0.312,5.9982,21839925,418066638.34,7195464292.5,6979945567.5
1291,2014-01-16,sz002273,水晶光电,18.87,19.64,18.71,19.28,19.17,-0.3,-1.5649,5.0874,18523744,353722044.48,7082859217.5,6870713242.5
1292,2014-01-17,sz002273,水晶光电,18.3,18.92,18.15,18.61,18.87,-0.57,-3.0207,3.8977,14191915,262365329.52,6868909575.0,6663171825.0
1293,2014-01-20,sz002273,水晶光电,18.09,18.65,17.96,18.28,18.3,-0.21,-1.1475,3.4453,12544735,228097927.19,6790086022.5,6586709197.5
1294,2014-01-21,sz002273,水晶光电,18.93,18.93,18.22,18.22,18.09,0.84,4.6434,4.2894,15617980,291088070.74,7105380232.5,6892559707.5
1295,2014-01-22,sz002273,水晶光电,19.1,19.15,18.65,18.87,18.93,0.17,0.898,4.7603,17332546,328222155.56,7169189775.0,6954458025.0
1296,2014-01-23,sz002273,水晶光电,19.4,19.53,18.7,18.99,19.1,0.3,1.5707,5.6017,20396216,389648619.07,7281794850.0,7063690350.0
1297,2014-01-24,sz002273,水晶光电,19.28,19.7,19.17,19.53,19.4,-0.12,-0.6186,6.0375,21983035,427028183.82,7236752820.0,7019997420.0
1298,2014-01-27,sz002273,水晶光电,20.07,20.68,19.2,19.29,19.28,0.79,4.0975,8.4076,30612598,616310465.87,7533279517.5,7307642542.5
1299,2014-01-28,sz002273,水晶光电,19.62,20.08,19.27,20.08,20.07,-0.45,-2.2422,4.0089,14596770,286267410.12,7364371905.0,7143794055.0
1300,2014-01-29,sz002273,水晶光电,19.61,19.86,19.34,19.62,19.62,-0.01,-0.051,3.0415,11074218,217295505.71,7360618402.5,7140152977.5
1301,2014-01-30,sz002273,水晶光电,18.95,19.69,18.91,19.65,19.61,-0.66,-3.3656,2.839,10337156,199681716.83,7112887237.5,6899841862.5
1302,2014-02-07,sz002273,水晶光电,19.4,19.46,18.53,18.76,18.95,0.45,2.3747,3.2992,12012664,229614580.39,7281794850.0,7063690350.0
1303,2014-02-10,sz002273,水晶光电,20.42,20.46,19.65,19.65,19.4,1.02,5.2577,5.7775,21036503,423821397.86,7664652105.0,7435080255.0
1304,2014-02-11,sz002273,水晶光电,20.19,20.68,19.7,20.47,20.42,-0.23,-1.1263,5.0285,18308999,370109946.61,7578321547.5,7351335472.5
1305,2014-02-12,sz002273,水晶光电,21.16,21.27,20.0,20.01,20.19,0.97,4.8044,6.5823,23966630,499334735.22,7942411290.0,7704519990.0
1306,2014-02-13,sz002273,水晶光电,20.48,21.16,20.38,21.16,21.16,-0.68,-3.2136,5.0415,18356577,382170867.04,7687173120.0,7456926720.0
1307,2014-02-14,sz002273,水晶光电,20.52,20.8,20.01,20.46,20.48,0.04,0.1953,3.8136,13885781,282607568.41,7702187130.0,7471491030.0
1308,2014-02-17,sz002273,水晶光电,21.2,21.2,20.38,20.7,20.52,0.68,3.3138,5.1117,18611949,387117450.96,7957425300.0,7719084300.0
1309,2014-02-18,sz002273,水晶光电,20.65,21.25,20.59,21.22,21.2,-0.55,-2.5943,4.2775,15574624,324652771.72,7750982662.5,7518825037.5
1310,2014-02-19,sz002273,水晶光电,20.3,21.23,20.17,20.79,20.65,-0.35,-1.6949,4.7237,17199360,354397005.46,7619610075.0,7391387325.0
1311,2014-02-20,sz002273,水晶光电,19.61,20.43,19.58,20.29,20.3,-0.69,-3.399,3.743,13628625,270566233.21,7360618402.5,7140152977.5
1312,2014-02-21,sz002273,水晶光电,19.75,20.08,19.3,19.6,19.61,0.14,0.7139,3.3505,12199276,239832721.14,7413167437.5,7191128062.5
1313,2014-02-24,sz002273,水晶光电,20.4,20.4,19.8,19.8,19.75,0.65,3.2911,4.1612,15151353,305368602.59,7657145100.0,7427798100.0
1314,2014-02-25,sz002273,水晶光电,18.52,20.54,18.36,20.44,20.4,-1.88,-9.2157,6.0018,21853042,426276403.16,6951486630.0,6743275530.0
1315,2014-02-26,sz002273,水晶光电,18.06,18.36,17.2,18.3,18.52,-0.46,-2.4838,3.4393,12522624,223149824.62,6778825515.0,6575785965.0
1316,2014-02-27,sz002273,水晶光电,17.33,18.4,17.25,18.18,18.06,-0.73,-4.0421,3.5915,13077107,233683727.53,6504819832.5,6309987307.5
1317,2014-02-28,sz002273,水晶光电,17.6,17.64,16.66,17.33,17.33,0.27,1.558,2.2497,8191482,140953392.02,6606164400.0,6408296400.0
1318,2014-03-03,sz002273,水晶光电,17.88,17.9,17.31,17.51,17.6,0.28,1.5909,2.3026,8383929,147896873.29,6711262470.0,6510246570.0
1319,2014-03-04,sz002273,水晶光电,17.73,17.83,17.23,17.8,17.88,-0.15,-0.8389,2.1715,7906779,138829339.9,6654959932.5,6455630407.5
1320,2014-03-05,sz002273,水晶光电,18.39,18.87,17.81,18.02,17.73,0.66,3.7225,4.3239,15743591,289158225.09,6902691097.5,6695941522.5
1321,2014-03-06,sz002273,水晶光电,18.15,18.35,17.83,18.35,18.39,-0.24,-1.3051,2.4689,8989542,162286323.2,6812607037.5,6608555662.5
1322,2014-03-07,sz002273,水晶光电,17.5,18.3,17.5,18.14,18.15,-0.65,-3.5813,2.0382,7421379,132484936.51,6568629375.0,6371885625.0
1323,2014-03-10,sz002273,水晶光电,16.76,18.18,16.52,17.55,17.5,-0.74,-4.2286,2.7843,10137786,175208484.45,6290870190.0,6102445890.0
1324,2014-03-11,sz002273,水晶光电,17.01,17.1,16.5,16.7,16.76,0.25,1.4916,1.6774,6107523,103071820.35,6384707752.5,6193472827.5
1325,2014-03-12,sz002273,水晶光电,17.19,17.28,16.72,16.93,17.01,0.18,1.0582,1.9432,7075287,120856847.64,6452270797.5,6259012222.5
1326,2014-03-13,sz002273,水晶光电,17.25,17.46,17.06,17.2,17.19,0.06,0.349,1.4787,5384065,92830345.0,6474791812.5,6280858687.5
1327,2014-03-14,sz002273,水晶光电,17.04,17.25,16.89,17.1,17.25,-0.21,-1.2174,1.1535,4199894,71738822.7,6395968260.0,6204396060.0
1328,2014-03-17,sz002273,水晶光电,17.59,17.59,16.81,17.04,17.04,0.55,3.2277,1.9544,7116060,123057805.5,6602410897.5,6404655322.5
1329,2014-03-18,sz002273,水晶光电,17.53,17.88,17.45,17.59,17.59,-0.06,-0.3411,2.0117,7324928,129526759.37,6579889882.5,6382808857.5
1330,2014-03-19,sz002273,水晶光电,17.06,17.53,16.95,17.53,17.53,-0.47,-2.6811,1.8612,6776629,116374690.63,6403475265.0,6211678215.0
1331,2014-03-20,sz002273,水晶光电,16.88,17.6,16.87,16.97,17.06,-0.18,-1.0551,2.1163,7705627,132734959.56,6335912220.0,6146138820.0
1332,2014-03-21,sz002273,水晶光电,17.18,17.26,16.6,16.78,16.88,0.3,1.7773,1.8049,6571634,111119837.07,6448517295.0,6255371145.0
1333,2014-03-24,sz002273,水晶光电,17.1,17.3,17.03,17.2,17.18,-0.08,-0.4657,1.414,5148488,88268587.35,6418489275.0,6226242525.0
1334,2014-03-25,sz002273,水晶光电,17.49,17.5,16.75,17.1,17.1,0.39,2.2807,2.6732,9733236,166583865.63,6564875872.5,6368244547.5
1335,2014-03-26,sz002273,水晶光电,17.86,17.99,17.4,17.5,17.49,0.37,2.1155,3.9829,14502088,257152876.66,6703755465.0,6502964415.0
1336,2014-03-27,sz002273,水晶光电,0.0,0.0,0.0,0.0,17.86,,,0.0,0,0.0,6703755465.0,6502964415.0
1337,2014-03-28,sz002273,水晶光电,0.0,0.0,0.0,0.0,17.86,,,0.0,0,0.0,6703755465.0,6502964415.0
1338,2014-03-31,sz002273,水晶光电,0.0,0.0,0.0,0.0,17.86,,,0.0,0,0.0,6703755465.0,6502964415.0
1339,2014-04-01,sz002273,水晶光电,0.0,0.0,0.0,0.0,17.86,,,0.0,0,0.0,6703755465.0,6502964415.0
1340,2014-04-02,sz002273,水晶光电,0.0,0.0,0.0,0.0,17.86,,,0.0,0,0.0,6703755465.0,6502964415.0
1341,2014-04-03,sz002273,水晶光电,0.0,0.0,0.0,0.0,17.86,,,0.0,0,0.0,6703755465.0,6502964415.0
1342,2014-04-04,sz002273,水晶光电,18.19,18.9,17.51,17.86,17.86,0.33,1.8477,4.1912,15260572,279421676.79,6827621047.5,6623119972.5
1343,2014-04-08,sz002273,水晶光电,18.15,18.41,17.7,17.9,18.19,-0.04,-0.2199,2.5316,9217721,166839212.2,6812607037.5,6608555662.5
1344,2014-04-09,sz002273,水晶光电,18.74,19.14,18.1,18.15,18.15,0.59,3.2507,3.7423,13626164,255106889.19,7034063685.0,6823379235.0
1345,2014-04-10,sz002273,水晶光电,18.55,19.08,18.54,18.8,18.74,-0.19,-1.0139,4.6781,17033164,319944905.19,6962747137.5,6754198762.5
1346,2014-04-11,sz002273,水晶光电,19.25,19.25,17.88,18.3,18.55,0.7,3.7736,5.9785,21768316,406654977.32,7225492312.5,7009074187.5
1347,2014-04-14,sz002273,水晶光电,19.24,19.37,18.88,19.25,19.25,-0.01,-0.0519,4.4719,16282572,311288613.65,7221738810.0,7005433110.0
1348,2014-04-15,sz002273,水晶光电,18.75,19.15,18.63,19.07,19.24,-0.49,-2.5468,2.6056,9487277,179093709.41,7037817187.5,6827020312.5
1349,2014-04-16,sz002273,水晶光电,18.69,18.86,18.5,18.6,18.75,-0.06,-0.32,1.6572,6034160,112634058.16,7015296172.5,6805173847.5
1350,2014-04-17,sz002273,水晶光电,18.86,19.5,18.86,19.05,18.69,0.17,0.9096,4.0909,14895414,286742340.81,7079105715.0,6867072165.0
1351,2014-04-18,sz002273,水晶光电,18.55,18.73,18.33,18.7,18.86,-0.31,-1.6437,2.0635,7513514,139276304.2,6962747137.5,6754198762.5
1352,2014-04-21,sz002273,水晶光电,18.14,18.88,18.06,18.36,18.55,-0.41,-2.2102,2.254,8206996,151462712.6,6808853535.0,6604914585.0
1353,2014-04-22,sz002273,水晶光电,17.35,18.33,17.0,18.14,18.14,-0.79,-4.355,3.356,12219467,213562866.75,6512326837.5,6317269462.5
1354,2014-04-23,sz002273,水晶光电,17.32,17.48,17.11,17.37,17.35,-0.03,-0.1729,1.2672,4613950,79776569.53,6501066330.0,6306346230.0
1355,2014-04-24,sz002273,水晶光电,17.11,17.4,17.08,17.32,17.32,-0.21,-1.2125,1.1944,4349050,74906437.08,6422242777.5,6229883602.5
1356,2014-04-25,sz002273,水晶光电,17.04,17.35,17.0,17.1,17.11,-0.07,-0.4091,0.997,3630214,62365943.97,6395968260.0,6204396060.0
1357,2014-04-28,sz002273,水晶光电,16.72,17.08,16.54,17.0,17.04,-0.32,-1.8779,1.252,4558479,76182747.96,6275856180.0,6087881580.0
1358,2014-04-29,sz002273,水晶光电,17.13,17.16,16.73,16.73,16.72,0.41,2.4522,0.9981,3634087,61697487.97,6429749782.5,6237165757.5
1359,2014-04-30,sz002273,水晶光电,17.54,17.8,17.08,17.11,17.13,0.41,2.3935,1.7474,6362350,111189775.41,6583643385.0,6386449935.0
1360,2014-05-05,sz002273,水晶光电,17.65,17.78,17.3,17.45,17.54,0.11,0.6271,1.3065,4756897,83378017.75,6624931912.5,6426501787.5
1361,2014-05-06,sz002273,水晶光电,17.91,18.32,17.65,17.69,17.65,0.26,1.4731,3.0754,11197624,202766828.25,6722522977.5,6521169802.5
1362,2014-05-07,sz002273,水晶光电,17.4,18.17,17.39,17.73,17.91,-0.51,-2.8476,2.1207,7721671,137247120.09,6531094350.0,6335474850.0
1363,2014-05-08,sz002273,水晶光电,17.48,17.93,17.22,17.3,17.4,0.08,0.4598,1.5444,5623150,98852615.79,6561122370.0,6364603470.0
1364,2014-05-09,sz002273,水晶光电,17.21,17.55,17.05,17.35,17.48,-0.27,-1.5446,1.1669,4248664,73346131.88,6459777802.5,6266294377.5
1365,2014-05-12,sz002273,水晶光电,17.77,17.83,17.25,17.4,17.21,0.56,3.2539,1.5109,5501336,96596981.24,6669973942.5,6470194717.5
1366,2014-05-13,sz002273,水晶光电,17.61,18.0,17.59,17.69,17.77,-0.16,-0.9004,1.2435,4527632,80420175.29,6609917902.5,6411937477.5
1367,2014-05-14,sz002273,水晶光电,18.75,18.96,17.37,17.55,17.61,1.14,6.4736,5.919,21551638,398467749.29,7037817187.5,6827020312.5
1368,2014-05-15,sz002273,水晶光电,18.18,18.71,18.13,18.61,18.75,-0.57,-3.04,3.9638,14432475,265507671.63,6823867545.0,6619478895.0
1369,2014-05-16,sz002273,水晶光电,18.47,18.59,18.01,18.05,18.18,0.29,1.5952,2.9018,10565589,193320511.2,6932719117.5,6725070142.5
1370,2014-05-19,sz002273,水晶光电,17.81,18.48,17.7,18.48,18.47,-0.66,-3.5734,2.4678,8985404,161611054.43,6684987952.5,6484759027.5
1371,2014-05-20,sz002273,水晶光电,17.82,18.27,17.73,18.1,17.81,0.01,0.0561,1.9976,7273422,130866679.9,6688741455.0,6488400105.0
1372,2014-05-21,sz002273,水晶光电,17.83,17.93,17.21,17.66,17.82,0.01,0.0561,1.6091,5858932,102933331.84,6692494957.5,6492041182.5
1373,2014-05-22,sz002273,水晶光电,18.19,18.42,17.73,17.84,17.83,0.36,2.0191,3.3249,12106211,219898525.65,6827621047.5,6623119972.5
1374,2014-05-23,sz002273,水晶光电,18.21,18.28,17.93,18.05,18.19,0.02,0.11,1.8676,6799959,123053352.23,6835128052.5,6630402127.5
1375,2014-05-26,sz002273,水晶光电,18.42,18.65,18.22,18.52,18.21,0.21,1.1532,2.5308,9214993,169378324.38,6913951605.0,6706864755.0
1376,2014-05-27,sz002273,水晶光电,18.63,18.89,18.3,18.41,18.32,0.31,1.6921,3.6806,13401305,250112417.08,6992775157.5,6783327382.5
1377,2014-05-28,sz002273,水晶光电,18.66,18.74,18.31,18.6,18.63,0.03,0.161,2.5915,9435952,175107746.28,7004035665.0,6794250615.0
1378,2014-05-29,sz002273,水晶光电,18.31,19.14,18.29,18.61,18.66,-0.35,-1.8757,3.4655,12618147,236661579.71,6872663077.5,6666812902.5
1379,2014-05-30,sz002273,水晶光电,18.2,18.38,17.9,18.32,18.31,-0.11,-0.6008,2.2277,8111106,146950689.18,6831374550.0,6626761050.0
1380,2014-06-03,sz002273,水晶光电,18.44,18.83,18.22,18.29,18.2,0.24,1.3187,2.8543,10392767,193080324.57,6921458610.0,6714146910.0
1381,2014-06-04,sz002273,水晶光电,18.62,18.94,18.4,18.46,18.44,0.18,0.9761,3.1073,11313845,211136137.34,6989021655.0,6779686305.0
1382,2014-06-05,sz002273,水晶光电,18.99,19.1,18.5,18.65,18.62,0.37,1.9871,4.0359,14695175,277049496.85,7127901247.5,6914406172.5
1383,2014-06-06,sz002273,水晶光电,18.79,19.14,18.7,19.01,18.99,-0.2,-1.0532,2.7202,9904319,187317526.82,7052831197.5,6841584622.5
1384,2014-06-09,sz002273,水晶光电,18.33,18.97,18.32,18.73,18.79,-0.46,-2.4481,2.6738,9735443,182093272.29,6880170082.5,6674095057.5
1385,2014-06-10,sz002273,水晶光电,19.0,19.05,18.35,18.35,18.33,0.67,3.6552,3.5735,13011492,245385235.59,7131654750.0,6918047250.0
1386,2014-06-11,sz002273,水晶光电,19.08,19.32,18.65,18.9,19.0,0.08,0.4211,3.4755,12654478,240096576.62,7161682770.0,6947175870.0
1387,2014-06-12,sz002273,水晶光电,18.79,19.14,18.71,18.99,19.08,-0.29,-1.5199,2.2807,8304257,156705902.38,7052831197.5,6841584622.5
1388,2014-06-13,sz002273,水晶光电,19.12,19.35,18.72,18.72,18.79,0.33,1.7563,3.34,12161115,232744914.55,7176696780.0,6961740180.0
1389,2014-06-16,sz002273,水晶光电,19.14,19.2,18.86,19.17,19.12,0.02,0.1046,2.615,9521468,181234316.77,7184203785.0,6969022335.0
1390,2014-06-17,sz002273,水晶光电,18.8,19.08,18.73,19.08,19.14,-0.34,-1.7764,2.9168,10620326,200179435.86,7056584700.0,6845225700.0
1391,2014-06-18,sz002273,水晶光电,18.66,19.18,18.56,18.83,18.8,-0.14,-0.7447,2.9201,10632249,200205280.27,7004035665.0,6794250615.0
1392,2014-06-19,sz002273,水晶光电,17.49,18.63,17.3,18.63,18.66,-1.17,-6.2701,3.5412,12893715,231644999.25,6564875872.5,6368244547.5
1393,2014-06-20,sz002273,水晶光电,17.68,17.81,17.29,17.4,17.49,0.19,1.0863,1.6788,6112689,106968348.17,6636192420.0,6437425020.0
1394,2014-06-23,sz002273,水晶光电,17.82,18.08,17.69,17.74,17.68,0.14,0.7919,1.2407,4517612,80783812.04,6688741455.0,6488400105.0
1395,2014-06-24,sz002273,水晶光电,17.83,18.04,17.78,17.86,17.82,0.01,0.0561,1.3218,4812693,86062891.94,6692494957.5,6492041182.5
1396,2014-06-25,sz002273,水晶光电,17.71,17.94,17.55,17.83,17.83,-0.12,-0.673,1.0341,3765346,66443321.24,6647452927.5,6448348252.5
1397,2014-06-26,sz002273,水晶光电,18.07,18.16,17.72,17.8,17.71,0.36,2.0327,1.7825,6490386,117008471.32,6782579017.5,6579427042.5
1398,2014-06-27,sz002273,水晶光电,17.91,18.19,17.91,18.12,18.07,-0.16,-0.8854,2.0258,7375964,133144301.43,6722522977.5,6521169802.5
1399,2014-06-30,sz002273,水晶光电,18.3,18.35,17.82,17.92,17.91,0.39,2.1776,2.7342,9955440,179481399.58,6868909575.0,6663171825.0
1400,2014-07-01,sz002273,水晶光电,18.25,18.44,18.14,18.24,18.3,-0.05,-0.2732,2.3204,8448662,154690373.67,6850142062.5,6644966437.5
1401,2014-07-02,sz002273,水晶光电,18.14,18.37,17.88,18.3,18.25,-0.11,-0.6027,1.9937,7259273,131652437.71,6808853535.0,6604914585.0
1402,2014-07-03,sz002273,水晶光电,18.19,18.29,18.1,18.2,18.14,0.05,0.2756,1.6704,6081934,110610978.5,6827621047.5,6623119972.5
1403,2014-07-04,sz002273,水晶光电,18.26,18.33,18.05,18.2,18.19,0.07,0.3848,1.711,6229880,113524348.74,6853895565.0,6648607515.0
1404,2014-07-07,sz002273,水晶光电,17.98,18.36,17.92,18.36,18.26,-0.28,-1.5334,1.7306,6301160,113919369.04,6748797495.0,6546657345.0
1405,2014-07-08,sz002273,水晶光电,17.77,17.93,17.51,17.93,17.98,-0.21,-1.168,2.5094,9136935,161416169.07,6669973942.5,6470194717.5
1406,2014-07-09,sz002273,水晶光电,17.38,17.76,17.38,17.73,17.77,-0.39,-2.1947,1.9759,7194225,126451657.54,6718853435.14,6328192695.0
1407,2014-07-10,sz002273,水晶光电,17.55,17.62,17.32,17.38,17.38,0.17,0.9781,1.2621,4595435,80495051.17,6784572945.15,6390091012.5
1408,2014-07-11,sz002273,水晶光电,18.12,18.18,17.53,17.62,17.55,0.57,3.2479,2.3986,8733387,156533206.09,7004926596.36,6597632430.0
1409,2014-07-14,sz002273,水晶光电,18.17,18.24,17.91,17.99,18.12,0.05,0.2759,2.0186,7349756,133026012.77,7024255864.01,6615837817.5
1410,2014-07-15,sz002273,水晶光电,17.94,18.24,17.84,18.11,18.17,-0.23,-1.2658,1.5053,5480900,98648746.06,6935341232.82,6532093035.0
1411,2014-07-16,sz002273,水晶光电,17.67,18.02,17.53,17.97,17.94,-0.27,-1.505,1.244,4529527,80313206.25,6830963187.51,6433783942.5
1412,2014-07-17,sz002273,水晶光电,17.64,17.76,17.46,17.68,17.67,-0.03,-0.1698,0.8382,3051854,53763528.31,6819365626.92,6422860710.0
1413,2014-07-18,sz002273,水晶光电,0.0,0.0,0.0,0.0,17.64,,,0.0,0,0.0,6819365626.92,6422860710.0
1414,2014-07-21,sz002273,水晶光电,0.0,0.0,0.0,0.0,17.64,,,0.0,0,0.0,6819365626.92,6422860710.0
1415,2014-07-22,sz002273,水晶光电,0.0,0.0,0.0,0.0,17.64,,,0.0,0,0.0,6819365626.92,6422860710.0
1416,2014-07-23,sz002273,水晶光电,0.0,0.0,0.0,0.0,17.64,,,0.0,0,0.0,6819365626.92,6422860710.0
1417,2014-07-24,sz002273,水晶光电,0.0,0.0,0.0,0.0,17.64,,,0.0,0,0.0,6819365626.92,6422860710.0
1418,2014-07-25,sz002273,水晶光电,0.0,0.0,0.0,0.0,17.64,,,0.0,0,0.0,6819365626.92,6422860710.0
1419,2014-07-28,sz002273,水晶光电,0.0,0.0,0.0,0.0,17.64,,,0.0,0,0.0,6819365626.92,6422860710.0
1420,2014-07-29,sz002273,水晶光电,0.0,0.0,0.0,0.0,17.64,,,0.0,0,0.0,6819365626.92,6422860710.0
1421,2014-07-30,sz002273,水晶光电,0.0,0.0,0.0,0.0,17.64,,,0.0,0,0.0,6819365626.92,6422860710.0
1422,2014-07-31,sz002273,水晶光电,18.69,19.3,18.33,18.6,17.64,1.05,5.9524,8.8062,32064068,603450067.0,7225280247.57,6805173847.5
1423,2014-08-01,sz002273,水晶光电,18.14,18.86,18.11,18.52,18.69,-0.55,-2.9428,5.2941,19276140,356471282.74,7012658303.42,6604914585.0
1424,2014-08-04,sz002273,水晶光电,18.33,18.46,18.14,18.14,18.14,0.19,1.0474,2.4972,9092321,166434085.91,7086109520.49,6674095057.5
1425,2014-08-05,sz002273,水晶光电,18.74,18.77,18.15,18.35,18.33,0.41,2.2368,4.1211,15005341,277813385.4,7244609515.22,6823379235.0
1426,2014-08-06,sz002273,水晶光电,18.59,18.7,18.48,18.7,18.74,-0.15,-0.8004,2.7121,9874985,183596556.54,7186621712.27,6768763072.5
1427,2014-08-07,sz002273,水晶光电,18.37,18.75,18.34,18.55,18.59,-0.22,-1.1834,2.5885,9424943,174774926.81,7101572934.61,6688659367.5
1428,2014-08-08,sz002273,水晶光电,18.89,19.16,18.38,18.38,18.37,0.52,2.8307,5.3987,19657191,370753898.36,7302597318.17,6877995397.5
1429,2014-08-11,sz002273,水晶光电,19.24,19.34,18.85,18.88,18.89,0.35,1.8528,4.6317,16864408,322408870.13,7437902191.72,7005433110.0
1430,2014-08-12,sz002273,水晶光电,19.34,19.97,19.34,19.53,19.24,0.1,0.5198,5.287,19250330,377024756.85,7476560727.02,7041843885.0
1431,2014-08-13,sz002273,水晶光电,20.49,20.79,19.2,19.5,19.34,1.15,5.9462,9.9138,36096982,725494835.25,7921133882.97,7460567797.5
1432,2014-08-14,sz002273,水晶光电,20.2,21.03,20.2,20.44,20.49,-0.29,-1.4153,7.2313,26329809,544059997.4,7809024130.6,7354976550.0
1433,2014-08-15,sz002273,水晶光电,20.9,21.1,20.05,20.28,20.2,0.7,3.4653,5.7392,20896772,433077804.76,8079633877.7,7609851975.0
1434,2014-08-18,sz002273,水晶光电,20.98,21.77,20.7,21.15,20.9,0.08,0.3828,5.2333,19054918,401798306.83,8110560705.94,7638980595.0
1435,2014-08-19,sz002273,水晶光电,20.15,21.06,19.9,21.06,20.98,-0.83,-3.9561,6.6985,24389689,495987150.21,7789694862.95,7336771162.5
1436,2014-08-20,sz002273,水晶光电,20.26,20.35,19.98,20.15,20.15,0.11,0.5459,3.2256,11744835,236798019.68,7832219251.78,7376823015.0
1437,2014-08-21,sz002273,水晶光电,19.89,20.25,19.56,20.25,20.26,-0.37,-1.8263,4.7615,17336833,342612328.18,7689182671.17,7242103147.5
1438,2014-08-22,sz002273,水晶光电,20.13,20.24,19.73,19.79,19.89,0.24,1.2066,3.5204,12817965,256542475.96,7781963155.89,7329489007.5
1439,2014-08-25,sz002273,水晶光电,20.44,20.57,19.7,20.18,20.13,0.31,1.54,4.4725,16284855,327347534.27,7901804615.32,7442362410.0
1440,2014-08-26,sz002273,水晶光电,21.61,22.45,20.48,20.48,20.44,1.17,5.7241,11.8311,43077946,925921343.83,8354109478.33,7868368477.5
1441,2014-08-27,sz002273,水晶光电,21.65,22.32,21.16,21.44,21.61,0.04,0.1851,8.6406,31461183,685516620.44,8369572892.45,7882932787.5
1442,2014-08-28,sz002273,水晶光电,21.24,21.84,21.1,21.56,21.65,-0.41,-1.8938,4.0333,14685698,313901548.47,8211072897.72,7733648610.0
1443,2014-08-29,sz002273,水晶光电,22.86,23.1,21.25,21.25,21.24,1.62,7.6271,8.8465,32210689,717115516.91,8837341169.58,8323503165.0
1444,2014-09-01,sz002273,水晶光电,22.97,23.43,22.6,22.72,22.86,0.11,0.4812,6.1605,22430930,516010106.64,8879865558.41,8363555017.5
1445,2014-09-02,sz002273,水晶光电,22.89,23.19,22.45,22.7,22.97,-0.08,-0.3483,5.8933,21458086,488218607.11,8848938730.17,8334426397.5
1446,2014-09-03,sz002273,水晶光电,22.75,23.15,22.4,22.9,22.89,-0.14,-0.6116,5.1182,18635697,423917768.6,8794816780.75,8283451312.5
1447,2014-09-04,sz002273,水晶光电,22.28,22.38,21.91,22.38,22.75,-0.47,-2.0659,6.8734,25026594,553446710.14,8613121664.84,8112320670.0
1448,2014-09-05,sz002273,水晶光电,22.47,22.77,22.05,22.15,22.28,0.19,0.8528,5.0374,18341701,411771938.56,8686572881.91,8181501142.5
1449,2014-09-09,sz002273,水晶光电,22.2,22.63,22.02,22.58,22.47,-0.27,-1.2016,3.0135,10972324,243808289.87,8582194836.6,8083192050.0
1450,2014-09-10,sz002273,水晶光电,21.16,21.68,20.22,21.68,22.2,-1.04,-4.6847,8.0484,29304803,616001805.04,8180146069.48,7704519990.0
1451,2014-09-11,sz002273,水晶光电,21.46,21.6,20.89,21.0,21.16,0.3,1.4178,6.1424,22364995,474972772.32,8296121675.38,7813752315.0
1452,2014-09-12,sz002273,水晶光电,21.25,21.7,20.9,21.3,21.46,-0.21,-0.9786,4.4063,16043819,340432823.85,8214938751.25,7737289687.5
1453,2014-09-15,sz002273,水晶光电,22.2,22.28,21.0,21.26,21.25,0.95,4.4706,6.4898,23629773,513096836.45,8582194836.6,8083192050.0
1454,2014-09-16,sz002273,水晶光电,21.0,22.47,21.0,22.06,22.2,-1.2,-5.4054,5.0123,18250226,398174977.9,8118292413.0,7646262750.0
1455,2014-09-17,sz002273,水晶光电,20.75,21.2,20.26,20.95,21.0,-0.25,-1.1905,3.6466,13277683,275113270.59,8021646074.75,7555235812.5
1456,2014-09-18,sz002273,水晶光电,20.85,21.02,20.56,20.7,20.75,0.1,0.4819,2.162,7872057,163596923.79,8060304610.05,7591646587.5
1457,2014-09-19,sz002273,水晶光电,20.97,21.12,20.78,20.85,20.85,0.12,0.5755,1.9606,7138817,149496992.5,8106694852.41,7635339517.5
1458,2014-09-22,sz002273,水晶光电,21.23,21.53,20.79,20.99,20.97,0.26,1.2399,3.2236,11737387,248260581.1,8207207044.19,7730007532.5
1459,2014-09-23,sz002273,水晶光电,21.34,21.46,21.06,21.23,21.23,0.11,0.5181,1.6856,6137373,130674531.91,8249731433.02,7770059385.0
1460,2014-09-24,sz002273,水晶光电,21.43,21.47,21.07,21.39,21.34,0.09,0.4217,2.8345,10320701,219656537.11,8284524114.79,7802829082.5
1461,2014-09-25,sz002273,水晶光电,20.92,21.59,20.83,21.55,21.43,-0.51,-2.3798,2.8335,10317090,218689924.54,8087365584.76,7617134130.0
1462,2014-09-26,sz002273,水晶光电,20.77,20.95,20.51,20.8,20.92,-0.15,-0.717,1.8571,6761952,140142281.27,8029377781.81,7562517967.5
1463,2014-09-29,sz002273,水晶光电,21.11,21.23,20.71,20.88,20.77,0.34,1.637,2.3314,8488918,177929119.57,8160816801.83,7686314602.5
1464,2014-09-30,sz002273,水晶光电,21.76,21.99,21.08,21.16,21.11,0.65,3.0791,4.1025,14937350,322056950.06,8412097281.28,7922984640.0
1465,2014-10-08,sz002273,水晶光电,20.96,21.1,20.49,21.1,21.76,-0.8,-3.6765,6.0119,21889968,455169687.01,8102828998.88,7631698440.0
1466,2014-10-09,sz002273,水晶光电,21.08,21.14,20.59,20.91,20.96,0.12,0.5725,3.7309,13584349,283716056.95,8149219241.24,7675391370.0
1467,2014-10-10,sz002273,水晶光电,20.75,21.01,20.71,21.01,21.08,-0.33,-1.5655,2.0056,7302391,152168024.15,8021646074.75,7555235812.5
1468,2014-10-13,sz002273,水晶光电,20.7,20.85,20.56,20.68,20.75,-0.05,-0.241,1.8877,6873124,141921511.99,8002316807.1,7537030425.0
1469,2014-10-14,sz002273,水晶光电,20.54,20.9,20.4,20.72,20.7,-0.16,-0.7729,2.2814,8306850,171339696.23,7940463150.62,7478773185.0
1470,2014-10-15,sz002273,水晶光电,20.47,20.65,20.31,20.59,20.54,-0.07,-0.3408,1.9686,7167840,146407418.92,7913402175.91,7453285642.5
1471,2014-10-16,sz002273,水晶光电,20.4,20.68,20.28,20.36,20.47,-0.07,-0.342,1.8273,6653221,136457677.68,7886341201.2,7427798100.0
1472,2014-10-17,sz002273,水晶光电,19.78,20.5,19.72,20.31,20.4,-0.62,-3.0392,2.3975,8729456,174517966.52,7646658282.34,7202051295.0
1473,2014-10-20,sz002273,水晶光电,20.14,20.19,19.67,19.75,19.78,0.36,1.82,1.7777,6472608,129011842.32,7785829009.42,7333130085.0
1474,2014-10-21,sz002273,水晶光电,0.0,0.0,0.0,0.0,20.14,,,0.0,0,0.0,7785829009.42,7333130085.0
1475,2014-10-22,sz002273,水晶光电,0.0,0.0,0.0,0.0,20.14,,,0.0,0,0.0,7785829009.42,7333130085.0
1476,2014-10-23,sz002273,水晶光电,0.0,0.0,0.0,0.0,20.14,,,0.0,0,0.0,7785829009.42,7333130085.0
1477,2014-10-24,sz002273,水晶光电,0.0,0.0,0.0,0.0,20.14,,,0.0,0,0.0,7785829009.42,7333130085.0
1478,2014-10-27,sz002273,水晶光电,0.0,0.0,0.0,0.0,20.14,,,0.0,0,0.0,7785829009.42,7333130085.0
1479,2014-10-28,sz002273,水晶光电,0.0,0.0,0.0,0.0,20.14,,,0.0,0,0.0,7785829009.42,7333130085.0
1480,2014-10-29,sz002273,水晶光电,0.0,0.0,0.0,0.0,20.14,,,0.0,0,0.0,7785829009.42,7333130085.0
1481,2014-10-30,sz002273,水晶光电,0.0,0.0,0.0,0.0,20.14,,,0.0,0,0.0,7785829009.42,7333130085.0
1482,2014-10-31,sz002273,水晶光电,0.0,0.0,0.0,0.0,20.14,,,0.0,0,0.0,7785829009.42,7333130085.0
1483,2014-11-03,sz002273,水晶光电,0.0,0.0,0.0,0.0,20.14,,,0.0,0,0.0,7785829009.42,7333130085.0
1484,2014-11-04,sz002273,水晶光电,0.0,0.0,0.0,0.0,20.14,,,0.0,0,0.0,7785829009.42,7333130085.0
1485,2014-11-05,sz002273,水晶光电,0.0,0.0,0.0,0.0,20.14,,,0.0,0,0.0,7785829009.42,7333130085.0
1486,2014-11-06,sz002273,水晶光电,0.0,0.0,0.0,0.0,20.14,,,0.0,0,0.0,7785829009.42,7333130085.0
1487,2014-11-07,sz002273,水晶光电,0.0,0.0,0.0,0.0,20.14,,,0.0,0,0.0,7727901334.42,7333130085.0
1488,2014-11-10,sz002273,水晶光电,0.0,0.0,0.0,0.0,20.14,,,0.0,0,0.0,7727901334.42,7333130085.0
1489,2014-11-11,sz002273,水晶光电,0.0,0.0,0.0,0.0,20.14,,,0.0,0,0.0,7727901334.42,7333130085.0
1490,2014-11-12,sz002273,水晶光电,0.0,0.0,0.0,0.0,20.14,,,0.0,0,0.0,7727901334.42,7333130085.0
1491,2014-11-13,sz002273,水晶光电,0.0,0.0,0.0,0.0,20.14,,,0.0,0,0.0,7727901334.42,7333130085.0
1492,2014-11-14,sz002273,水晶光电,0.0,0.0,0.0,0.0,20.14,,,0.0,0,0.0,7727901334.42,7333130085.0
1493,2014-11-17,sz002273,水晶光电,20.51,21.05,20.0,20.2,20.14,0.37,1.8371,4.5833,16688142,342813787.6,7869873702.53,7467849952.5
1494,2014-11-18,sz002273,水晶光电,19.67,20.48,19.51,20.48,20.51,-0.84,-4.0956,3.2079,11680228,230949040.79,7547558056.01,7161999442.5
1495,2014-11-19,sz002273,水晶光电,19.72,19.85,19.52,19.66,19.67,0.05,0.2542,1.3882,5054625,99536639.83,7566743511.16,7180204830.0
1496,2014-11-20,sz002273,水晶光电,19.23,19.72,19.22,19.72,19.72,-0.49,-2.4848,1.9621,7144178,138560442.42,7378726050.69,7001792032.5
1497,2014-11-21,sz002273,水晶光电,19.61,19.65,19.21,19.27,19.23,0.38,1.9761,1.6439,5985645,116588902.09,7524535509.83,7140152977.5
1498,2014-11-24,sz002273,水晶光电,19.71,19.83,19.45,19.7,19.61,0.1,0.5099,2.4714,8998541,176749348.27,7562906420.13,7176563752.5
1499,2014-11-25,sz002273,水晶光电,20.06,20.2,19.58,19.66,19.71,0.35,1.7757,2.3973,8728603,173632799.83,7697204606.18,7304001465.0
1500,2014-11-26,sz002273,水晶光电,20.2,20.55,19.95,20.06,20.06,0.14,0.6979,2.6766,9745544,197269766.43,7750923880.6,7354976550.0
1501,2014-11-27,sz002273,水晶光电,20.08,20.31,19.88,20.21,20.2,-0.12,-0.5941,2.7737,10099374,202256089.97,7704878788.24,7311283620.0
1502,2014-11-28,sz002273,水晶光电,20.15,20.46,20.0,20.4,20.08,0.07,0.3486,3.2301,11760994,237667061.31,7731738425.45,7336771162.5
1503,2014-12-01,sz002273,水晶光电,19.52,20.25,19.44,20.24,20.15,-0.63,-3.1266,2.8396,10339114,203447237.96,7490001690.56,7107383280.0
1504,2014-12-02,sz002273,水晶光电,19.68,19.85,19.52,19.52,19.52,0.16,0.8197,1.9954,7265337,143162208.81,7551395147.04,7165640520.0
1505,2014-12-03,sz002273,水晶光电,20.01,20.05,19.26,19.77,19.68,0.33,1.6768,3.5069,12768799,250104078.59,7678019151.03,7285796077.5
1506,2014-12-04,sz002273,水晶光电,20.2,20.38,19.9,19.99,20.01,0.19,0.9495,3.2352,11779449,238501082.9,7750923880.6,7354976550.0
1507,2014-12-05,sz002273,水晶光电,19.54,20.3,19.31,20.3,20.2,-0.66,-3.2673,3.0204,10997533,216446648.79,7497675872.62,7114665435.0
1508,2014-12-08,sz002273,水晶光电,19.42,19.85,19.37,19.65,19.54,-0.12,-0.6141,2.6108,9506027,185444808.46,7451630780.26,7070972505.0
1509,2014-12-09,sz002273,水晶光电,18.36,19.49,18.35,19.42,19.42,-1.06,-5.4583,3.898,14192893,267257345.65,7044899131.08,6685018290.0
1510,2014-12-10,sz002273,水晶光电,18.59,18.74,18.1,18.4,18.36,0.23,1.2527,3.5525,12934844,238203932.06,7133152224.77,6768763072.5
1511,2014-12-11,sz002273,水晶光电,18.68,18.78,18.3,18.4,18.59,0.09,0.4841,2.7534,10025405,186034002.93,7167686044.04,6801532770.0
1512,2014-12-12,sz002273,水晶光电,19.01,19.08,18.62,18.7,18.68,0.33,1.7666,2.3675,8620193,163155203.62,7294310048.03,6921688327.5
1513,2014-12-15,sz002273,水晶光电,19.28,19.34,18.91,19.05,19.01,0.27,1.4203,2.351,8560263,163890915.39,7397911505.84,7019997420.0
1514,2014-12-16,sz002273,水晶光电,18.92,19.33,18.88,19.29,19.28,-0.36,-1.8672,1.7862,6503638,123582710.64,7259776228.76,6888918630.0
1515,2014-12-17,sz002273,水晶光电,18.44,18.9,18.31,18.9,18.92,-0.48,-2.537,2.3553,8575849,158941977.2,7075595859.32,6714146910.0
1516,2014-12-18,sz002273,水晶光电,18.8,18.98,18.5,18.5,18.44,0.36,1.9523,2.4684,8987678,168410607.07,7213731136.4,6845225700.0
1517,2014-12-19,sz002273,水晶光电,18.37,18.89,18.27,18.89,18.8,-0.43,-2.2872,1.9849,7227270,133550333.98,7048736222.11,6688659367.5
1518,2014-12-22,sz002273,水晶光电,17.54,18.35,17.51,18.35,18.37,-0.83,-4.5182,2.2368,8144488,144170494.84,6730257666.62,6386449935.0
1519,2014-12-23,sz002273,水晶光电,17.39,17.9,17.3,17.68,17.54,-0.15,-0.8552,1.7934,6529848,114601276.59,6672701301.17,6331833772.5
1520,2014-12-24,sz002273,水晶光电,17.79,17.82,17.43,17.49,17.39,0.4,2.3002,1.463,5326763,93971303.89,6826184942.37,6477476872.5
1521,2014-12-25,sz002273,水晶光电,17.81,17.91,17.59,17.75,17.79,0.02,0.1124,1.3418,4885448,86755358.79,6833859124.43,6484759027.5
1522,2014-12-26,sz002273,水晶光电,17.85,17.98,17.67,17.76,17.81,0.04,0.2246,1.2436,4602717,82111069.6,6849207488.55,6606423337.5
1523,2014-12-29,sz002273,水晶光电,17.48,17.92,17.36,17.91,17.85,-0.37,-2.0728,1.5151,5607349,98018493.06,6707235120.44,6469483470.0
1524,2014-12-30,sz002273,水晶光电,16.98,17.55,16.94,17.48,17.48,-0.5,-2.8604,1.7158,6350458,109049172.07,6515380568.94,6284429595.0
1525,2014-12-31,sz002273,水晶光电,17.1,17.28,16.97,17.04,16.98,0.12,0.7067,1.595,5903351,100896775.79,6561425661.3,6328842525.0
1526,2015-01-05,sz002273,水晶光电,17.43,17.5,16.84,17.15,17.1,0.33,1.9298,2.1913,8110105,139060318.09,6688049665.29,6450978082.5
1527,2015-01-06,sz002273,水晶光电,18.05,18.22,17.21,17.45,17.43,0.62,3.5571,3.1601,11695874,208662692.58,6925949309.15,6680444887.5
1528,2015-01-07,sz002273,水晶光电,17.88,18.09,17.76,18.09,18.05,-0.17,-0.9418,1.5606,5775800,103450599.64,6860718761.64,6617526570.0
1529,2015-01-08,sz002273,水晶光电,18.62,18.92,17.9,18.0,17.88,0.74,4.1387,3.9014,14439459,266721226.06,7144663497.86,6891406305.0
1530,2015-01-09,sz002273,水晶光电,18.73,19.35,18.4,18.6,18.62,0.11,0.5908,4.6458,17194294,325747101.27,7186871499.19,6932118157.5
1531,2015-01-12,sz002273,水晶光电,18.56,18.87,18.46,18.73,18.73,-0.17,-0.9076,1.6536,6120126,114088961.22,7121640951.68,6869199840.0
1532,2015-01-13,sz002273,水晶光电,18.86,19.15,18.5,18.55,18.56,0.3,1.6164,1.9555,7237625,136050451.41,7236753682.58,6980232165.0
1533,2015-01-14,sz002273,水晶光电,18.35,18.97,18.2,18.86,18.86,-0.51,-2.7041,1.8057,6682915,123572405.07,7041062040.05,6791477212.5
1534,2015-01-15,sz002273,水晶光电,18.4,18.66,18.3,18.37,18.35,0.05,0.2725,1.1493,4253552,78518260.82,7060247495.2,6809982600.0
1535,2015-01-16,sz002273,水晶光电,18.47,18.6,18.32,18.43,18.4,0.07,0.3804,1.6178,5987504,110597264.0,7087107132.41,6835890142.5
1536,2015-01-19,sz002273,水晶光电,17.95,18.65,17.69,18.17,18.47,-0.52,-2.8154,2.1306,7885374,143637051.55,6887578398.85,6643434112.5
1537,2015-01-20,sz002273,水晶光电,18.56,18.59,17.94,18.01,17.95,0.61,3.3983,2.3866,8833173,161869169.59,7121640951.68,6869199840.0
1538,2015-01-21,sz002273,水晶光电,18.95,19.31,18.68,18.68,18.56,0.39,2.1013,3.2581,12058382,229218520.37,7271287501.85,7013541862.5
1539,2015-01-22,sz002273,水晶光电,20.14,20.2,19.07,19.07,18.95,1.19,6.2797,7.2555,26853189,529620811.71,7727901334.42,7453970085.0
1540,2015-01-23,sz002273,水晶光电,19.67,20.2,19.56,20.2,20.14,-0.47,-2.3337,4.2189,15614532,309158103.58,7547558056.01,7280019442.5
1541,2015-01-26,sz002273,水晶光电,20.0,20.3,19.71,19.87,19.67,0.33,1.6777,3.4605,12807598,256947503.66,7674182060.0,7402155000.0
1542,2015-01-27,sz002273,水晶光电,20.13,20.33,19.56,20.0,20.0,0.13,0.65,3.2338,11968560,239333281.06,7724064243.39,7450269007.5
1543,2015-01-28,sz002273,水晶光电,20.18,20.49,19.89,19.95,20.13,0.05,0.2484,3.4825,12889098,260850484.03,7743249698.54,7468774395.0
1544,2015-01-29,sz002273,水晶光电,19.71,20.2,19.7,19.95,20.18,-0.47,-2.329,2.3442,8675914,172541399.48,7562906420.13,7294823752.5
1545,2015-01-30,sz002273,水晶光电,19.7,19.95,19.62,19.79,19.71,-0.01,-0.0507,1.4436,5342994,105681041.73,7559069329.1,7291122675.0
1546,2015-02-02,sz002273,水晶光电,20.03,20.16,19.49,19.7,19.7,0.33,1.6751,2.1993,8139768,162090240.34,7685693333.09,7413258232.5
1547,2015-02-03,sz002273,水晶光电,20.68,20.98,19.9,20.0,20.03,0.65,3.2451,5.0552,18709734,386254972.98,7935104250.04,7653828270.0
1548,2015-02-04,sz002273,水晶光电,20.64,20.77,20.37,20.68,20.68,-0.04,-0.1934,2.1891,8102190,166671093.43,7919755885.92,7639023960.0
1549,2015-02-05,sz002273,水晶光电,20.38,20.81,20.3,20.8,20.64,-0.26,-1.2597,2.3992,8879515,182669889.78,7819991519.14,7542795945.0
1550,2015-02-06,sz002273,水晶光电,20.27,20.55,19.76,20.41,20.38,-0.11,-0.5397,2.8645,10601797,213753484.07,7777783517.81,7502084092.5
1551,2015-02-09,sz002273,水晶光电,20.02,20.55,19.95,20.05,20.27,-0.25,-1.2333,1.4844,5493976,110973430.52,7681856242.06,7409557155.0
1552,2015-02-10,sz002273,水晶光电,20.3,20.3,19.7,20.0,20.02,0.28,1.3986,1.2009,4444553,89150834.16,7789294790.9,7513187325.0
1553,2015-02-11,sz002273,水晶光电,20.75,20.9,20.34,20.34,20.3,0.45,2.2167,2.0608,7627158,157503991.58,7960718887.25,7679735812.5
1554,2015-02-12,sz002273,水晶光电,20.8,20.96,20.55,20.75,20.75,0.05,0.241,2.3399,8660131,180134992.29,7979901342.4,7698241200.0
1555,2015-02-13,sz002273,水晶光电,20.92,21.09,20.63,20.89,20.8,0.12,0.5769,2.5738,9525994,198445929.34,8025939234.76,7742654130.0
1556,2015-02-16,sz002273,水晶光电,21.32,21.51,20.94,20.94,20.92,0.4,1.912,2.8177,10428671,222306571.17,8179398875.96,7890697230.0
1557,2015-02-17,sz002273,水晶光电,21.26,21.6,21.14,21.4,21.32,-0.06,-0.2814,1.9465,7204069,153658177.86,8156379929.78,7868490765.0
1558,2015-02-25,sz002273,水晶光电,20.93,21.43,20.91,21.34,21.26,-0.33,-1.5522,1.9467,7205015,152494429.11,8029775725.79,7746355207.5
1559,2015-02-26,sz002273,水晶光电,21.11,21.2,20.78,20.88,20.93,0.18,0.86,2.0185,7470510,157096657.76,8098832564.33,7812974602.5
1560,2015-02-27,sz002273,水晶光电,21.22,21.45,21.01,21.05,21.11,0.11,0.5211,2.3721,8779475,186889219.31,8141033965.66,7853686455.0
1561,2015-03-02,sz002273,水晶光电,22.75,22.94,21.25,21.31,21.22,1.53,7.2102,6.37,23575980,523718098.44,8728017093.25,8419951312.5
1562,2015-03-03,sz002273,水晶光电,22.5,22.92,22.37,22.44,22.75,-0.25,-1.0989,2.8452,10530163,238155465.53,8632104817.5,8327424375.0
1563,2015-03-04,sz002273,水晶光电,23.3,23.61,22.7,22.7,22.5,0.8,3.5556,4.646,17195347,399461764.79,8939024099.9,8623510575.0
1564,2015-03-05,sz002273,水晶光电,23.69,23.86,23.0,23.3,23.3,0.39,1.6738,2.9986,11098115,259700406.86,9088647250.07,8767852597.5
1565,2015-03-06,sz002273,水晶光电,22.61,23.97,22.4,23.7,23.69,-1.08,-4.5589,3.2798,12138842,278228650.28,8674306218.83,8368136227.5
1566,2015-03-09,sz002273,水晶光电,24.87,24.87,22.12,22.5,22.61,2.26,9.9956,5.5078,20384628,493339482.35,9541353191.61,9204579742.5
1567,2015-03-10,sz002273,水晶光电,25.11,26.45,24.46,24.99,24.87,0.24,0.965,6.6718,24692996,626689060.21,9633428976.33,9293405602.5
1568,2015-03-11,sz002273,水晶光电,25.15,25.65,24.65,25.5,25.11,0.04,0.1593,3.536,13087160,329148308.67,9648774940.45,9308209912.5
1569,2015-03-12,sz002273,水晶光电,24.36,25.07,24.03,24.9,25.15,-0.79,-3.1412,2.7465,10165176,249436417.87,9345692149.08,9015824790.0
1570,2015-03-13,sz002273,水晶光电,24.48,24.8,24.0,24.37,24.36,0.12,0.4926,2.3474,8688044,211927421.8,9391730041.44,9060237720.0
1571,2015-03-16,sz002273,水晶光电,24.49,25.1,24.15,24.71,24.48,0.01,0.0408,4.6451,17191767,421602147.52,9395566532.47,9063938797.5
1572,2015-03-17,sz002273,水晶光电,25.41,26.16,24.3,24.5,24.49,0.92,3.7566,5.5241,20445222,517136999.5,9748523707.23,9404437927.5
1573,2015-03-18,sz002273,水晶光电,25.28,25.48,24.75,25.29,25.41,-0.13,-0.5116,3.6755,13603361,340330676.21,9698649323.84,9356323920.0
1574,2015-03-19,sz002273,水晶光电,24.78,25.16,24.46,25.15,25.28,-0.5,-1.9778,3.3311,12328627,304944092.2,9506824772.34,9171270045.0
1575,2015-03-20,sz002273,水晶光电,24.34,25.0,24.1,24.85,24.78,-0.44,-1.7756,3.7557,13900213,341691696.87,9338019167.02,9008422635.0
1576,2015-03-23,sz002273,水晶光电,25.44,25.5,24.25,24.25,24.34,1.1,4.5193,5.9299,21946924,547975398.8,9760033180.32,9415541160.0
1577,2015-03-24,sz002273,水晶光电,24.91,25.84,24.15,25.58,25.44,-0.53,-2.0833,5.1699,19134248,480860811.62,9556699155.73,9219384052.5
1578,2015-03-25,sz002273,水晶光电,25.65,26.0,24.3,24.88,24.91,0.74,2.9707,5.6447,20891435,525614283.78,9840599491.95,9493263787.5
1579,2015-03-26,sz002273,水晶光电,25.82,26.86,25.17,25.84,25.65,0.17,0.6628,6.302,23324060,608632482.65,9905819839.46,9556182105.0
1580,2015-03-27,sz002273,水晶光电,25.83,26.1,25.25,25.88,25.82,0.01,0.0387,3.1761,11754892,301656931.72,9909656330.49,9559883182.5
1581,2015-03-30,sz002273,水晶光电,26.02,26.48,25.55,25.8,25.83,0.19,0.7356,3.1992,11840413,307989301.98,9982549660.06,9630203655.0
1582,2015-03-31,sz002273,水晶光电,25.74,26.34,25.5,26.15,26.02,-0.28,-1.0761,3.2123,11888796,307570742.01,9875127911.22,9526573485.0
1583,2015-04-01,sz002273,水晶光电,25.98,26.16,25.28,25.67,25.74,0.24,0.9324,3.637,13460804,347635437.39,9967203695.94,9615399345.0
1584,2015-04-02,sz002273,水晶光电,27.0,27.7,25.96,26.24,25.98,1.02,3.9261,5.4752,20264096,545761402.95,10358525781.0,9992909250.0
1585,2015-04-03,sz002273,水晶光电,27.25,27.38,26.5,26.72,27.0,0.25,0.9259,4.3196,15987105,430790208.37,10454438056.8,10085436187.5
1586,2015-04-07,sz002273,水晶光电,27.5,28.25,27.26,27.35,27.25,0.25,0.9174,5.1111,18916572,521860804.65,10550350332.5,10177963125.0
1587,2015-04-08,sz002273,水晶光电,27.88,28.8,27.31,27.5,27.5,0.38,1.3818,5.4915,20324465,569177484.02,10696136991.6,10318604070.0
1588,2015-04-09,sz002273,水晶光电,26.3,28.4,25.73,28.15,27.88,-1.58,-5.6671,5.3422,19771752,530152976.89,10089971408.9,9733833825.0
1589,2015-04-10,sz002273,水晶光电,27.7,28.6,26.38,26.38,26.3,1.4,5.3232,4.502,16662310,461810670.26,10627080153.1,10251984675.0
1590,2015-04-13,sz002273,水晶光电,28.19,28.72,27.71,28.0,27.7,0.49,1.769,3.825,14156587,400236758.52,10815068213.6,10433337472.5
1591,2015-04-14,sz002273,水晶光电,27.29,28.26,27.18,28.19,28.19,-0.9,-3.1926,4.0863,15123582,415355173.55,10469784020.9,10100240497.5
1592,2015-04-15,sz002273,水晶光电,26.15,28.11,25.76,27.29,27.29,-1.14,-4.1774,3.9509,14622637,393195004.52,10032424043.5,9678317662.5
1593,2015-04-16,sz002273,水晶光电,26.05,26.68,25.33,26.16,26.15,-0.1,-0.3824,2.3924,8854409,230726454.05,9994059133.15,9641306887.5
1594,2015-04-17,sz002273,水晶光电,25.57,26.37,25.35,26.08,26.05,-0.48,-1.8426,4.2239,15632954,402108662.67,9809907563.71,9463655167.5
1595,2015-04-20,sz002273,水晶光电,24.83,25.6,24.5,25.6,25.57,-0.74,-2.894,2.9993,11100507,277272209.75,9526007227.49,9189775432.5
1596,2015-04-21,sz002273,水晶光电,25.95,26.21,24.72,24.83,24.83,1.12,4.5107,2.845,10529747,268545910.45,9955694222.85,9604296112.5
1597,2015-04-22,sz002273,水晶光电,26.47,26.94,25.9,25.92,25.95,0.52,2.0039,3.2288,11950135,316883620.22,10155191756.4,9796752142.5
1598,2015-04-23,sz002273,水晶光电,26.55,26.69,26.2,26.58,26.47,0.08,0.3022,2.912,10777373,284892572.44,10185883684.6,9826360762.5
1599,2015-04-24,sz002273,水晶光电,26.25,26.52,25.54,26.2,26.55,-0.3,-1.1299,2.792,10333231,269733934.31,10070788953.8,9715328437.5
1600,2015-04-27,sz002273,水晶光电,26.54,27.25,26.25,26.45,26.25,0.29,1.1048,2.8902,10696765,285102064.92,10182047193.6,9822659685.0
1601,2015-04-28,sz002273,水晶光电,25.43,26.56,25.0,26.56,26.54,-1.11,-4.1824,3.5857,13271094,340790787.51,9756196689.29,9411840082.5
1602,2015-04-29,sz002273,水晶光电,25.94,26.32,25.05,25.42,25.43,0.51,2.0055,2.7871,10315281,267369532.15,9951857731.82,9600595035.0
1603,2015-04-30,sz002273,水晶光电,25.79,26.27,25.65,26.16,25.79,0.0,0.0,2.932,10851384,281821250.82,9894310366.37,9545078872.5
1604,2015-05-04,sz002273,水晶光电,25.89,26.26,25.45,25.78,25.79,0.1,0.3877,2.2715,8406895,218325323.52,9932675276.67,9582089647.5
1605,2015-05-05,sz002273,水晶光电,28.48,28.48,25.96,25.96,25.89,2.59,10.0039,7.7119,28542160,797869070.53,10926326453.4,10540668720.0
1606,2015-05-06,sz002273,水晶光电,30.67,31.33,28.82,28.93,28.48,2.19,7.6896,15.1547,56088708,1715795035.54,11766517989.0,11351204692.5
1607,2015-05-07,sz002273,水晶光电,31.38,33.37,30.75,30.8,30.67,0.71,2.315,9.2746,34325883,1090898125.23,12038908852.1,11613981195.0
1608,2015-05-08,sz002273,水晶光电,34.52,34.52,30.5,31.0,31.38,3.14,10.0064,8.0132,29657375,970981278.81,13243567035.6,12776119530.0
1609,2015-05-11,sz002273,水晶光电,37.97,37.97,34.55,34.55,34.52,3.45,9.9942,8.9276,33041890,1210447919.85,14567156440.9,14052991267.5
1610,2015-05-12,sz002273,水晶光电,38.0,39.5,36.46,38.29,37.97,0.03,0.079,6.0007,22208880,843659033.62,14578665914.0,14064094500.0
1611,2015-05-13,sz002273,水晶光电,37.5,39.3,36.7,37.26,38.0,-0.5,-1.3158,5.2277,19348270,728442793.98,14386841362.5,13879040625.0
1612,2015-05-14,sz002273,水晶光电,37.41,39.05,37.0,37.11,37.5,-0.09,-0.24,4.1987,15539656,588538994.75,14352312943.2,13845730927.5
1613,2015-05-15,sz002273,水晶光电,35.4,36.92,34.5,36.92,37.41,-2.01,-5.3729,6.2527,23141749,824063396.99,13581178246.2,13101814350.0
1614,2015-05-18,sz002273,水晶光电,36.75,38.0,35.0,35.77,35.4,1.35,3.8136,5.2434,19406251,714487212.03,14099104535.2,13601459812.5
1615,2015-05-19,sz002273,水晶光电,36.49,37.53,35.86,36.5,36.75,-0.26,-0.7075,4.276,15825882,577726691.58,13999355768.5,13505231797.5
1616,2015-05-20,sz002273,水晶光电,39.49,40.14,36.58,36.58,36.49,3.0,8.2214,6.5769,24341579,954187559.75,15150303077.5,14615555047.5
1617,2015-05-21,sz002273,水晶光电,40.08,43.44,38.4,40.0,39.49,0.59,1.494,8.2653,30590462,1259406283.39,15376656048.2,14833918620.0
1618,2015-05-22,sz002273,水晶光电,39.34,40.76,38.13,40.21,40.08,-0.74,-1.8463,5.1317,18992926,744069355.93,15092755712.0,14560038885.0
1619,2015-05-25,sz002273,水晶光电,39.0,40.48,37.51,38.2,39.34,-0.34,-0.8643,4.8855,18081673,702781236.75,14962315017.0,14434202250.0
1620,2015-05-26,sz002273,水晶光电,41.2,42.25,38.9,39.12,39.0,2.2,5.641,4.7863,17714631,720971614.48,15806343043.6,15248439300.0
1621,2015-05-27,sz002273,水晶光电,40.58,41.19,39.3,41.04,41.2,-0.62,-1.5049,3.7131,13742643,554364185.52,15568480599.7,15018972495.0
1622,2015-05-28,sz002273,水晶光电,39.2,44.6,38.88,41.58,40.58,-1.38,-3.4007,5.8453,21633771,914663522.02,15039044837.6,14508223800.0
1623,2015-05-29,sz002273,水晶光电,43.12,43.12,39.3,39.3,39.2,3.92,10.0,5.8003,21467338,901363421.63,16542949321.4,15959046180.0
1624,2015-06-01,sz002273,水晶光电,47.43,47.43,46.03,46.43,43.12,4.31,9.9954,1.3509,4999870,234902693.21,18196476955.3,17554210582.5
1625,2015-06-02,sz002273,水晶光电,50.6,52.17,47.47,50.5,47.43,3.17,6.6835,10.9444,40506079,2040137376.58,19412644611.8,18727452150.0
1626,2015-06-03,sz002273,水晶光电,51.25,54.9,49.02,50.0,50.6,0.65,1.2846,7.4401,27536471,1419754355.33,19662016528.8,18968022187.5
1627,2015-06-04,sz002273,水晶光电,46.39,50.0,46.13,50.0,51.25,-4.86,-9.4829,6.7631,25030623,1183434204.29,17797481888.2,17169298522.5
1628,2015-06-05,sz002273,水晶光电,47.14,48.0,45.02,46.45,46.39,0.75,1.6167,5.5767,20639892,963538409.48,18085218715.4,17446879335.0
1629,2015-06-08,sz002273,水晶光电,44.74,47.8,42.99,47.5,47.14,-2.4,-5.0912,3.9144,14487486,651542545.78,17164460868.2,16558620735.0
1630,2015-06-09,sz002273,水晶光电,44.43,46.6,43.6,44.7,44.74,-0.31,-0.6929,2.7273,10093860,455366682.48,17045529646.3,16443887332.5
1631,2015-06-10,sz002273,水晶光电,46.99,48.05,43.86,44.56,44.43,2.56,5.7619,4.3267,16013586,740510786.67,18027671350.0,17391363172.5
1632,2015-06-11,sz002273,水晶光电,46.22,47.89,45.97,46.8,46.99,-0.77,-1.6386,2.7578,10206854,477747883.06,17732261540.7,17106380205.0
1633,2015-06-12,sz002273,水晶光电,45.82,47.51,45.21,46.22,46.22,-0.4,-0.8654,3.0024,11112272,513922882.95,17578801899.5,16958337105.0
1634,2015-06-15,sz002273,水晶光电,48.1,48.5,45.0,46.03,45.82,2.28,4.976,5.2393,19391147,915415905.67,18453521854.3,17802182775.0
1635,2015-06-16,sz002273,水晶光电,43.9,47.4,43.32,46.0,48.1,-4.2,-8.7318,3.5147,13008054,584575756.75,16842195621.7,16247730225.0
1636,2015-06-17,sz002273,水晶光电,43.8,44.53,41.0,43.9,43.9,-0.1,-0.2278,3.5957,13308011,570898414.95,16803830711.4,16210719450.0
1637,2015-06-18,sz002273,水晶光电,39.43,43.0,39.42,43.0,43.8,-4.37,-9.9772,3.1775,11760329,487431889.91,15127284131.3,14593348582.5
1638,2015-06-19,sz002273,水晶光电,36.1,41.0,35.68,38.47,39.43,-3.33,-8.4453,2.6835,9931759,382505769.93,13849732618.3,13360889775.0
1639,2015-06-23,sz002273,水晶光电,36.9,37.48,33.3,36.12,36.1,0.8,2.2161,2.7619,10221829,367217365.98,14156651900.7,13656975975.0
1640,2015-06-24,sz002273,水晶光电,37.2,37.86,35.9,37.29,36.9,0.3,0.813,3.3666,12459876,460706468.57,14271746631.6,13768008300.0
1641,2015-06-25,sz002273,水晶光电,37.23,39.58,36.3,37.3,37.2,0.03,0.0806,4.015,14859733,569772572.95,14283256104.7,13779111532.5
1642,2015-06-26,sz002273,水晶光电,33.51,35.5,33.51,35.49,37.23,-3.72,-9.9919,3.2386,11986467,406356123.91,12856081441.5,12402310702.5
1643,2015-06-29,sz002273,水晶光电,30.16,34.1,30.16,33.51,33.51,-3.35,-9.997,4.2645,15783318,483580160.46,11570856946.5,11162449740.0
1644,2015-06-30,sz002273,水晶光电,31.25,31.5,27.14,29.78,30.16,1.09,3.6141,5.2111,19286730,562895456.45,11989034468.8,11565867187.5
1645,2015-07-01,sz002273,水晶光电,28.13,32.86,28.13,30.19,31.25,-3.12,-9.984,5.0656,18748002,580927002.84,10792049267.4,10411131007.5
1646,2015-07-02,sz002273,水晶光电,25.32,28.02,25.32,27.98,28.13,-2.81,-9.9893,5.4096,20021377,515924014.0,9713995287.96,9371128230.0
1647,2015-07-03,sz002273,水晶光电,22.79,25.49,22.79,22.85,25.32,-2.53,-9.9921,6.3091,23350392,542355086.58,8690803619.87,8434755622.5
1648,2015-07-06,sz002273,水晶光电,20.51,24.98,20.51,24.8,22.79,-2.28,-10.0044,6.925,25630097,557617624.39,7821341915.03,7590909952.5
1649,2015-07-07,sz002273,水晶光电,18.46,19.58,18.46,18.78,20.51,-2.05,-9.9951,3.2409,11994921,222494802.07,7039589066.38,6832189065.0
1650,2015-07-08,sz002273,水晶光电,17.35,18.0,16.61,16.61,18.46,-1.11,-6.013,17.1386,63431321,1071386303.18,6616298499.55,6421369462.5
1651,2015-07-09,sz002273,水晶光电,19.09,19.09,16.67,16.7,17.35,1.74,10.0288,5.1283,18980150,352386137.67,7279835063.77,7065356947.5
1652,2015-07-10,sz002273,水晶光电,21.0,21.0,20.0,21.0,19.09,1.91,10.0052,1.2048,4594463,96215594.62,8008199913.0,8008199913.0
1653,2015-07-13,sz002273,水晶光电,23.1,23.1,23.1,23.1,21.0,2.1,10.0,0.5063,1930612,44597137.2,8809019904.3,8809019904.3
1654,2015-07-14,sz002273,水晶光电,25.41,25.41,24.4,25.41,23.1,2.31,10.0,4.6116,17586087,445607878.71,9689921894.73,9689921894.73
1655,2015-07-15,sz002273,水晶光电,22.87,25.5,22.87,25.5,25.41,-2.54,-9.9961,6.565,25035001,597980286.02,8721311048.11,8721311048.11
1656,2015-07-16,sz002273,水晶光电,24.12,24.66,21.01,22.87,22.87,1.25,5.4657,4.7884,18260199,427786767.47,9197989614.36,9197989614.36
1657,2015-07-17,sz002273,水晶光电,26.53,26.53,24.14,24.15,24.12,2.41,9.9917,5.129,19558941,500460904.35,10117025890.1,10117025890.1
1658,2015-07-20,sz002273,水晶光电,27.45,28.98,26.15,26.53,26.53,0.92,3.4678,5.5077,21003039,581110704.14,10467861314.9,10467861314.9
1659,2015-07-21,sz002273,水晶光电,28.86,29.05,26.19,26.76,27.45,1.41,5.1366,4.8178,18372300,512982283.62,11005554737.6,11005554737.6
1660,2015-07-22,sz002273,水晶光电,29.12,29.6,27.95,28.8,28.86,0.26,0.9009,4.8576,18524140,531235297.94,11104703879.4,11104703879.4
1661,2015-07-23,sz002273,水晶光电,29.41,29.98,28.46,29.12,29.12,0.29,0.9959,3.3769,12877607,377063183.16,11215293306.7,11215293306.7
1662,2015-07-24,sz002273,水晶光电,28.36,31.18,28.0,29.5,29.41,-1.05,-3.5702,4.5565,17375916,514934128.83,10814883311.1,10814883311.1
1663,2015-07-27,sz002273,水晶光电,25.52,28.34,25.52,27.31,28.36,-2.84,-10.0141,4.2369,16157254,432150469.21,9731869608.56,9731869608.56
1664,2015-07-28,sz002273,水晶光电,23.23,25.38,22.97,24.0,25.52,-2.29,-8.9734,5.8301,22232726,522832678.6,8858594475.19,8858594475.19
1665,2015-07-29,sz002273,水晶光电,25.3,25.42,22.0,23.8,23.23,2.07,8.9109,5.2739,20111695,472227402.38,9647974180.9,9647974180.9
1666,2015-07-30,sz002273,水晶光电,23.8,25.9,23.35,24.8,25.3,-1.5,-5.9289,4.0721,15528697,389072142.92,9075959901.4,9075959901.4
1667,2015-07-31,sz002273,水晶光电,22.2,23.8,21.68,23.32,23.8,-1.6,-6.7227,3.5066,13372088,306422657.62,8465811336.6,8465811336.6
1668,2015-08-03,sz002273,水晶光电,21.3,22.67,20.08,21.98,22.2,-0.9,-4.0541,3.2079,12233158,263820960.83,8122602768.9,8122602768.9
1669,2015-08-04,sz002273,水晶光电,23.43,23.43,21.6,21.6,21.3,2.13,10.0,2.5741,9816271,224051416.07,10229821104.7,8934863045.79
1670,2015-08-05,sz002273,水晶光电,24.46,25.5,23.44,25.18,23.43,1.03,4.3961,4.6799,17846407,441466314.16,10679531550.2,9327646184.38
1671,2015-08-06,sz002273,水晶光电,25.98,26.6,23.45,23.5,24.46,1.52,6.2142,4.188,15970744,407189794.94,11343181916.3,9907287320.94
1672,2015-08-07,sz002273,水晶光电,27.45,27.59,25.6,25.98,25.98,1.47,5.6582,4.6136,17593541,468491143.15,11985001678.4,10467861314.9
1673,2015-08-10,sz002273,水晶光电,29.51,29.92,27.0,27.4,27.45,2.06,7.5046,4.7308,18040549,512756671.25,12884422569.3,11253427592.0
1674,2015-08-11,sz002273,水晶光电,28.4,29.59,28.28,29.17,29.51,-1.11,-3.7614,3.7727,14386785,414600834.62,12399783157.2,10830137025.2
1675,2015-08-12,sz002273,水晶光电,26.94,28.59,26.85,28.2,28.4,-1.46,-5.1408,3.7067,14135213,391386140.44,11762329516.0,10273376459.8
1676,2015-08-13,sz002273,水晶光电,29.63,29.63,26.96,26.96,26.94,2.69,9.9852,5.0709,19337661,547817101.74,12936816019.3,11299188734.4
1677,2015-08-14,sz002273,水晶光电,30.38,30.67,28.85,30.01,29.63,0.75,2.5312,4.3662,16650347,495483952.55,13264275081.5,11585195874.1
1678,2015-08-17,sz002273,水晶光电,31.4,32.5,29.85,32.5,30.38,1.02,3.3575,7.3369,27978634,867972471.56,13709619406.2,11974165584.2
1679,2015-08-18,sz002273,水晶光电,28.26,32.2,28.26,32.0,31.4,-3.14,-10.0,5.9669,22754291,678612081.58,12338657465.6,10776749025.8
1680,2015-08-19,sz002273,水晶光电,28.39,28.98,25.43,26.05,28.26,0.13,0.46,5.5299,21087701,565586994.25,12395417036.4,10826323596.7
1681,2015-08-20,sz002273,水晶光电,26.98,28.37,26.35,27.7,28.39,-1.41,-4.9665,3.671,13999026,382070386.85,11779793999.3,10288630173.9
1682,2015-08-21,sz002273,水晶光电,24.28,26.42,24.28,26.2,26.98,-2.7,-10.0074,3.5026,13357086,337544109.42,10600941375.2,9259004470.84
1683,2015-08-24,sz002273,水晶光电,21.85,22.86,21.85,22.86,24.28,-2.43,-10.0082,2.2203,8466851,186177278.57,9539974013.55,8332341338.05
1684,2015-08-25,sz002273,水晶光电,19.67,20.6,19.67,19.67,21.85,-2.18,-9.9771,3.3393,12734326,251306128.02,8588159672.61,7501013918.51
1685,2015-08-26,sz002273,水晶光电,17.77,20.59,17.75,19.82,19.67,-1.9,-9.6594,5.1482,19632167,380770073.79,7758596714.91,6776462497.81
1686,2015-08-27,sz002273,水晶光电,19.55,19.55,17.68,18.25,17.77,1.78,10.0169,4.7778,18219906,338304458.87,8535766222.65,7455252776.15
1687,2015-08-28,sz002273,水晶光电,21.51,21.51,19.94,20.0,19.55,1.96,10.0256,5.1001,19448794,405066993.21,9391525905.33,8202684768.03
1688,2015-08-31,sz002273,水晶光电,20.18,21.7,20.01,21.66,21.51,-1.33,-6.1832,3.9434,15037743,311992027.27,8810831834.94,7695498773.54
1689,2015-09-01,sz002273,水晶光电,18.76,20.0,18.32,20.0,20.18,-1.42,-7.0367,3.8266,14592497,277740821.44,8190842677.08,7153991922.28
1690,2015-09-02,sz002273,水晶光电,19.8,20.64,17.51,17.81,18.76,1.04,5.5437,6.5939,25145381,500359443.1,8644919243.4,7550588489.4
1691,2015-09-07,sz002273,水晶光电,18.34,21.16,17.82,20.0,19.8,-1.46,-7.3737,11.226,42809635,820419661.97,8007465602.22,6993827924.02
1692,2015-09-08,sz002273,水晶光电,19.52,19.52,17.33,17.54,18.34,1.18,6.434,5.8491,22305187,407612807.65,8522667860.16,7443812490.56
1693,2015-09-09,sz002273,水晶光电,20.19,20.8,18.9,20.07,19.52,0.67,3.4324,10.6928,40776283,810644025.91,8815197955.77,7699312202.07
1694,2015-09-10,sz002273,水晶光电,20.05,21.03,19.34,19.61,20.19,-0.14,-0.6934,7.6804,29288718,592079283.46,8754072264.15,7645924202.65
1695,2015-09-11,sz002273,水晶光电,20.1,20.39,19.7,20.05,20.05,0.05,0.2494,4.0875,15587401,312587746.11,8775902868.3,7664991345.3
1696,2015-09-14,sz002273,水晶光电,18.09,20.37,18.09,20.28,20.1,-2.01,-10.0,5.2009,19833369,372122288.05,7898312581.47,6898492210.77
1697,2015-09-15,sz002273,水晶光电,16.38,18.48,16.28,17.48,18.09,-1.71,-9.4527,4.8637,18547229,313582947.58,7151705919.54,6246395932.14
1698,2015-09-16,sz002273,水晶光电,18.01,18.02,16.33,16.5,16.38,1.63,9.9512,4.6448,17712642,302903404.71,7863383614.83,6867984782.53
1699,2015-09-17,sz002273,水晶光电,17.45,18.59,17.2,17.8,18.01,-0.56,-3.1094,5.5273,21077889,377905488.78,7618880848.35,6654432784.85
1700,2015-09-18,sz002273,水晶光电,18.11,18.22,17.32,17.65,17.45,0.66,3.7822,4.1602,15864565,282599142.68,7907044823.13,6906119067.83
1701,2015-09-21,sz002273,水晶光电,18.85,18.99,17.51,17.81,18.11,0.74,4.0861,5.3303,20326806,373297103.6,8230137764.55,7188312779.05
1702,2015-09-22,sz002273,水晶光电,18.7,19.38,18.35,19.01,18.85,-0.15,-0.7958,5.14,19600846,368515025.23,8164645952.1,7131111351.1
1703,2015-09-23,sz002273,水晶光电,18.24,18.52,17.75,18.2,18.7,-0.46,-2.4599,5.1081,19479339,352677919.51,7963804393.92,6955693638.72
1704,2015-09-24,sz002273,水晶光电,19.1,19.29,17.9,18.1,18.24,0.86,4.7149,7.1988,27451981,513819696.73,8339290785.3,7283648492.3
1705,2015-09-25,sz002273,水晶光电,17.85,19.01,17.63,18.7,19.1,-1.25,-6.5445,4.4544,16986602,311512797.92,7793525681.55,6806969926.05
1706,2015-09-28,sz002273,水晶光电,18.41,18.47,17.64,17.98,17.85,0.56,3.1373,3.185,12145655,220892695.57,8038028448.03,7020521923.73
1707,2015-09-29,sz002273,水晶光电,17.97,18.34,17.81,18.0,18.41,-0.44,-2.39,2.9457,11233272,202676016.54,7845919131.51,6852731068.41
1708,2015-09-30,sz002273,水晶光电,17.99,18.35,17.77,18.15,17.97,0.02,0.1113,1.814,6917479,124858558.79,7854651373.17,6860357925.47
1709,2015-10-08,sz002273,水晶光电,19.1,19.38,18.52,18.79,17.99,1.11,6.1701,4.5947,17521450,333513687.76,8339290785.3,7283648492.3
1710,2015-10-09,sz002273,水晶光电,19.91,20.15,18.93,19.1,19.1,0.81,4.2408,3.8651,14739194,287144078.69,8692946572.53,7592536203.23
1711,2015-10-12,sz002273,水晶光电,21.0,21.58,20.05,20.08,19.91,1.09,5.4746,5.1733,19728058,414169633.92,9168853743.0,8008199913.0
1712,2015-10-13,sz002273,水晶光电,21.15,21.84,20.71,20.99,21.0,0.15,0.7143,4.939,18834636,401023551.65,9234345555.45,8065401340.95
1713,2015-10-14,sz002273,水晶光电,20.71,21.59,20.7,20.8,21.15,-0.44,-2.0804,3.7586,14333015,303401915.24,9042236238.93,7897610485.63
1714,2015-10-15,sz002273,水晶光电,21.54,21.67,20.58,20.58,20.71,0.83,4.0077,4.2825,16330952,348172804.45,9404624267.82,8214125053.62
1715,2015-10-16,sz002273,水晶光电,21.86,22.26,21.1,21.8,21.54,0.32,1.4856,4.3437,16564208,359145836.14,9544340134.38,8336154766.58
1716,2015-10-19,sz002273,水晶光电,22.43,23.1,21.67,22.15,21.86,0.57,2.6075,6.6008,25171731,566691657.65,9793209021.69,8553520192.79
1717,2015-10-20,sz002273,水晶光电,23.02,23.76,22.52,22.61,22.43,0.59,2.6304,4.929,18796372,433151319.2,10050810150.7,8778512476.06
1718,2015-10-21,sz002273,水晶光电,20.72,22.98,20.72,22.98,23.02,-2.3,-9.9913,6.3642,24269391,529219388.32,9046602359.76,7901423914.16
1719,2015-10-22,sz002273,水晶光电,21.51,21.6,20.5,20.7,20.72,0.79,3.8127,3.5365,13486201,284225492.76,9391525905.33,8202684768.03
1720,2015-10-23,sz002273,水晶光电,22.32,22.55,21.24,21.51,21.51,0.81,3.7657,3.9057,14893964,325771722.87,9745181692.56,8511572478.96
1721,2015-10-26,sz002273,水晶光电,22.35,23.15,22.0,22.8,22.32,0.03,0.1344,4.8373,18446713,416144254.28,9758280055.05,8523012764.55
1722,2015-10-27,sz002273,水晶光电,22.07,22.28,20.83,22.28,22.35,-0.28,-1.2528,4.3223,16482865,356065440.11,9636028671.81,8416236765.71
1723,2015-10-28,sz002273,水晶光电,22.29,23.25,21.81,21.95,22.07,0.22,0.9968,5.8774,22413051,508893432.03,9732083330.07,8500132193.37
1724,2015-10-29,sz002273,水晶光电,24.02,24.5,22.11,22.52,22.29,1.73,7.7613,7.055,26903880,631241351.8,10487422233.7,9159855329.06
1725,2015-10-30,sz002273,水晶光电,23.42,24.19,22.89,23.5,24.02,-0.6,-2.4979,5.3133,20262017,477653283.66,10225454983.9,8931049617.26
1726,2015-11-02,sz002273,水晶光电,22.5,24.05,22.28,22.6,23.42,-0.92,-3.9283,4.1801,15940334,367098580.25,9823771867.5,8580214192.5
1727,2015-11-03,sz002273,水晶光电,22.2,22.79,21.71,22.58,22.5,-0.3,-1.3333,2.9349,11192004,248246548.98,9692788242.6,8465811336.6
1728,2015-11-04,sz002273,水晶光电,23.68,23.98,22.2,22.3,22.2,1.48,6.6667,4.966,18937395,440395505.43,10338974125.4,9030198759.04
1729,2015-11-05,sz002273,水晶光电,23.59,24.16,23.16,23.68,23.68,-0.09,-0.3801,4.8043,18320911,432867536.29,10299679038.0,8995877902.27
1730,2015-11-06,sz002273,水晶光电,24.5,24.65,23.72,23.84,23.59,0.91,3.8576,5.4111,20634782,500663169.24,10696996033.5,9342899898.5
1731,2015-11-09,sz002273,水晶光电,25.06,25.18,23.8,24.19,24.5,0.56,2.2857,4.6759,17831349,438201956.55,10941498800.0,9556451896.18
1732,2015-11-10,sz002273,水晶光电,27.57,27.57,24.99,25.01,25.06,2.51,10.016,3.1567,12037819,324363850.86,12037395128.3,10513622457.2
1733,2015-11-11,sz002273,水晶光电,30.33,30.33,30.33,30.33,27.57,2.76,10.0109,1.073,4091909,124107599.97,13242444477.4,11566128731.5
1734,2015-11-12,sz002273,水晶光电,32.2,33.36,30.73,33.36,30.33,1.87,6.1655,21.4839,81927253,2650881447.79,14058909072.6,12279239866.6
1735,2015-11-13,sz002273,水晶光电,29.68,31.79,29.01,31.79,32.2,-2.52,-7.8261,11.4627,43712103,1327350498.97,12958646623.4,11318255877.0
1736,2015-11-16,sz002273,水晶光电,31.5,32.6,28.91,29.0,29.68,1.82,6.1321,11.1104,42368674,1321080901.94,13753280614.5,12012299869.5
1737,2015-11-17,sz002273,水晶光电,30.0,34.01,29.88,32.25,31.5,-1.5,-4.7619,11.5432,44019226,1415363066.47,13098362490.0,11440285590.0
1738,2015-11-18,sz002273,水晶光电,32.06,33.0,29.62,29.65,30.0,2.06,6.8667,13.8288,52735242,1688756943.16,13997783381.0,12225851867.2
1739,2015-11-19,sz002273,水晶光电,35.27,35.27,33.03,33.03,32.06,3.21,10.0125,7.53,28714954,1003029125.03,15399308167.4,13449962425.3
1740,2015-11-20,sz002273,水晶光电,38.8,38.8,37.5,38.8,35.27,3.53,10.0085,21.5998,82369185,3177513027.95,16940548820.4,14796102696.4
1741,2015-11-23,sz002273,水晶光电,39.92,40.74,37.0,38.0,38.8,1.12,2.8866,22.9661,87579426,3409877644.29,17429554353.4,15223206691.8
1742,2015-11-24,sz002273,水晶光电,38.36,39.2,37.28,38.99,39.92,-1.56,-3.9078,12.0904,46105843,1756870232.8,16748439503.9,14628311841.1
1743,2015-11-25,sz002273,水晶光电,38.75,41.1,37.71,38.01,38.36,0.39,1.0167,15.6479,59672101,2338021847.63,16918718216.2,14777035553.8
1744,2015-11-26,sz002273,水晶光电,36.4,38.2,36.08,38.18,38.75,-2.35,-6.0645,13.2837,50656459,1875539165.9,15892679821.2,13880879849.2
1745,2015-11-27,sz002273,水晶光电,34.5,37.69,33.18,36.29,36.4,-1.9,-5.2198,12.7111,48472887,1762613782.24,15063116863.5,13156328428.5
1746,2015-11-30,sz002273,水晶光电,35.88,36.42,33.5,35.4,34.5,1.38,4.0,11.2365,42849413,1511463840.22,15665641538.0,13682581565.6
1747,2015-12-01,sz002273,水晶光电,34.28,35.29,32.72,35.06,35.88,-1.6,-4.4593,10.7355,40939200,1385134296.42,14967062205.2,13072433000.8
1748,2015-12-02,sz002273,水晶光电,33.9,34.88,31.98,34.45,34.28,-0.38,-1.1085,8.3624,31889545,1075001273.19,14801149613.7,12927522716.7
1749,2015-12-03,sz002273,水晶光电,35.09,35.87,34.08,34.39,33.9,1.19,3.5103,8.6774,33090536,1158273274.16,15320717992.5,13381320711.8
1750,2015-12-04,sz002273,水晶光电,35.43,36.78,34.14,34.58,35.09,0.34,0.9689,11.9454,45552874,1611487816.11,15469166100.7,13510977281.8
1751,2015-12-07,sz002273,水晶光电,37.7,38.49,35.08,36.0,35.43,2.27,6.407,12.428,47393189,1745539095.86,16460275529.1,14376625558.1
1752,2015-12-08,sz002273,水晶光电,36.91,38.2,36.38,37.0,37.7,-0.79,-2.0955,9.1355,34837700,1298784717.19,16115351983.5,14075364704.2
1753,2015-12-09,sz002273,水晶光电,35.1,37.07,34.81,36.6,36.91,-1.81,-4.9038,6.9399,26464951,945815521.72,15325084113.3,13385134140.3
1754,2015-12-10,sz002273,水晶光电,34.64,36.3,34.6,35.13,35.1,-0.46,-1.3105,6.2563,23858014,844839041.48,15124242555.1,13209716427.9
1755,2015-12-11,sz002273,水晶光电,34.16,35.09,34.0,34.9,34.64,-0.48,-1.3857,4.438,16924008,582837933.87,14914668755.3,13026671858.5
1756,2015-12-14,sz002273,水晶光电,34.9,34.9,33.71,34.08,34.16,0.74,2.1663,4.2994,16395462,563687922.16,15237761696.7,13308865569.7
1757,2015-12-15,sz002273,水晶光电,36.1,36.79,34.55,34.7,34.9,1.2,3.4384,5.7788,22037036,791364733.57,15761696196.3,13766476993.3
1758,2015-12-16,sz002273,水晶光电,38.06,39.71,36.77,36.77,36.1,1.96,5.4294,14.0208,53467268,2062912551.87,16617455879.0,14513908985.2
1759,2015-12-17,sz002273,水晶光电,38.65,39.35,37.3,37.6,38.06,0.59,1.5502,11.6244,44328765,1694865945.56,16875057008.0,14738901268.5
1760,2015-12-18,sz002273,水晶光电,37.79,39.65,37.61,38.13,38.65,-0.86,-2.2251,7.7913,29711591,1145759955.21,16499570616.6,14410946414.9
1761,2015-12-21,sz002273,水晶光电,36.77,37.6,36.35,37.2,37.79,-1.02,-2.6991,5.8691,22381459,822644364.8,16054226291.9,14021976704.8
1762,2015-12-22,sz002273,水晶光电,37.44,37.7,36.43,37.29,36.77,0.67,1.8221,5.0209,19146854,710081593.55,16346756387.5,14277476416.3
1763,2015-12-23,sz002273,水晶光电,36.0,37.4,35.73,37.4,37.44,-1.44,-3.8462,5.0343,19197766,699009907.1,15718034988.0,13728342708.0
1764,2015-12-24,sz002273,水晶光电,36.87,36.87,35.34,35.87,36.0,0.87,2.4167,4.9297,18799229,680708121.32,16097887500.2,14060110990.1
1765,2015-12-25,sz002273,水晶光电,38.37,39.2,36.51,36.97,36.87,1.5,4.0683,7.9993,30504905,1168495401.18,16752805624.7,14632125269.6
1766,2015-12-28,sz002273,水晶光电,38.3,41.4,38.2,38.88,38.37,-0.07,-0.1824,11.2002,42710975,1691719095.34,16722242778.9,14605431269.9
1767,2015-12-29,sz002273,水晶光电,40.51,41.29,37.88,38.7,38.3,2.21,5.7702,12.0431,45925443,1833270836.91,17687155482.3,15448198975.0
1768,2015-12-30,sz002273,水晶光电,43.8,44.56,39.51,40.43,40.51,3.29,8.1215,15.3928,58699414,2482581172.32,19123609235.4,16702816961.4
1769,2015-12-31,sz002273,水晶光电,40.6,43.15,40.6,42.8,43.8,-3.2,-7.3059,9.3059,35487329,1492307685.34,17726450569.8,15482519831.8
1770,2016-01-04,sz002273,水晶光电,36.54,41.58,36.54,40.5,40.6,-4.06,-10.0,7.0169,26758306,1025446670.27,15953805512.8,13934267848.6
1771,2016-01-05,sz002273,水晶光电,34.85,36.8,32.89,33.1,36.54,-1.69,-4.6251,9.8788,37671954,1303854179.3,15215931092.5,13289798427.0
1772,2016-01-06,sz002273,水晶光电,34.95,35.68,33.0,35.14,34.85,0.1,0.2869,8.494,32391364,1114790476.25,15259592300.9,13327932712.4
1773,2016-01-07,sz002273,水晶光电,31.46,33.79,31.46,33.51,34.95,-3.49,-9.9857,2.0176,7693901,247896339.31,13735816131.2,11997046155.4
1774,2016-01-08,sz002273,水晶光电,29.69,32.02,28.48,31.46,31.46,-1.77,-5.6262,8.022,30591173,929521301.6,12963012744.3,11322069305.6
1775,2016-01-11,sz002273,水晶光电,26.72,28.6,26.72,28.51,29.69,-2.97,-10.0034,7.1709,27345855,755231244.19,11666274857.8,10189481032.2
1776,2016-01-12,sz002273,水晶光电,27.78,28.75,26.09,26.6,26.72,1.06,3.9671,8.1617,31123957,859155152.36,12129083665.7,10593704456.3
1777,2016-01-13,sz002273,水晶光电,27.04,28.85,26.3,28.0,27.78,-0.74,-2.6638,7.6706,29251263,821565111.06,11805990724.3,10311510745.1
1778,2016-01-14,sz002273,水晶光电,29.74,29.74,25.31,25.38,27.04,2.7,9.9852,7.7945,29723947,836770168.93,12984843348.4,11341136448.2
1779,2016-01-15,sz002273,水晶光电,28.93,30.65,28.62,29.14,29.74,-0.81,-2.7236,8.0677,30765483,911821045.99,12631187561.2,11032248737.3
1780,2016-01-18,sz002273,水晶光电,30.5,31.15,27.81,27.9,28.93,1.57,5.4269,7.8271,29848023,898853422.6,13316668531.5,11630957016.5
1781,2016-01-19,sz002273,水晶光电,31.58,31.58,29.65,30.12,30.5,1.08,3.541,7.261,27689424,846783780.73,13788209581.1,12042807297.7
1782,2016-01-20,sz002273,水晶光电,32.55,33.9,31.0,31.5,31.58,0.97,3.0716,9.7436,37156353,1212580552.22,14211723301.6,12412709865.1
1783,2016-01-21,sz002273,水晶光电,29.3,32.77,29.3,31.75,32.55,-3.25,-9.9846,6.6547,25377041,798443590.45,12792734031.9,11173345592.9
1784,2016-01-22,sz002273,水晶光电,32.23,32.23,30.0,30.5,29.3,2.93,10.0,8.6102,32834231,1027851672.42,14072007435.1,12290680152.2
1785,2016-01-25,sz002273,水晶光电,33.45,34.36,32.2,33.05,32.23,1.22,3.7853,10.4271,39762816,1330013375.58,14604674176.4,12755918432.9
1786,2016-01-26,sz002273,水晶光电,31.6,33.17,30.26,32.5,33.45,-1.85,-5.5306,8.2386,31417500,1001934777.58,13796941822.8,12050434154.8
1787,2016-01-27,sz002273,水晶光电,33.15,33.54,29.49,32.04,31.6,1.55,4.9051,9.5126,36275641,1138022393.57,14473690551.5,12641515577.0
1788,2016-01-28,sz002273,水晶光电,29.84,32.3,29.84,32.0,33.15,-3.31,-9.9849,7.8758,30033720,923637181.66,13028504556.7,11379270733.5
1789,2016-01-29,sz002273,水晶光电,29.94,31.0,27.13,28.9,29.84,0.1,0.3351,8.5943,32773754,957573688.86,13072165765.0,11417405018.8
1790,2016-02-01,sz002273,水晶光电,30.35,31.4,29.35,29.9,29.94,0.41,1.3694,6.5006,24789541,757307956.16,13251176719.0,11573755588.5
1791,2016-02-02,sz002273,水晶光电,31.5,32.4,30.06,30.77,30.35,1.15,3.7891,7.1473,27255586,854998186.29,13753280614.5,12012299869.5
1792,2016-02-03,sz002273,水晶光电,30.85,31.28,29.68,30.8,31.5,-0.65,-2.0635,5.8178,22185799,678547520.57,13469482760.5,11764427015.0
1793,2016-02-04,sz002273,水晶光电,32.25,33.5,30.9,31.4,30.85,1.4,4.5381,7.5665,28854244,919702848.71,14080739676.8,12298307009.2
1794,2016-02-05,sz002273,水晶光电,31.01,32.62,30.78,32.62,32.25,-1.24,-3.845,5.5966,21342365,672334360.68,13539340693.8,11825441871.5
1795,2016-02-15,sz002273,水晶光电,34.11,34.11,29.51,30.15,31.01,3.1,9.9968,12.2868,46854944,1552829264.67,14892838151.1,13007604715.8
1796,2016-02-16,sz002273,水晶光电,36.14,36.92,34.3,34.66,34.11,2.03,5.9513,13.3079,50748886,1800696060.12,15779160679.6,13781730707.4
1797,2016-02-17,sz002273,水晶光电,37.9,38.86,35.5,35.79,36.14,1.76,4.87,12.8544,49019355,1808902024.34,16547597945.7,14452894128.7
1798,2016-02-18,sz002273,水晶光电,37.1,38.08,36.61,37.39,37.9,-0.8,-2.1108,10.9761,41856495,1556871756.97,16198308279.3,14147819846.3
1799,2016-02-19,sz002273,水晶光电,37.43,38.86,36.68,36.7,37.1,0.33,0.8895,10.8275,41289850,1566312758.72,16342390266.7,14273662987.8
1800,2016-02-22,sz002273,水晶光电,39.04,39.87,37.36,37.93,37.43,1.61,4.3014,10.1543,38722743,1483211762.52,17045335720.3,14887624981.1
1801,2016-02-23,sz002273,水晶光电,38.05,38.62,37.68,38.36,39.04,-0.99,-2.5359,8.6176,32862458,1252282930.1,16613089758.1,14510095556.6
1802,2016-02-24,sz002273,水晶光电,37.08,38.4,36.0,37.51,38.05,-0.97,-2.5493,9.0975,34692700,1284261288.81,16189576037.6,14140192989.2
1803,2016-02-25,sz002273,水晶光电,33.51,37.57,33.37,37.0,37.08,-3.57,-9.6278,10.6796,40725804,1441050881.13,14630870901.3,12778799004.0
1804,2016-02-26,sz002273,水晶光电,34.3,35.4,33.7,34.1,33.51,0.79,2.3575,9.025,34416207,1190867519.09,14975794446.9,13080059857.9
1805,2016-02-29,sz002273,水晶光电,30.87,33.66,30.87,33.5,34.3,-3.43,-10.0,2.937,11199969,352037366.63,13478215002.2,11772053872.1
1806,2016-03-01,sz002273,水晶光电,31.65,32.8,28.0,29.17,30.87,0.78,2.5267,10.2531,39099596,1176719682.28,13818772427.0,12069501297.5
1807,2016-03-02,sz002273,水晶光电,32.68,33.32,31.0,31.1,31.65,1.03,3.2543,8.1376,31032219,999902069.34,14268482872.4,12462284436.0
1808,2016-03-03,sz002273,水晶光电,32.13,33.98,31.7,31.7,32.68,-0.55,-1.683,11.9576,45599359,1490092519.62,14028346226.8,12252545866.9
1809,2016-03-04,sz002273,水晶光电,28.92,32.12,28.92,31.76,32.13,-3.21,-9.9907,11.1568,42545592,1277912242.96,12626821440.4,11028435308.8
1810,2016-03-07,sz002273,水晶光电,29.04,30.4,28.96,29.4,28.92,0.12,0.4149,6.323,24112182,714539213.25,12679214890.3,11074196451.1
1811,2016-03-08,sz002273,水晶光电,28.77,29.25,26.41,29.0,29.04,-0.27,-0.9298,7.3252,27934096,780918452.99,12561329627.9,10971233880.8
1812,2016-03-09,sz002273,水晶光电,29.93,31.65,28.0,28.64,28.77,1.16,4.032,10.7156,40863156,1242986862.54,13067799644.2,11413591590.3
1813,2016-03-10,sz002273,水晶光电,28.81,30.34,28.4,30.02,29.93,-1.12,-3.7421,7.3149,27894843,814167915.05,12578794111.2,10986487594.9
1814,2016-03-11,sz002273,水晶光电,28.84,29.28,27.63,28.01,28.81,0.03,0.1041,5.0401,19220199,551852635.4,12591892473.7,10997927880.5
1815,2016-03-14,sz002273,水晶光电,30.43,31.18,29.12,29.48,28.84,1.59,5.5132,8.5472,32593961,990176995.17,13286105685.7,11604263016.8
1816,2016-03-15,sz002273,水晶光电,30.51,31.24,30.2,30.68,30.43,0.08,0.2629,7.8517,29941956,920158317.16,13321034652.3,11634770445.0
1817,2016-03-16,sz002273,水晶光电,29.65,30.97,29.0,30.97,30.51,-0.86,-2.8187,6.8368,26071619,781905370.3,12945548261.0,11306815591.5
1818,2016-03-17,sz002273,水晶光电,32.16,32.3,29.72,29.79,29.65,2.51,8.4654,11.7392,44766678,1396568475.6,14041444589.3,12263986152.5
1819,2016-03-18,sz002273,水晶光电,33.46,34.5,32.0,32.17,32.16,1.3,4.0423,11.2265,42811300,1422907345.18,14609040297.2,12759731861.4
1820,2016-03-21,sz002273,水晶光电,34.42,35.19,33.59,34.46,33.46,0.96,2.8691,10.3228,39365209,1351878196.87,15028187896.9,13125821000.3
1821,2016-03-22,sz002273,水晶光电,34.2,35.58,33.82,34.01,34.42,-0.22,-0.6392,9.2094,35119504,1223296786.09,14932133238.6,13041925572.6
1822,2016-03-23,sz002273,水晶光电,34.71,34.88,33.69,34.2,34.2,0.51,1.4912,8.1177,30956298,1064114947.43,15154805400.9,13236410427.6
1823,2016-03-24,sz002273,水晶光电,34.03,35.78,33.8,34.71,34.71,-0.68,-1.9591,10.0883,38471095,1336764828.43,14857909184.5,12977097287.6
1824,2016-03-25,sz002273,水晶光电,34.25,34.72,33.33,34.03,34.03,0.22,0.6465,7.3489,28024615,955769259.23,14953963842.8,13060992715.2
1825,2016-03-28,sz002273,水晶光电,33.68,35.18,33.38,34.68,34.25,-0.57,-1.6642,7.3182,27907622,960418929.29,14705094955.4,12843627289.0
1826,2016-03-29,sz002273,水晶光电,34.98,35.7,33.5,33.82,33.68,1.3,3.8599,13.5922,51832786,1805067778.15,15272690663.3,13339372997.9
1827,2016-03-30,sz002273,水晶光电,36.54,36.63,35.07,35.84,34.98,1.56,4.4597,14.0442,53556703,1919021502.64,15953805512.8,13934267848.6
1828,2016-03-31,sz002273,水晶光电,35.89,36.28,35.57,36.0,36.54,-0.65,-1.7789,9.7315,37110395,1331398988.94,15670007658.9,13686394994.2
1829,2016-04-01,sz002273,水晶光电,34.32,35.67,33.01,35.32,35.89,-1.57,-4.3745,8.5514,32610283,1117881578.17,14984526688.6,13087686715.0
1830,2016-04-05,sz002273,水晶光电,35.69,35.93,33.88,34.8,34.32,1.37,3.9918,7.7829,29679388,1037047025.95,15582685242.3,13610126423.6
1831,2016-04-06,sz002273,水晶光电,35.53,36.23,35.17,35.3,35.69,-0.16,-0.4483,6.81,25969530,926011235.39,15512827309.0,13549111567.1
1832,2016-04-07,sz002273,水晶光电,34.0,35.87,33.92,35.87,35.53,-1.53,-4.3062,7.2813,27766807,958611133.14,14844810822.0,12965657002.0
1833,2016-04-08,sz002273,水晶光电,33.0,34.35,32.32,34.1,34.0,-1.0,-2.9412,6.4061,24429014,818945469.65,14408198739.0,12584314149.0
1834,2016-04-11,sz002273,水晶光电,33.42,34.28,33.2,33.66,33.0,0.42,1.2727,6.1138,23314379,787115779.29,14591575813.9,12744478147.3
1835,2016-04-12,sz002273,水晶光电,33.65,33.65,32.58,33.18,33.42,0.23,0.6882,4.6232,17630383,583044637.41,14691996593.0,12832187003.5
1836,2016-04-13,sz002273,水晶光电,35.83,36.9,34.0,34.0,33.65,2.18,6.4785,14.4318,55034753,1962042165.6,15643810933.9,13663514423.0
1837,2016-04-14,sz002273,水晶光电,36.18,36.2,35.32,35.99,35.83,0.35,0.9768,9.3018,35471882,1269889093.8,15796625162.9,13796984421.5
1838,2016-04-15,sz002273,水晶光电,35.55,36.0,34.96,36.0,36.18,-0.63,-1.7413,6.2024,23652276,840043220.71,15521559550.6,13556738424.1
1839,2016-04-18,sz002273,水晶光电,34.53,35.3,34.1,35.3,35.55,-1.02,-2.8692,5.5477,21155683,730156369.12,15076215226.0,13167768714.1
1840,2016-04-19,sz002273,水晶光电,34.94,35.49,34.34,34.95,34.53,0.41,1.1874,5.8688,22380073,782270152.05,15255226180.0,13324119283.8
1841,2016-04-20,sz002273,水晶光电,31.99,35.15,31.49,35.08,34.94,-2.95,-8.443,9.3318,35586098,1172287138.85,13967220535.2,12199157867.5
1842,2016-04-21,sz002273,水晶光电,30.75,32.3,30.58,32.01,31.99,-1.24,-3.8762,4.8833,18622045,588490444.91,13425821552.2,11726292729.8
1843,2016-04-22,sz002273,水晶光电,31.31,31.49,30.21,30.5,30.75,0.56,1.8211,3.7117,14154306,440498581.04,13670324318.7,11939844727.4
1844,2016-04-25,sz002273,水晶光电,30.41,31.44,29.88,31.33,31.31,-0.9,-2.8745,3.5009,13350447,407569792.95,13277373444.0,11596636159.7
1845,2016-04-26,sz002273,水晶光电,31.1,31.15,30.45,30.45,30.41,0.69,2.269,3.5709,13617441,420155452.45,13578635781.3,11859762728.3
1846,2016-04-27,sz002273,水晶光电,30.6,31.5,30.59,31.5,31.1,-0.5,-1.6077,3.9463,15048886,467451911.05,13360329739.8,11669091301.8
1847,2016-04-28,sz002273,水晶光电,30.77,30.8,29.58,30.66,30.6,0.17,0.5556,3.866,14742751,446937623.72,13434553793.9,11733919586.8
1848,2016-04-29,sz002273,水晶光电,30.73,30.95,30.31,30.6,30.77,-0.04,-0.13,2.8381,10823054,331915572.9,13417089310.6,11718665872.7
1849,2016-05-03,sz002273,水晶光电,32.14,32.19,30.37,30.89,30.73,1.41,4.5884,5.1162,19510261,615612648.16,14032712347.6,12256359295.4
1850,2016-05-04,sz002273,水晶光电,32.91,33.27,31.8,32.0,32.14,0.77,2.3958,6.6681,25428274,832626663.23,14368903651.5,12549993292.2
1851,2016-05-05,sz002273,水晶光电,32.96,33.15,32.4,32.98,32.91,0.05,0.1519,4.5664,17413613,572320595.22,14390734255.7,12569060434.9
1852,2016-05-06,sz002273,水晶光电,31.26,33.39,31.05,33.11,32.96,-1.7,-5.1578,5.9144,22554119,723772961.4,13648493714.6,11920777584.8
1853,2016-05-09,sz002273,水晶光电,31.33,31.94,30.32,31.3,31.26,0.07,0.2239,4.8635,18546645,579866394.12,13679056560.4,11947471584.5
1854,2016-05-10,sz002273,水晶光电,30.45,31.68,29.95,31.58,31.33,-0.88,-2.8088,4.0226,15339768,468529196.05,13294837927.4,11611889873.9
1855,2016-05-11,sz002273,水晶光电,29.4,30.8,29.3,30.8,30.45,-1.05,-3.4483,4.1483,15819202,472872355.47,12836395240.2,11211479878.2
1856,2016-05-12,sz002273,水晶光电,30.24,30.34,27.5,28.65,29.4,0.84,2.8571,4.6458,17716497,513838295.32,13203149389.9,11531807874.7
1857,2016-05-13,sz002273,水晶光电,31.16,32.33,30.36,30.49,30.24,0.92,3.0423,6.0156,22940201,720721693.34,13604832506.3,11882643299.5
1858,2016-05-16,sz002273,水晶光电,21.03,21.2,20.05,20.7,20.71,0.32,1.5451,4.1496,23736358,494005788.85,13772928147.7,12029460287.4
1859,2016-05-17,sz002273,水晶光电,21.35,22.19,21.2,21.4,21.03,0.32,1.5216,6.6546,38065373,826654983.17,13982501947.4,12212504856.6
1860,2016-05-18,sz002273,水晶光电,21.43,21.85,20.39,20.8,21.35,0.08,0.3747,6.1612,35242784,750480306.33,14034895397.3,12258265999.0
1861,2016-05-19,sz002273,水晶光电,21.52,22.24,21.42,21.43,21.43,0.09,0.42,6.4146,36692583,801932338.67,14093838028.5,12309747284.1
1862,2016-05-20,sz002273,水晶光电,22.8,22.9,21.02,21.6,21.52,1.28,5.948,9.3105,53257131,1186368435.86,14932133227.2,13041925561.2
1863,2016-05-23,sz002273,水晶光电,22.85,23.4,22.33,22.86,22.8,0.05,0.2193,8.762,50119776,1149963172.57,14964879133.4,13070526275.1
1864,2016-05-24,sz002273,水晶光电,22.95,23.39,22.46,22.85,22.85,0.1,0.4376,6.3206,36154452,828786892.66,15030370945.8,13127727703.0
1865,2016-05-25,sz002273,水晶光电,22.19,23.25,21.98,23.19,22.95,-0.76,-3.3115,5.8992,33744277,760725582.23,14532633171.6,12692996851.0
1866,2016-05-26,sz002273,水晶光电,22.74,22.88,21.71,21.92,22.19,0.55,2.4786,5.1739,29595582,662307268.05,14892838139.8,13007604704.5
1867,2016-05-27,sz002273,水晶光电,23.73,24.65,22.68,22.74,22.74,0.99,4.3536,11.4937,65745726,1570801169.73,15541207082.5,13573898840.7
1868,2016-05-30,sz002273,水晶光电,23.07,24.2,22.96,23.16,23.73,-0.66,-2.7813,6.6871,38251425,901151368.55,15108961120.7,13196369416.5
1869,2016-05-31,sz002273,水晶光电,23.94,24.1,23.13,23.16,23.07,0.87,3.7711,5.7496,32888724,780022953.16,15678739888.6,13694021839.3
1870,2016-06-01,sz002273,水晶光电,26.33,26.33,24.0,24.16,23.94,2.39,9.9833,12.7758,73079315,1872853818.53,17243994204.9,15061135966.1
1871,2016-06-02,sz002273,水晶光电,27.06,27.08,26.06,26.4,26.33,0.73,2.7725,11.1711,63900051,1696479698.79,17722084435.4,15478706389.7
1872,2016-06-03,sz002273,水晶光电,26.3,26.9,26.13,26.6,27.06,-0.76,-2.8086,7.2571,41511894,1096083465.91,17224346661.2,15043975537.7
1873,2016-06-06,sz002273,水晶光电,26.53,27.17,26.03,26.6,26.3,0.23,0.8745,6.3505,36325964,966528653.0,17374977829.7,15175538821.9
1874,2016-06-07,sz002273,水晶光电,26.35,26.7,25.6,26.54,26.53,-0.18,-0.6785,5.2724,30159024,786511528.69,17257092567.4,15072576251.6
1875,2016-06-08,sz002273,水晶光电,26.35,26.7,25.8,26.1,26.35,0.0,0.0,5.5508,31751467,835757165.47,17257092567.4,15072576251.6
1876,2016-06-13,sz002273,水晶光电,23.72,26.3,23.72,25.8,26.35,-2.63,-9.981,6.9454,39728874,994671600.2,15534657901.3,13568178697.9
1877,2016-06-14,sz002273,水晶光电,23.7,24.15,23.28,23.5,23.72,-0.02,-0.0843,4.1538,23760176,563756558.79,15521559538.8,13556738412.3
1878,2016-06-15,sz002273,水晶光电,25.19,25.62,23.3,23.4,23.7,1.49,6.2869,5.5686,31853456,792186664.18,16497387543.6,14409039688.0
1879,2016-06-16,sz002273,水晶光电,25.55,26.29,25.07,25.1,25.19,0.36,1.4291,5.8797,33632665,869680750.36,16733158068.2,14614964828.5
1880,2016-06-17,sz002273,水晶光电,25.65,25.88,25.1,25.55,25.55,0.1,0.3914,4.3587,24932106,634120878.11,16798649880.6,14672166256.4
1881,2016-06-20,sz002273,水晶光电,26.88,27.08,25.21,26.05,25.65,1.23,4.7953,6.7611,38674177,1018528599.49,17604199173.1,15375743819.5
1882,2016-06-21,sz002273,水晶光电,26.11,27.5,25.78,27.08,26.88,-0.77,-2.8646,7.1491,40893988,1092179128.79,17099912217.6,14935292824.7
1883,2016-06-22,sz002273,水晶光电,28.1,28.5,25.31,25.7,26.11,1.99,7.6216,10.1331,57962524,1590282524.21,18403199284.4,16073601239.9
1884,2016-06-23,sz002273,水晶光电,28.03,28.6,27.34,27.92,28.1,-0.07,-0.2491,7.8452,44875907,1255470635.35,18357355015.7,16033560240.4
1885,2016-06-24,sz002273,水晶光电,27.66,28.98,26.31,27.79,28.03,-0.37,-1.32,7.426,42478056,1175346918.32,18115035309.8,15821914957.1
1886,2016-06-27,sz002273,水晶光电,27.91,28.3,27.45,27.65,27.66,0.25,0.9038,5.4935,31423496,876541260.24,18278764840.8,15964918526.9
1887,2016-06-28,sz002273,水晶光电,29.49,30.32,28.61,28.61,27.91,1.58,5.6611,8.6807,49655107,1454415087.16,19313535476.8,16868701087.7
1888,2016-06-29,sz002273,水晶光电,29.16,29.86,28.82,29.11,29.49,-0.33,-1.119,5.4285,31051602,906213558.61,19097412495.8,16679936375.6
1889,2016-06-30,sz002273,水晶光电,27.99,29.68,27.9,29.07,29.16,-1.17,-4.0123,6.8111,38960451,1109171388.43,18331158290.8,16010679669.2
1890,2016-07-01,sz002273,水晶光电,28.06,28.68,27.7,27.99,27.99,0.07,0.2501,4.2444,24278845,683786552.8,18377002559.4,16050720668.7
1891,2016-07-04,sz002273,水晶光电,28.02,28.49,27.5,27.7,28.06,-0.04,-0.1426,4.4115,25234603,707280321.6,18350805834.5,16027840097.6
1892,2016-07-05,sz002273,水晶光电,28.37,28.58,27.65,28.03,28.02,0.35,1.2491,4.9706,28432590,800165181.68,18580027177.9,16228045095.2
1893,2016-07-06,sz002273,水晶光电,27.7,28.2,27.34,28.02,28.37,-0.67,-2.3616,4.7219,27009713,747711477.34,18141232034.8,15844795528.3
1894,2016-07-07,sz002273,水晶光电,27.18,27.7,26.6,27.57,27.7,-0.52,-1.8773,5.3671,30700672,832417832.49,17800674610.3,15547348103.2
1895,2016-07-08,sz002273,水晶光电,27.49,27.98,27.18,27.19,27.18,0.31,1.1405,4.5409,25974867,717827560.44,18003699228.8,15724672529.7
1896,2016-07-11,sz002273,水晶光电,27.92,29.88,27.9,29.0,27.49,0.43,1.5642,8.0858,46251655,1316028664.27,18285314022.1,15970638669.7
1897,2016-07-12,sz002273,水晶光电,28.07,28.8,27.36,28.49,27.92,0.15,0.5372,5.4165,30982949,869518101.45,18383551740.7,16056440811.5
1898,2016-07-13,sz002273,水晶光电,28.69,29.27,27.5,28.35,28.07,0.62,2.2088,7.7266,44197012,1255694083.43,18789600977.6,16411089664.5
1899,2016-07-14,sz002273,水晶光电,28.0,28.8,27.85,28.51,28.69,-0.69,-2.405,5.8063,33212869,936077999.16,18337707472.0,16016399812.0
1900,2016-07-15,sz002273,水晶光电,28.2,28.7,27.61,28.17,28.0,0.2,0.7143,5.9853,34237021,968129384.63,18468691096.8,16130802667.8
1901,2016-07-18,sz002273,水晶光电,27.39,28.06,27.31,27.87,28.2,-0.81,-2.8723,4.9949,28571273,788075414.34,17938207416.4,15667471101.8
1902,2016-07-19,sz002273,水晶光电,27.19,27.82,26.6,27.36,27.39,-0.2,-0.7302,5.4891,31398658,849019839.87,17807223791.6,15553068246.0
1903,2016-07-20,sz002273,水晶光电,26.7,27.3,26.7,27.18,27.19,-0.49,-1.8021,3.8219,21861603,589918041.93,17486313910.8,15272781249.3
1904,2016-07-21,sz002273,水晶光电,26.81,27.25,26.55,26.62,26.7,0.11,0.412,3.7207,21282811,572066880.03,17558354904.4,15335702820.0
1905,2016-07-22,sz002273,水晶光电,26.46,26.94,26.3,26.81,26.81,-0.35,-1.3055,3.1377,17948066,476393811.64,17329133561.0,15135497822.3
1906,2016-07-25,sz002273,水晶光电,25.97,26.62,25.9,26.23,26.46,-0.49,-1.8519,3.0585,17494935,459296124.15,17008223680.3,14855210825.6
1907,2016-07-26,sz002273,水晶光电,26.2,26.26,25.93,25.97,25.97,0.23,0.8856,2.4525,14028388,365986851.48,17158854848.8,14986774109.8
1908,2016-07-27,sz002273,水晶光电,24.15,26.49,23.8,26.25,26.2,-2.05,-7.8244,4.8865,27951433,700831737.8,15816272694.6,13814144837.9
1909,2016-07-28,sz002273,水晶光电,23.55,24.35,23.02,24.15,24.15,-0.6,-2.4845,3.7633,21526868,508824919.9,15423321820.2,13470936270.5
1910,2016-07-29,sz002273,水晶光电,23.07,23.75,22.88,23.58,23.55,-0.48,-2.0382,2.7006,15447945,357455420.67,15108961120.7,13196369416.5
1911,2016-08-01,sz002273,水晶光电,22.44,22.8,21.93,22.8,23.07,-0.63,-2.7308,2.952,16885772,376051439.97,14696362702.6,12836000420.8
1912,2016-08-02,sz002273,水晶光电,22.66,22.71,22.35,22.47,22.44,0.22,0.9804,2.1085,12060966,271886619.11,14840444689.8,12961843562.1
1913,2016-08-03,sz002273,水晶光电,22.59,22.59,22.08,22.45,22.66,-0.07,-0.3089,2.5883,14805492,330659611.74,14794600421.2,12921802562.6
1914,2016-08-04,sz002273,水晶光电,23.38,23.82,22.32,22.4,22.59,0.79,3.4971,4.9082,28075576,653038421.86,15311985739.1,13373693843.0
1915,2016-08-05,sz002273,水晶光电,22.64,23.49,22.61,23.15,23.38,-0.74,-3.1651,3.9754,25705939,590941950.05,14827346327.4,14639652033.6
1916,2016-08-08,sz002273,水晶光电,23.48,23.8,22.13,22.62,22.64,0.84,3.7102,4.6371,29984898,696479176.6,15377477551.5,15182819335.2
1917,2016-08-09,sz002273,水晶光电,23.7,24.09,23.37,23.5,23.48,0.22,0.937,5.1275,33155530,786097795.77,15521559538.8,15325077438.0
1918,2016-08-10,sz002273,水晶光电,23.43,23.85,23.38,23.68,23.7,-0.27,-1.1392,4.49,29033538,684562886.84,15344731645.3,15150487948.2
1919,2016-08-11,sz002273,水晶光电,22.7,23.47,22.7,23.32,23.43,-0.73,-3.1157,3.1033,20067004,460986809.28,14866641414.8,14678449698.0
1920,2016-08-12,sz002273,水晶光电,23.0,23.06,22.5,22.59,22.7,0.3,1.3216,2.0539,13281171,303217254.81,15063116852.0,14872438020.0
1921,2016-08-15,sz002273,水晶光电,23.54,23.88,22.78,23.18,23.0,0.54,2.3478,4.4995,29095081,684013941.55,15416772639.0,15221616999.6
1922,2016-08-16,sz002273,水晶光电,23.57,23.98,23.51,23.58,23.54,0.03,0.1274,3.5331,22845913,541137848.57,15436420182.7,15241015831.8
1923,2016-08-17,sz002273,水晶光电,23.78,24.09,23.57,23.58,23.57,0.21,0.891,4.1575,26883757,640555778.78,15573952988.7,15376807657.2
1924,2016-08-18,sz002273,水晶光电,24.96,25.18,23.95,23.95,23.78,1.18,4.9622,8.1823,52909137,1306862036.83,16346756375.0,16139828390.4
1925,2016-08-19,sz002273,水晶光电,24.61,25.13,24.61,25.11,24.96,-0.35,-1.4022,3.9832,25756320,639008550.96,16117535031.6,15913508681.4
1926,2016-08-22,sz002273,水晶光电,24.22,24.78,24.18,24.75,24.61,-0.39,-1.5847,2.7293,17648468,431866137.14,15862116963.3,15661323862.8
1927,2016-08-23,sz002273,水晶光电,24.08,24.53,23.87,24.52,24.22,-0.14,-0.578,2.2422,14498605,350674958.98,15770428425.9,15570795979.2
1928,2016-08-24,sz002273,水晶光电,25.78,26.38,24.2,24.3,24.08,1.7,7.0598,9.5151,61526957,1566745474.68,16883789236.7,16670063137.2
1929,2016-08-25,sz002273,水晶光电,25.3,25.5,24.79,25.22,25.78,-0.48,-1.8619,5.6177,36325612,915029737.42,16569428537.2,16359681822.0
1930,2016-08-26,sz002273,水晶光电,25.16,25.76,25.0,25.61,25.3,-0.14,-0.5534,3.7038,23949958,604940171.17,16477739999.8,16269153938.4
1931,2016-08-29,sz002273,水晶光电,25.36,25.83,25.1,25.38,25.16,0.2,0.7949,3.3695,21787818,554600624.94,16608723624.6,16398479486.4
1932,2016-08-30,sz002273,水晶光电,26.07,26.87,25.75,25.77,25.36,0.71,2.7997,7.8799,50953872,1343574432.15,17073715492.7,16857585181.8
1933,2016-08-31,sz002273,水晶光电,25.5,26.13,25.2,26.1,26.07,-0.57,-2.1864,3.9515,25551222,652041947.35,16700412162.0,16489007370.0
1934,2016-09-01,sz002273,水晶光电,25.27,25.68,25.23,25.5,25.5,-0.23,-0.902,3.0311,19599899,498267120.85,16549780993.5,16340282989.8
1935,2016-09-02,sz002273,水晶光电,25.86,25.91,25.04,25.2,25.27,0.59,2.3348,4.7804,30911469,789235582.13,16936182686.6,16721793356.4
1936,2016-09-05,sz002273,水晶光电,25.79,26.68,25.72,26.05,25.86,-0.07,-0.2707,5.2637,34036259,894894901.38,16890338418.0,16676529414.6
1937,2016-09-06,sz002273,水晶光电,26.3,26.35,25.11,25.68,25.79,0.51,1.9775,4.7892,30968038,795022631.09,17224346661.2,17006309562.0
1938,2016-09-07,sz002273,水晶光电,25.89,26.32,25.83,26.32,26.3,-0.41,-1.5589,3.507,22677021,590349704.82,16955830230.4,16741192188.6
1939,2016-09-08,sz002273,水晶光电,25.46,26.1,25.22,25.71,25.89,-0.43,-1.6609,3.7136,24013325,614730099.08,16674215437.0,16463142260.4
1940,2016-09-09,sz002273,水晶光电,25.28,25.65,25.05,25.35,25.46,-0.18,-0.707,2.6999,17458171,442319219.04,16556330174.7,16346749267.2
1941,2016-09-12,sz002273,水晶光电,24.26,25.32,24.0,24.5,25.28,-1.02,-4.0348,3.2587,21071477,519994420.89,15888313688.2,15687188972.4
1942,2016-09-13,sz002273,水晶光电,24.98,25.06,24.39,24.58,24.26,0.72,2.9678,3.4868,22546500,557852179.73,16359854737.5,16152760945.2
1943,2016-09-14,sz002273,水晶光电,25.34,26.2,24.85,24.9,24.98,0.36,1.4412,6.4309,41583883,1067994037.92,16595625262.2,16385546931.6
1944,2016-09-19,sz002273,水晶光电,25.33,25.95,25.08,25.38,25.34,-0.01,-0.0395,3.4407,22248364,565365630.46,16589076080.9,16379080654.2
1945,2016-09-20,sz002273,水晶光电,25.15,25.27,24.81,25.27,25.33,-0.18,-0.7106,2.3613,15268627,381603616.17,16471190818.6,16262687661.0
1946,2016-09-21,sz002273,水晶光电,25.85,25.94,25.12,25.26,25.15,0.7,2.7833,4.7925,30989701,795360557.61,16929633505.4,16715327079.0
1947,2016-09-22,sz002273,水晶光电,25.85,26.12,25.62,26.0,25.85,0.0,0.0,4.0774,26365633,682230686.7,16929633505.4,16715327079.0
1948,2016-09-23,sz002273,水晶光电,25.45,26.02,25.33,25.8,25.85,-0.4,-1.5474,2.4057,15555713,398675340.09,16667666255.8,16456675983.0
1949,2016-09-26,sz002273,水晶光电,24.3,25.28,24.2,25.28,25.45,-1.15,-4.5187,4.0975,26495357,653113793.85,15914510413.2,15713054082.0
1950,2016-09-27,sz002273,水晶光电,24.56,24.69,24.05,24.4,24.3,0.26,1.07,2.1099,13643351,333036050.83,16084789125.4,15881177294.4
1951,2016-09-28,sz002273,水晶光电,24.55,24.72,24.36,24.6,24.56,-0.01,-0.0407,1.6816,10873379,266959703.28,16078239944.2,15874711017.0
1952,2016-09-29,sz002273,水晶光电,24.66,25.06,24.51,24.59,24.55,0.11,0.4481,2.4371,15758969,391098824.36,16150280937.8,15945840068.4
1953,2016-09-30,sz002273,水晶光电,24.7,25.05,24.66,25.0,24.66,0.04,0.1622,1.2357,7990230,198096801.13,16176477662.8,15971705178.0
1954,2016-10-10,sz002273,水晶光电,25.48,25.59,24.76,25.0,24.7,0.78,3.1579,2.9153,18851154,474925451.19,16687313799.5,16476074815.2
1955,2016-10-11,sz002273,水晶光电,25.78,25.83,25.32,25.4,25.48,0.3,1.1774,2.9542,19102958,489279008.14,16883789236.7,16670063137.2
1956,2016-10-12,sz002273,水晶光电,25.43,25.58,25.32,25.56,25.78,-0.35,-1.3576,1.9759,12776428,325309391.58,16654567893.3,16443743428.2
1957,2016-10-13,sz002273,水晶光电,25.42,25.69,25.2,25.46,25.43,-0.01,-0.0393,2.0737,13408931,341166768.88,16648018712.1,16437277150.8
1958,2016-10-14,sz002273,水晶光电,25.15,25.52,25.13,25.3,25.42,-0.27,-1.0622,1.4751,9538327,240983396.37,16471190818.6,16262687661.0
1959,2016-10-17,sz002273,水晶光电,24.29,25.39,24.12,25.28,25.15,-0.86,-3.4195,3.2612,21087572,518705397.18,15907961232.0,15706587804.6
1960,2016-10-18,sz002273,水晶光电,24.68,24.74,24.18,24.28,24.29,0.39,1.6056,2.3569,15240485,374188939.75,16163379300.3,15958772623.2
1961,2016-10-19,sz002273,水晶光电,24.31,24.95,24.16,24.95,24.68,-0.37,-1.4992,2.7853,18010564,439170875.12,15921059594.4,15719520359.4
1962,2016-10-20,sz002273,水晶光电,24.52,24.82,24.25,24.31,24.31,0.21,0.8638,2.4502,15843454,389699881.05,16058592400.5,15855312184.8
1963,2016-10-21,sz002273,水晶光电,24.36,24.68,24.1,24.48,24.52,-0.16,-0.6525,1.8414,11907037,289569463.43,15953805500.6,15751851746.4
1964,2016-10-24,sz002273,水晶光电,24.45,24.68,24.22,24.31,24.36,0.09,0.3695,2.3082,14925776,365382465.42,16012748131.8,15810048243.0
1965,2016-10-25,sz002273,水晶光电,24.39,24.6,24.3,24.55,24.45,-0.06,-0.2454,1.6784,10852707,265056905.41,15973453044.4,15771250578.6
1966,2016-10-26,sz002273,水晶光电,23.65,24.36,23.58,24.31,24.39,-0.74,-3.034,3.8159,24674515,588077720.0,15488813632.6,15292746051.0
1967,2016-10-27,sz002273,水晶光电,23.68,23.84,23.52,23.63,23.65,0.03,0.1268,1.4473,9358594,221637095.26,15508461176.3,15312144883.2
1968,2016-10-28,sz002273,水晶光电,23.29,23.79,23.28,23.79,23.68,-0.39,-1.647,1.6771,10844894,255121944.87,15253043108.0,15059960064.6
1969,2016-10-31,sz002273,水晶光电,23.8,24.07,23.28,23.49,23.29,0.51,2.1898,2.0306,13130693,310874298.03,15587051351.2,15389740212.0
1970,2016-11-01,sz002273,水晶光电,23.82,23.94,23.65,23.84,23.8,0.02,0.084,1.4335,9269475,220663040.65,15600149713.7,15402672766.8
1971,2016-11-02,sz002273,水晶光电,23.52,23.81,23.47,23.81,23.82,-0.3,-1.2594,1.3509,8735456,206116674.6,15403674276.5,15208684444.8
1972,2016-11-03,sz002273,水晶光电,23.63,23.99,23.38,23.52,23.52,0.11,0.4677,1.8583,12016295,284450522.63,15475715270.1,15279813496.2
1973,2016-11-04,sz002273,水晶光电,23.54,23.93,23.5,23.7,23.63,-0.09,-0.3809,1.3492,8724310,206555127.02,15416772639.0,15221616999.6
1974,2016-11-07,sz002273,水晶光电,23.47,23.75,23.43,23.62,23.54,-0.07,-0.2974,1.0527,6806939,160575344.7,15370928370.3,15176353057.8
1975,2016-11-08,sz002273,水晶光电,23.43,23.61,23.29,23.55,23.47,-0.04,-0.1704,1.5842,10244038,240224365.32,15344731645.3,15150487948.2
1976,2016-11-09,sz002273,水晶光电,22.94,23.51,22.48,23.43,23.43,-0.49,-2.0913,2.2716,14688559,338038992.47,15023821764.6,14833640355.6
1977,2016-11-10,sz002273,水晶光电,23.1,23.29,22.91,23.21,22.94,0.16,0.6975,1.7009,10998396,253569023.6,15128608664.4,14937100794.0
1978,2016-11-11,sz002273,水晶光电,22.94,23.14,22.65,23.11,23.1,-0.16,-0.6926,2.3778,15375769,350752843.97,15023821764.6,14833640355.6
1979,2016-11-14,sz002273,水晶光电,23.13,23.19,22.79,22.86,22.94,0.19,0.8282,1.9947,12898200,297377790.37,15148256208.1,14956499626.2
1980,2016-11-15,sz002273,水晶光电,23.5,23.5,22.95,23.14,23.13,0.37,1.5997,1.9564,12650699,293982737.7,15390575914.0,15195751890.0
1981,2016-11-16,sz002273,水晶光电,23.5,24.0,23.45,23.98,23.5,0.0,0.0,2.3484,15185344,360019305.61,15390575914.0,15195751890.0
1982,2016-11-17,sz002273,水晶光电,23.15,23.5,23.02,23.4,23.5,-0.35,-1.4894,1.3249,8566997,198466649.53,15161354570.6,14969432181.0
1983,2016-11-18,sz002273,水晶光电,23.15,23.29,23.02,23.19,23.15,0.0,0.0,1.3433,8686345,201239928.03,15161354570.6,14969432181.0
1984,2016-11-21,sz002273,水晶光电,23.13,23.3,23.06,23.18,23.15,-0.02,-0.0864,1.3895,8984826,208170201.85,15148256208.1,14956499626.2
1985,2016-11-22,sz002273,水晶光电,23.28,23.28,22.99,23.01,23.13,0.15,0.6485,1.8139,11729483,271043662.01,15246493926.7,15053493787.2
1986,2016-11-23,sz002273,水晶光电,23.04,23.36,23.04,23.29,23.28,-0.24,-1.0309,1.9925,12883808,298815447.86,15089313577.0,14898303129.6
1987,2016-11-24,sz002273,水晶光电,22.48,23.09,22.32,23.02,23.04,-0.56,-2.4306,2.6239,16967050,384775498.44,14722559427.5,14536191595.2
1988,2016-11-25,sz002273,水晶光电,22.7,22.71,22.03,22.53,22.48,0.22,0.9786,1.5163,9804835,219464748.96,14866641414.8,14678449698.0
1989,2016-11-28,sz002273,水晶光电,22.69,22.85,22.62,22.78,22.7,-0.01,-0.0441,1.1245,7271567,165143437.76,14860092233.6,14671983420.6
1990,2016-11-29,sz002273,水晶光电,22.39,22.74,22.37,22.7,22.69,-0.3,-1.3222,1.2574,8130820,183270134.02,14663616796.4,14477995098.6
1991,2016-11-30,sz002273,水晶光电,22.57,22.84,22.22,22.31,22.39,0.18,0.8039,1.8222,11782817,266761415.33,14781502058.7,14594388091.8
1992,2016-12-01,sz002273,水晶光电,22.53,22.68,22.33,22.61,22.57,-0.04,-0.1772,1.5743,10179854,229199130.99,14755305333.7,14568522982.2
1993,2016-12-02,sz002273,水晶光电,22.15,22.64,22.0,22.55,22.53,-0.38,-1.6866,1.2693,8207500,182472024.65,14683636446.6,14322804441.0
1994,2016-12-05,sz002273,水晶光电,22.29,22.75,22.04,22.25,22.15,0.14,0.6321,1.4319,9258758,207635390.89,14776444984.0,14413332324.6
1995,2016-12-06,sz002273,水晶光电,22.41,22.48,22.25,22.32,22.29,0.12,0.5384,1.0947,7078873,158424174.62,14855995158.8,14490927653.4
1996,2016-12-07,sz002273,水晶光电,22.58,22.66,22.32,22.42,22.41,0.17,0.7586,1.0815,6993055,157656980.6,14968691239.9,14600854369.2
1997,2016-12-08,sz002273,水晶光电,22.35,22.65,22.34,22.58,22.58,-0.23,-1.0186,1.0211,6602930,148075177.33,14816220071.4,14452129989.0
1998,2016-12-09,sz002273,水晶光电,22.09,22.39,22.03,22.26,22.35,-0.26,-1.1633,1.0456,6760830,150173245.72,14643861359.2,14284006776.6
1999,2016-12-12,sz002273,水晶光电,20.33,22.28,20.2,22.28,22.09,-1.76,-7.9674,2.3501,15196330,321278599.88,13477125460.9,13145941954.2
2000,2016-12-13,sz002273,水晶光电,19.99,20.3,19.68,20.3,20.33,-0.34,-1.6724,1.4755,9541254,190503613.54,13251733298.8,12926088522.6
2001,2016-12-14,sz002273,水晶光电,19.77,20.15,19.7,20.15,19.99,-0.22,-1.1006,0.9634,6229451,124084854.67,13105891311.5,12783830419.8
2002,2016-12-15,sz002273,水晶光电,19.88,20.3,19.67,19.78,19.77,0.11,0.5564,1.481,9576836,191422905.35,13178812305.1,12854959471.2
2003,2016-12-16,sz002273,水晶光电,20.1,20.32,19.72,19.88,19.88,0.22,1.1066,1.3323,8614804,173155183.9,13324654292.4,12997217574.0
2004,2016-12-19,sz002273,水晶光电,19.74,20.19,19.72,20.1,20.1,-0.36,-1.791,1.1656,7537319,149939422.94,13086003767.8,12764431587.6
2005,2016-12-20,sz002273,水晶光电,19.76,19.92,19.61,19.79,19.74,0.02,0.1013,1.079,6977114,137721105.74,13099262130.2,12777364142.4
2006,2016-12-21,sz002273,水晶光电,19.88,19.95,19.7,19.78,19.76,0.12,0.6073,1.0557,6826308,135270455.01,13178812305.1,12854959471.2
2007,2016-12-22,sz002273,水晶光电,19.66,19.88,19.58,19.88,19.88,-0.22,-1.1066,1.0831,7003322,137828461.52,13032970317.8,12712701368.4
2008,2016-12-23,sz002273,水晶光电,20.2,21.33,20.01,20.66,19.66,0.54,2.7467,4.4126,28533315,588115122.48,13390946104.8,13061880348.0
2009,2016-12-26,sz002273,水晶光电,20.8,20.86,20.0,20.48,20.2,0.6,2.9703,3.3675,21775233,447748610.83,13788696979.2,13449856992.0
2010,2016-12-27,sz002273,水晶光电,20.48,20.82,20.28,20.66,20.8,-0.32,-1.5385,2.7331,17672935,362084222.18,13576563179.5,13242936115.2
2011,2016-12-28,sz002273,水晶光电,20.0,20.69,20.0,20.69,20.48,-0.48,-2.3438,1.7081,11045140,223406719.38,13258362480.0,12932554800.0
2012,2016-12-29,sz002273,水晶光电,19.81,20.19,19.78,20.19,20.0,-0.19,-0.95,1.3236,8558712,170602684.09,13132408036.4,12809695529.4
2013,2016-12-30,sz002273,水晶光电,19.9,20.28,19.67,19.7,19.81,0.09,0.4543,1.8251,11801843,235557375.32,13192070667.6,12867892026.0
2014,2017-01-03,sz002273,水晶光电,20.08,20.18,19.97,20.01,19.9,0.18,0.9045,1.1705,7568667,151878608.48,13311395929.9,12984285019.2
2015,2017-01-04,sz002273,水晶光电,20.17,20.22,19.93,20.07,20.08,0.09,0.4482,1.463,9460012,190436535.82,13371058561.1,13042481515.8
2016,2017-01-05,sz002273,水晶光电,20.29,20.62,20.13,20.16,20.17,0.12,0.5949,1.7906,11578690,236340858.91,13450608736.0,13120076844.6
2017,2017-01-06,sz002273,水晶光电,19.9,20.3,19.88,20.29,20.29,-0.39,-1.9221,1.4737,9529289,190654105.12,13192070667.6,12867892026.0
2018,2017-01-09,sz002273,水晶光电,20.26,20.5,19.75,19.9,19.9,0.36,1.809,1.6918,10939899,220656641.86,13430721192.2,13100678012.4
2019,2017-01-10,sz002273,水晶光电,20.14,20.44,20.08,20.2,20.26,-0.12,-0.5923,1.106,7151644,144694004.68,13351171017.4,13023082683.6
2020,2017-01-11,sz002273,水晶光电,19.9,20.23,19.9,20.09,20.14,-0.24,-1.1917,1.0315,6669873,133931064.06,13192070667.6,12867892026.0
2021,2017-01-12,sz002273,水晶光电,19.86,20.07,19.74,19.85,19.9,-0.04,-0.201,0.7511,4856717,96614295.89,13165553942.6,12842026916.4
2022,2017-01-13,sz002273,水晶光电,19.23,19.91,19.21,19.86,19.86,-0.63,-3.1722,1.2301,7953999,156460120.55,12747915524.5,12434651440.2
2023,2017-01-16,sz002273,水晶光电,17.84,19.31,17.31,19.23,19.23,-1.39,-7.2283,2.7982,18093847,327214322.8,11826459332.2,11535838881.6
2024,2017-01-17,sz002273,水晶光电,18.06,18.08,17.4,17.84,17.84,0.22,1.2332,1.4351,9280042,165568723.79,11972301319.4,11678096984.4
2025,2017-01-18,sz002273,水晶光电,17.85,18.2,17.78,18.14,18.06,-0.21,-1.1628,1.0822,6997686,125590794.76,11833088513.4,11542305159.0
2026,2017-01-19,sz002273,水晶光电,17.6,17.86,17.55,17.69,17.85,-0.25,-1.4006,1.1205,7245327,128113486.72,11667358982.4,11380648224.0
2027,2017-01-20,sz002273,水晶光电,18.1,18.26,17.6,17.6,17.6,0.5,2.8409,1.5675,10135629,182525731.47,11998818044.4,11703962094.0
2028,2017-01-23,sz002273,水晶光电,18.24,18.5,18.18,18.5,18.1,0.14,0.7735,1.1776,7614582,139438135.9,12091626581.8,11794489977.6
2029,2017-01-24,sz002273,水晶光电,17.94,18.27,17.89,18.24,18.24,-0.3,-1.6447,0.8004,5175835,93461084.91,11892751144.6,11600501655.6
2030,2017-01-25,sz002273,水晶光电,17.99,18.12,17.81,17.9,17.94,0.05,0.2787,0.5828,3768681,67863330.05,11925897050.8,11632833042.6
2031,2017-01-26,sz002273,水晶光电,18.19,18.25,18.04,18.04,17.99,0.2,1.1117,0.9074,5867356,106637216.69,12058480675.6,11762158590.6
2032,2017-02-03,sz002273,水晶光电,18.12,18.21,18.0,18.18,18.19,-0.07,-0.3848,0.6326,4090386,74148798.96,12012076406.9,11716894648.8
2033,2017-02-06,sz002273,水晶光电,18.33,18.38,18.04,18.06,18.12,0.21,1.1589,0.9156,5920244,107740622.88,12151289212.9,11852686474.2
2034,2017-02-07,sz002273,水晶光电,18.16,18.36,18.07,18.3,18.33,-0.17,-0.9274,0.872,5638614,102773418.89,12038593131.8,11742759758.4
2035,2017-02-08,sz002273,水晶光电,18.43,18.52,18.08,18.13,18.16,0.27,1.4868,1.4209,9187939,168251661.8,12217581025.3,11917349248.2
2036,2017-02-09,sz002273,水晶光电,18.8,19.0,18.35,18.43,18.43,0.37,2.0076,2.7029,17477945,327844669.5,12462860731.2,12156601512.0
2037,2017-02-10,sz002273,水晶光电,18.53,18.87,18.49,18.8,18.8,-0.27,-1.4362,1.2688,8204673,152696523.67,12283872837.7,11982012022.2
2038,2017-02-13,sz002273,水晶光电,19.28,19.37,18.42,18.5,18.53,0.75,4.0475,2.4353,15747247,299514398.93,12781061430.7,12466982827.2
2039,2017-02-14,sz002273,水晶光电,20.2,20.49,19.28,19.39,19.28,0.92,4.7718,5.1131,33062742,661117387.84,13390946104.8,13061880348.0
2040,2017-02-15,sz002273,水晶光电,19.97,20.37,19.83,20.0,20.2,-0.23,-1.1386,2.6476,17119823,344127379.24,13238474936.3,12913155967.8
2041,2017-02-16,sz002273,水晶光电,20.16,20.22,19.87,19.97,19.97,0.19,0.9514,1.8945,12250234,246120585.29,13364429379.8,13036015238.4
2042,2017-02-17,sz002273,水晶光电,19.9,20.23,19.68,20.15,20.16,-0.26,-1.2897,2.0648,13351530,266439746.38,13192070667.6,12867892026.0
2043,2017-02-20,sz002273,水晶光电,20.53,20.74,19.9,19.93,19.9,0.63,3.1658,3.3477,21647094,442934737.94,13609709085.7,13275267502.2
2044,2017-02-21,sz002273,水晶光电,20.9,21.44,20.51,20.56,20.53,0.37,1.8022,3.7541,24275005,511965418.52,13854988791.6,13514519766.0
2045,2017-02-22,sz002273,水晶光电,22.06,22.35,20.9,20.9,20.9,1.16,5.5502,5.4602,35306849,767852853.69,14623973815.4,14264607944.4
2046,2017-02-23,sz002273,水晶光电,22.2,23.2,21.81,22.6,22.06,0.14,0.6346,5.7614,37255129,834518900.08,14716782352.8,14355135828.0
2047,2017-02-24,sz002273,水晶光电,22.31,22.8,21.76,22.12,22.2,0.11,0.4955,3.0643,19814405,442122463.98,14789703346.4,14426264879.4
2048,2017-02-27,sz002273,水晶光电,22.34,22.85,22.27,22.32,22.31,0.03,0.1345,3.0311,19599762,442012474.2,14809590890.2,14445663711.6
2049,2017-02-28,sz002273,水晶光电,21.77,22.43,21.62,22.26,22.34,-0.57,-2.5515,3.2219,20833677,455731237.41,14431727559.5,14077085899.8
2050,2017-03-01,sz002273,水晶光电,21.78,22.2,21.7,21.75,21.77,0.01,0.0459,2.6299,17005407,372893324.6,14438356740.7,14083552177.2
2051,2017-03-02,sz002273,水晶光电,22.52,22.68,21.6,21.83,21.78,0.74,3.3976,4.0069,25910025,576750597.16,14928916152.5,14562056704.8
2052,2017-03-03,sz002273,水晶光电,22.45,22.65,22.21,22.4,22.52,-0.07,-0.3108,2.6039,16837733,378073652.11,14882511883.8,14516792763.0
2053,2017-03-06,sz002273,水晶光电,23.15,23.15,22.3,22.3,22.45,0.7,3.118,3.5567,22998589,523289991.88,15346554570.6,14969432181.0
2054,2017-03-07,sz002273,水晶光电,23.1,23.23,22.73,23.01,23.15,-0.05,-0.216,2.7919,18052968,414992376.29,15313408664.4,14937100794.0
2055,2017-03-08,sz002273,水晶光电,21.71,23.2,21.6,23.0,23.1,-1.39,-6.0173,4.4959,29071796,646950129.8,14391952472.0,14038288235.4
2056,2017-03-09,sz002273,水晶光电,21.78,22.1,21.34,21.64,21.71,0.07,0.3224,2.8818,18634739,404015309.87,14438356740.7,14083552177.2
2057,2017-03-10,sz002273,水晶光电,21.58,21.96,21.53,21.7,21.78,-0.2,-0.9183,1.554,10048499,218428875.47,14305773115.9,13954226629.2
2058,2017-03-13,sz002273,水晶光电,22.27,22.33,21.4,21.58,21.58,0.69,3.1974,2.8347,18329679,403571834.1,14763186621.5,14400399769.8
2059,2017-03-14,sz002273,水晶光电,22.14,22.44,21.79,22.38,22.27,-0.13,-0.5837,1.916,12389232,273464770.79,14677007265.4,14316338163.6
2060,2017-03-15,sz002273,水晶光电,22.32,22.44,21.91,22.14,22.14,0.18,0.813,1.9042,12313335,274012427.37,14796332527.7,14432731156.8
2061,2017-03-16,sz002273,水晶光电,22.3,22.8,22.03,22.68,22.32,-0.02,-0.0896,2.6647,17231004,385057111.92,14783074165.2,14419798602.0
2062,2017-03-17,sz002273,水晶光电,21.6,22.29,21.59,22.22,22.3,-0.7,-3.139,2.5747,16648919,365637916.11,14319031478.4,13967159184.0
2063,2017-03-20,sz002273,水晶光电,21.72,21.8,21.39,21.59,21.6,0.12,0.5556,1.9618,12685758,273768559.33,14398581653.3,14044754512.8
2064,2017-03-21,sz002273,水晶光电,21.76,21.88,21.49,21.68,21.72,0.04,0.1842,1.3351,8633378,187369085.37,14425098378.2,14070619622.4
2065,2017-03-22,sz002273,水晶光电,22.57,22.6,21.54,21.71,21.76,0.81,3.7224,3.8192,24695790,549104883.06,14962062058.7,14594388091.8
2066,2017-03-23,sz002273,水晶光电,22.84,22.97,22.28,22.5,22.57,0.27,1.1963,3.7374,24167365,549277100.57,15141049952.2,14768977581.6
2067,2017-03-24,sz002273,水晶光电,23.76,23.94,22.86,22.86,22.84,0.92,4.028,6.2014,40099966,948355524.75,15750934626.2,15363875102.4
2068,2017-03-27,sz002273,水晶光电,23.53,23.88,23.2,23.85,23.76,-0.23,-0.968,3.3635,21749009,512099245.75,15598463457.7,15215150722.2
2069,2017-03-28,sz002273,水晶光电,23.37,23.88,23.31,23.58,23.53,-0.16,-0.68,2.4651,15940078,376699956.65,15492396557.9,15111690283.8
2070,2017-03-29,sz002273,水晶光电,23.39,24.0,23.2,23.32,23.37,0.02,0.0856,3.1265,20217109,478496855.17,15505654920.4,15124622838.6
2071,2017-03-30,sz002273,水晶光电,22.74,23.3,22.46,23.3,23.39,-0.65,-2.779,2.5108,16235336,369950358.44,15074758139.8,14704314807.6
2072,2017-03-31,sz002273,水晶光电,22.7,23.12,22.3,22.58,22.74,-0.04,-0.1759,1.7729,11464025,260895279.8,15048241414.8,14678449698.0
2073,2017-04-05,sz002273,水晶光电,22.9,23.29,22.59,22.59,22.7,0.2,0.8811,1.8774,12139896,278987841.76,15180825039.6,14807775246.0
2074,2017-04-06,sz002273,水晶光电,22.32,22.8,22.14,22.8,22.9,-0.58,-2.5328,2.8719,18570684,415450802.01,14796332527.7,14432731156.8
2075,2017-04-07,sz002273,水晶光电,22.5,22.75,22.23,22.32,22.32,0.18,0.8065,1.7248,11153342,251259773.58,14915657790.0,14549124150.0
2076,2017-04-10,sz002273,水晶光电,22.57,22.99,22.41,22.51,22.5,0.07,0.3111,1.8129,11722603,266467374.76,14962062058.7,14594388091.8
2077,2017-04-11,sz002273,水晶光电,22.35,22.64,21.92,22.44,22.57,-0.22,-0.9747,1.8304,11835807,262844370.33,14816220071.4,14452129989.0
2078,2017-04-12,sz002273,水晶光电,21.97,22.28,21.95,22.18,22.35,-0.38,-1.7002,1.3654,8828770,194716611.45,14564311184.3,14206411447.8
2079,2017-04-13,sz002273,水晶光电,21.75,22.15,21.65,21.75,21.97,-0.22,-1.0014,1.154,7462249,163031890.06,14418469197.0,14064153345.0
2080,2017-04-14,sz002273,水晶光电,21.18,21.96,21.01,21.76,21.75,-0.57,-2.6207,1.2653,8181985,174678478.3,14040605866.3,13695575533.2
2081,2017-04-17,sz002273,水晶光电,21.42,21.73,21.1,21.1,21.18,0.24,1.1331,1.1523,7451367,159730475.23,14199706216.1,13850766190.8
2082,2017-04-18,sz002273,水晶光电,21.72,21.93,21.3,21.5,21.42,0.3,1.4006,1.1285,7297481,158827846.37,14398581653.3,14044754512.8
2083,2017-04-19,sz002273,水晶光电,20.66,21.75,20.55,21.68,21.72,-1.06,-4.8803,2.219,14348914,300801717.18,13695888441.8,13359329108.4
2084,2017-04-20,sz002273,水晶光电,20.98,21.2,20.56,20.66,20.66,0.32,1.5489,1.7339,11211775,234153237.57,13908022241.5,13566249985.2
2085,2017-04-21,sz002273,水晶光电,20.4,21.11,20.38,20.81,20.98,-0.58,-2.7645,1.2501,8083363,167344948.74,13523529729.6,13191205896.0
2086,2017-04-24,sz002273,水晶光电,19.97,20.54,19.88,20.49,20.4,-0.43,-2.1078,1.5266,9871506,197751443.3,13238474936.3,12913155967.8
2087,2017-04-25,sz002273,水晶光电,19.93,20.3,19.91,19.97,19.97,-0.04,-0.2003,1.0727,6936565,139279711.75,13211958211.3,12887290858.2
2088,2017-04-26,sz002273,水晶光电,20.42,20.58,19.85,20.11,19.93,0.49,2.4586,1.667,10779293,218579666.48,13536788092.1,13204138450.8
2089,2017-04-27,sz002273,水晶光电,20.75,20.94,19.84,20.32,20.42,0.33,1.6161,1.8189,11761319,240087554.94,13755551073.0,13417525605.0
2090,2017-04-28,sz002273,水晶光电,20.84,21.07,20.58,20.65,20.75,0.09,0.4337,1.2084,7813996,163183089.6,13815213704.2,13475722101.6
2091,2017-05-02,sz002273,水晶光电,21.12,21.37,20.8,20.97,20.84,0.28,1.3436,1.4558,9413533,199272732.18,14000830778.9,13656777868.8
2092,2017-05-03,sz002273,水晶光电,21.12,21.26,20.12,21.17,21.12,0.0,0.0,1.5567,10066214,211465229.99,14000830778.9,13656777868.8
2093,2017-05-04,sz002273,水晶光电,21.26,21.5,20.7,21.15,21.12,0.14,0.6629,1.3272,8581775,182856765.56,14093639316.2,13747305752.4
2094,2017-05-05,sz002273,水晶光电,21.35,21.85,21.24,21.24,21.26,0.09,0.4233,1.915,12383162,267505990.48,14153301947.4,13805502249.0
2095,2017-05-08,sz002273,水晶光电,21.51,21.93,21.23,21.25,21.35,0.16,0.7494,1.9058,12323204,267264638.93,14259368847.2,13908962687.4
2096,2017-05-09,sz002273,水晶光电,21.46,21.82,21.1,21.55,21.51,-0.05,-0.2325,1.5379,9944548,213537075.22,14226222941.0,13876631300.4
2097,2017-05-10,sz002273,水晶光电,21.23,21.76,21.1,21.6,21.46,-0.23,-1.0718,1.4866,9612996,206477724.64,14073751772.5,13727906920.2
2098,2017-05-11,sz002273,水晶光电,20.55,21.24,20.0,21.24,21.23,-0.68,-3.203,1.864,12053249,247769642.92,13622967448.2,13288200057.0
2099,2017-05-12,sz002273,水晶光电,20.78,20.91,20.35,20.41,20.45,0.33,1.6137,1.005,6498581,134935668.07,13775438616.7,13436924437.2
2100,2017-05-15,sz002273,水晶光电,21.49,21.55,20.81,20.81,20.78,0.71,3.4167,1.5891,10275476,217725647.42,14246110484.8,13896030132.6
2101,2017-05-16,sz002273,水晶光电,22.41,22.47,21.3,21.45,21.49,0.92,4.2811,2.7436,17740773,390557855.97,14855995158.8,14490927653.4
2102,2017-05-17,sz002273,水晶光电,22.41,22.65,22.16,22.28,22.41,0.0,0.0,2.0742,13412430,300319902.51,14855995158.8,14490927653.4
2103,2017-05-18,sz002273,水晶光电,22.11,22.6,22.06,22.28,22.41,-0.3,-1.3387,1.1547,7466421,166554234.56,14657119721.6,14296939331.4
2104,2017-05-19,sz002273,水晶光电,21.68,22.23,21.48,22.18,22.11,-0.43,-1.9448,1.2759,8250168,179712595.99,14372064928.3,14018889403.2
2105,2017-05-22,sz002273,水晶光电,21.6,21.97,21.34,21.68,21.68,-0.08,-0.369,1.2436,8041144,174119761.01,14319031478.4,13967159184.0
2106,2017-05-23,sz002273,水晶光电,20.69,21.7,20.63,21.42,21.6,-0.91,-4.213,1.3907,8992506,189872643.88,13715775985.6,13378727940.6
2107,2017-05-24,sz002273,水晶光电,20.77,20.97,20.36,20.68,20.69,0.08,0.3867,1.6277,10525272,217562194.72,13768809435.5,13430458159.8
2108,2017-05-25,sz002273,水晶光电,20.44,20.85,19.78,20.77,20.77,-0.33,-1.5888,2.3021,14886177,300146064.45,13550046454.6,13217071005.6
2109,2017-05-26,sz002273,水晶光电,19.86,20.56,19.79,20.3,20.44,-0.58,-2.8376,2.0941,13540877,271735939.67,13165553942.6,12842026916.4
2110,2017-05-31,sz002273,水晶光电,20.18,20.3,20.0,20.15,19.86,0.32,1.6113,1.1181,7230152,145824418.47,13377687742.3,13048947793.2
2111,2017-06-01,sz002273,水晶光电,19.27,20.15,19.12,20.11,20.18,-0.91,-4.5094,1.5461,9997422,196757290.91,12774432249.5,12460516549.8
2112,2017-06-02,sz002273,水晶光电,19.53,19.72,18.59,19.21,19.27,0.26,1.3492,1.3264,8576663,163988418.24,12946790961.7,12628639762.2
2113,2017-06-05,sz002273,水晶光电,19.99,20.28,19.47,19.6,19.53,0.46,2.3554,1.2837,8300861,165965653.33,13251733298.8,12926088522.6
2114,2017-06-06,sz002273,水晶光电,20.17,20.33,19.97,19.97,19.99,0.18,0.9005,0.9639,6232825,125888503.06,13371058561.1,13042481515.8
2115,2017-06-07,sz002273,水晶光电,20.59,20.71,20.07,20.15,20.17,0.42,2.0823,1.4857,9606972,196643912.95,13649484173.2,13314065166.6
2116,2017-06-08,sz002273,水晶光电,20.46,20.66,20.25,20.59,20.59,-0.13,-0.6314,0.9841,6363691,129938756.32,13563304817.0,13230003560.4
2117,2017-06-09,sz002273,水晶光电,20.16,20.48,19.97,20.47,20.46,-0.3,-1.4663,1.2642,8174609,164596583.37,13364429379.8,13036015238.4
2118,2017-06-12,sz002273,水晶光电,19.87,20.04,19.78,20.01,20.16,-0.29,-1.4385,1.2082,7812473,155412948.33,13172183123.9,12848493193.8
2119,2017-06-13,sz002273,水晶光电,20.18,20.24,19.65,19.8,19.87,0.31,1.5601,1.3773,8905840,177549747.78,13377687742.3,13048947793.2
2120,2017-06-14,sz002273,水晶光电,20.01,20.1,19.91,20.04,20.18,-0.17,-0.8424,0.6505,4206229,84109843.43,13264991661.2,12939021077.4
2121,2017-06-15,sz002273,水晶光电,20.38,20.43,19.91,19.98,20.01,0.37,1.8491,1.1278,7292435,147922210.89,13510271367.1,13178273341.2
2122,2017-06-16,sz002273,水晶光电,20.21,20.45,20.13,20.35,20.38,-0.17,-0.8342,0.8738,5650386,114448111.56,13397575286.0,13068346625.4
2123,2017-06-19,sz002273,水晶光电,20.55,20.62,20.17,20.19,20.21,0.34,1.6823,1.139,7365384,151012732.26,13622967448.2,13288200057.0
2124,2017-06-20,sz002273,水晶光电,21.14,21.22,20.58,20.6,20.55,0.59,2.871,2.2957,14844550,311035776.51,14014089141.4,13669710423.6
2125,2017-06-21,sz002273,水晶光电,21.12,21.31,20.79,21.23,21.14,-0.02,-0.0946,1.208,7811401,164542256.3,14000830778.9,13656777868.8
2126,2017-06-22,sz002273,水晶光电,20.26,21.37,20.25,21.25,21.12,-0.86,-4.072,1.5185,9819305,204240575.6,13430721192.2,13100678012.4
2127,2017-06-23,sz002273,水晶光电,20.32,20.6,20.0,20.27,20.26,0.06,0.2962,0.9824,6352503,128853769.31,13470496279.7,13139475676.8
2128,2017-06-26,sz002273,水晶光电,20.78,20.85,20.24,20.32,20.32,0.46,2.2638,1.3748,8889564,182631555.18,13775438616.7,13436924437.2
2129,2017-06-27,sz002273,水晶光电,20.68,21.19,20.56,20.79,20.78,-0.1,-0.4812,1.3122,8484842,177357090.32,13709146804.3,13372261663.2
2130,2017-06-28,sz002273,水晶光电,20.5,20.87,20.42,20.57,20.68,-0.18,-0.8704,0.8274,5350308,110086563.21,13589821542.0,13255868670.0
2131,2017-06-29,sz002273,水晶光电,20.93,20.93,20.51,20.65,20.5,0.43,2.0976,1.0341,6686892,138538805.32,13874876335.3,13533918598.2
2132,2017-06-30,sz002273,水晶光电,20.63,20.9,20.53,20.9,20.93,-0.3,-1.4333,1.252,8095965,167087098.33,13676000898.1,13339930276.2
2133,2017-07-03,sz002273,水晶光电,21.07,21.16,20.53,20.53,20.63,0.44,2.1328,1.595,10313989,215519320.7,13967684872.7,13624446481.8
2134,2017-07-04,sz002273,水晶光电,21.27,21.4,20.88,21.15,21.07,0.2,0.9492,2.1329,13792063,291471800.05,14100268497.5,13753772029.8
2135,2017-07-05,sz002273,水晶光电,21.21,21.33,20.96,21.26,21.27,-0.06,-0.2821,1.3498,8728420,184496296.1,14060493410.0,13714974365.4
2136,2017-07-06,sz002273,水晶光电,21.58,21.95,21.3,21.3,21.21,0.37,1.7445,2.9741,19231427,416142339.09,14305773115.9,13954226629.2
2137,2017-07-07,sz002273,水晶光电,22.5,22.6,21.56,21.56,21.58,0.92,4.2632,3.9536,25564941,567531027.42,14915657790.0,14549124150.0
2138,2017-07-10,sz002273,水晶光电,22.02,22.6,21.86,22.6,22.5,-0.48,-2.1333,2.5604,16556178,366501238.86,14597457090.5,14238742834.8
2139,2017-07-11,sz002273,水晶光电,21.04,21.89,20.85,21.72,22.02,-0.98,-4.4505,2.7462,17757862,379951828.99,13947797329.0,13605047649.6
2140,2017-07-12,sz002273,水晶光电,21.46,21.54,20.61,20.98,21.04,0.42,1.9962,2.1538,13927028,293073669.19,14226222941.0,13876631300.4
2141,2017-07-13,sz002273,水晶光电,21.48,21.65,21.25,21.46,21.46,0.02,0.0932,1.131,7313176,156855068.28,14239481303.5,13889563855.2
2142,2017-07-14,sz002273,水晶光电,21.4,21.93,21.26,21.6,21.48,-0.08,-0.3724,1.6402,10606028,229640097.65,14186447853.6,13837833636.0
2143,2017-07-17,sz002273,水晶光电,20.46,21.19,19.85,21.16,21.4,-0.94,-4.3925,2.1497,13900289,285086061.48,13563304817.0,13230003560.4
2144,2017-07-18,sz002273,水晶光电,20.65,20.8,20.1,20.1,20.46,0.19,0.9286,1.5244,9857193,201504206.97,13689259260.6,13352862831.0
2145,2017-07-19,sz002273,水晶光电,21.38,21.45,20.41,20.66,20.65,0.73,3.5351,1.8706,12095546,254366155.66,14173189491.1,13824901081.2
2146,2017-07-20,sz002273,水晶光电,21.53,21.73,21.2,21.38,21.38,0.15,0.7016,2.1458,13875589,298410284.83,14272627209.7,13921895242.2
2147,2017-07-21,sz002273,水晶光电,21.38,21.77,21.29,21.43,21.53,-0.15,-0.6967,1.0792,6978287,150077026.39,14173189491.1,13824901081.2
2148,2017-07-24,sz002273,水晶光电,21.72,21.98,21.22,21.37,21.38,0.34,1.5903,1.4908,9639853,209686320.99,14398581653.3,14044754512.8
2149,2017-07-25,sz002273,水晶光电,22.05,22.5,21.8,21.8,21.72,0.33,1.5193,3.0193,19523320,432465058.52,14617344634.2,14258141667.0
2150,2017-07-26,sz002273,水晶光电,22.04,22.1,21.36,21.93,22.05,-0.01,-0.0454,2.0629,13339202,289563751.01,14610715453.0,14251675389.6
2151,2017-07-27,sz002273,水晶光电,22.89,22.97,21.81,21.91,22.04,0.85,3.8566,3.5002,22633163,511239314.61,15174195858.4,14801308968.6
2152,2017-07-28,sz002273,水晶光电,22.46,23.02,22.45,22.89,22.89,-0.43,-1.8785,2.2451,14517660,329199003.85,14889141065.0,14523259040.4
2153,2017-07-31,sz002273,水晶光电,23.0,23.21,22.21,22.62,22.46,0.54,2.4043,2.7785,17966678,410650059.89,15247116852.0,14872438020.0
2154,2017-08-01,sz002273,水晶光电,22.78,23.46,22.69,22.96,23.0,-0.22,-0.9565,2.2773,14725465,338619303.97,15101274864.7,14730179917.2
2155,2017-08-02,sz002273,水晶光电,22.9,23.5,22.58,23.19,22.78,0.12,0.5268,2.4109,15589404,358528489.28,15180825039.6,14807775246.0
2156,2017-08-03,sz002273,水晶光电,22.1,23.07,21.83,22.9,22.9,-0.8,-3.4934,3.0623,19801835,442206016.86,14650490540.4,14290473054.0
2157,2017-08-04,sz002273,水晶光电,22.1,22.34,21.88,22.08,22.1,0.0,0.0,1.6159,10448945,231001209.86,14650490540.4,14290473054.0
2158,2017-08-07,sz002273,水晶光电,22.06,22.38,21.95,22.02,22.1,-0.04,-0.181,1.0945,7077554,156795336.93,14623973815.4,14264607944.4
2159,2017-08-08,sz002273,水晶光电,22.23,22.37,21.98,22.0,22.06,0.17,0.7706,1.2356,7989760,176973326.53,14736669896.5,14374534660.2
2160,2017-08-09,sz002273,水晶光电,22.1,22.47,22.03,22.15,22.23,-0.13,-0.5848,1.208,7811171,173733608.22,14650490540.4,14290473054.0
2161,2017-08-10,sz002273,水晶光电,22.99,23.23,22.05,22.11,22.1,0.89,4.0271,4.1845,27058412,613519478.54,15240487670.8,14865971742.6
2162,2017-08-11,sz002273,水晶光电,22.68,23.31,22.6,22.79,22.99,-0.31,-1.3484,3.1986,20682965,473458674.86,15034983052.3,14665517143.2
2163,2017-08-14,sz002273,水晶光电,23.81,23.92,22.76,22.76,22.68,1.13,4.9824,4.7527,30732186,722663480.45,15784080532.4,15396206489.4
2164,2017-08-15,sz002273,水晶光电,23.8,24.15,23.49,23.83,23.81,-0.01,-0.042,3.4643,22401229,533057062.15,15777451351.2,15389740212.0
2165,2017-08-16,sz002273,水晶光电,24.02,24.37,23.58,23.71,23.8,0.22,0.9244,3.6036,23302005,559705021.24,15923293338.5,15531998314.8
2166,2017-08-17,sz002273,水晶光电,23.8,23.9,23.25,23.76,24.02,-0.22,-0.9159,2.8491,18422783,434270468.4,15777451351.2,15389740212.0
2167,2017-08-18,sz002273,水晶光电,23.51,23.94,23.44,23.53,23.8,-0.29,-1.2185,1.6542,10696195,252618889.27,15585205095.2,15202218167.4
2168,2017-08-21,sz002273,水晶光电,23.69,23.84,23.38,23.49,23.51,0.18,0.7656,1.6371,10586179,249872909.89,15704530357.6,15318611160.6
2169,2017-08-22,sz002273,水晶光电,23.18,23.65,23.08,23.58,23.69,-0.51,-2.1528,2.0261,13101470,304746469.38,15366442114.3,14988831013.2
2170,2017-08-23,sz002273,水晶光电,23.15,23.45,22.96,23.2,23.18,-0.03,-0.1294,1.227,7934096,183935980.07,15346554570.6,14969432181.0
2171,2017-08-24,sz002273,水晶光电,22.94,23.38,22.8,23.28,23.15,-0.21,-0.9071,2.0577,13305709,306599621.98,15207341764.6,14833640355.6
2172,2017-08-25,sz002273,水晶光电,23.68,23.69,22.86,22.86,22.94,0.74,3.2258,2.0638,13345147,312229885.25,15697901176.3,15312144883.2
2173,2017-08-28,sz002273,水晶光电,24.09,24.47,23.6,23.6,23.68,0.41,1.7314,3.2695,21141631,509038509.33,15969697607.2,15577262256.6
2174,2017-08-29,sz002273,水晶光电,24.4,25.15,24.2,24.37,24.09,0.31,1.2868,4.8049,31069934,768586371.95,16175202225.6,15777716856.0
2175,2017-08-30,sz002273,水晶光电,26.84,26.84,25.1,25.1,24.4,2.44,10.0,8.3852,54220962,1417933958.76,17792722448.2,17355488541.6
2176,2017-08-31,sz002273,水晶光电,27.33,27.78,26.69,27.55,26.84,0.49,1.8256,9.4275,60961083,1658856203.19,18117552328.9,17672336134.2
2177,2017-09-01,sz002273,水晶光电,27.75,27.98,26.72,27.69,27.33,0.42,1.5368,8.4029,54335406,1482634275.08,18395977941.0,17943919785.0
2178,2017-09-04,sz002273,水晶光电,27.2,28.75,27.0,27.71,27.75,-0.55,-1.982,8.1652,52798329,1467325088.73,18031372972.8,17588274528.0
2179,2017-09-05,sz002273,水晶光电,27.18,27.35,26.4,27.0,27.2,-0.02,-0.0735,5.2585,34003135,913177766.78,18018114610.3,17575341973.2
2180,2017-09-06,sz002273,水晶光电,27.35,27.42,26.62,26.94,27.18,0.17,0.6255,4.5025,29114659,786756650.42,18130810691.4,17685268689.0
2181,2017-09-07,sz002273,水晶光电,26.81,28.31,26.67,27.75,27.35,-0.54,-1.9744,6.5028,42048629,1156438937.37,17772834904.4,17336089709.4
2182,2017-09-08,sz002273,水晶光电,26.22,26.5,25.88,26.2,26.81,-0.59,-2.2007,4.6577,30117782,788151121.87,17381713211.3,16954579342.8
2183,2017-09-11,sz002273,水晶光电,27.5,27.74,26.23,26.27,26.22,1.28,4.8818,5.7544,37209724,1004142688.74,18230248410.0,17782262850.0
2184,2017-09-12,sz002273,水晶光电,28.6,29.08,27.3,27.4,27.5,1.1,4.0,7.9783,51589793,1467264629.48,18959458346.4,18493553364.0
2185,2017-09-13,sz002273,水晶光电,26.69,27.6,26.01,27.54,28.6,-1.91,-6.6783,7.7329,50003211,1336910799.35,17693284729.6,17258494380.6
2186,2017-09-14,sz002273,水晶光电,26.08,27.09,25.91,26.58,26.69,-0.61,-2.2855,4.731,30592191,810681697.88,17288904673.9,16864051459.2
2187,2017-09-15,sz002273,水晶光电,26.59,26.83,25.88,26.18,26.08,0.51,1.9555,3.3632,21747701,573406640.55,17626992917.2,17193831606.6
2188,2017-09-18,sz002273,水晶光电,26.69,26.8,25.91,26.3,26.59,0.1,0.3761,2.5059,16203801,428151464.71,17693284729.6,17258494380.6
2189,2017-09-19,sz002273,水晶光电,26.06,27.12,25.82,26.69,26.69,-0.63,-2.3604,3.7274,24102123,637738754.58,17275646311.4,16851118904.4
2190,2017-09-20,sz002273,水晶光电,25.54,26.26,25.29,26.11,26.06,-0.52,-1.9954,4.4895,29030668,741458017.73,16930928887.0,16514872479.6
2191,2017-09-21,sz002273,水晶光电,25.58,26.26,25.43,25.56,25.54,0.04,0.1566,2.783,17995512,465035333.17,16957445611.9,16540737589.2
2192,2017-09-22,sz002273,水晶光电,24.98,25.49,24.81,25.49,25.58,-0.6,-2.3456,2.3498,15194741,381630075.67,16559694737.5,16152760945.2
2193,2017-09-25,sz002273,水晶光电,24.33,25.17,24.27,25.07,24.98,-0.65,-2.6021,2.6547,17166108,421835496.59,16128797956.9,15732452914.2
2194,2017-09-26,sz002273,水晶光电,24.74,24.75,24.13,24.46,24.33,0.41,1.6852,1.9509,12614957,308533322.87,16400594387.8,15997570287.6
2195,2017-09-27,sz002273,水晶光电,25.48,25.61,24.75,24.8,24.74,0.74,2.9911,2.625,16973964,430011791.17,16891153799.5,16476074815.2
2196,2017-09-28,sz002273,水晶光电,25.29,25.86,25.23,25.56,25.48,-0.19,-0.7457,1.4512,9383836,239038848.42,16765199356.0,16353215544.6
2197,2017-09-29,sz002273,水晶光电,25.54,25.95,25.16,25.26,25.29,0.25,0.9885,1.6964,10969214,281577386.74,16930928887.0,16514872479.6
2198,2017-10-09,sz002273,水晶光电,26.22,26.38,25.5,25.82,25.54,0.68,2.6625,2.4574,15890133,414510157.79,17381713211.3,16954579342.8
2199,2017-10-10,sz002273,水晶光电,26.09,26.43,25.68,26.2,26.22,-0.13,-0.4958,2.054,13281936,346071014.88,17295533855.2,16870517736.6
2200,2017-10-11,sz002273,水晶光电,25.2,26.03,25.19,25.99,26.09,-0.89,-3.4113,2.1565,13944415,355527907.67,16705536724.8,16295019048.0
2201,2017-10-12,sz002273,水晶光电,25.23,25.75,25.13,25.15,25.2,0.03,0.119,1.5613,10096031,257110470.85,16725424268.5,16314417880.2
2202,2017-10-13,sz002273,水晶光电,27.11,27.57,25.26,25.28,25.23,1.88,7.4514,6.0485,39110994,1044377604.83,17971710341.6,17530078031.4
2203,2017-10-16,sz002273,水晶光电,27.29,28.02,27.02,27.12,27.11,0.18,0.664,5.0282,32513660,891758546.8,18091035604.0,17646471024.6
2204,2017-10-17,sz002273,水晶光电,27.83,28.61,26.88,27.25,27.29,0.54,1.9787,5.0546,32684665,914432740.75,18449011390.9,17995650004.2
2205,2017-10-18,sz002273,水晶光电,27.31,27.81,26.84,27.01,27.83,-0.52,-1.8685,4.4373,28692643,782878083.14,18104293966.4,17659403579.4
2206,2017-10-19,sz002273,水晶光电,26.5,27.76,26.47,27.27,27.31,-0.81,-2.9659,2.5946,16777656,454021484.58,17567330286.0,17135635110.0
2207,2017-10-20,sz002273,水晶光电,27.6,27.6,26.15,26.25,26.5,1.1,4.1509,2.6343,17034428,458755754.36,18296540222.4,17846925624.0
2208,2017-10-23,sz002273,水晶光电,28.0,28.19,27.1,27.58,27.6,0.4,1.4493,3.0033,19420340,540004742.22,18561707472.0,18105576720.0
2209,2017-10-24,sz002273,水晶光电,27.73,28.3,27.3,28.02,28.0,-0.27,-0.9643,2.3934,15476677,430301301.21,18382719578.5,17930987230.2
2210,2017-10-25,sz002273,水晶光电,29.14,29.33,28.0,28.0,27.73,1.41,5.0847,5.1687,33422375,961894409.72,19317434133.4,18842732343.6
2211,2017-10-26,sz002273,水晶光电,29.25,29.34,28.75,29.19,29.14,0.11,0.3775,3.3684,21781152,632857072.36,19390355127.0,18913861395.0
2212,2017-10-27,sz002273,水晶光电,28.75,29.17,28.3,29.0,29.25,-0.5,-1.7094,3.2256,20857382,599394046.95,19058896065.0,18590547525.0
2213,2017-10-30,sz002273,水晶光电,28.35,29.33,27.57,29.13,28.75,-0.4,-1.3913,3.5846,23179326,658442343.75,18793728815.4,18331896429.0
2214,2017-10-31,sz002273,水晶光电,28.44,28.58,27.7,28.48,28.35,0.09,0.3175,2.1899,14160775,398876959.31,18853391446.6,18390092925.6
2215,2017-11-01,sz002273,水晶光电,28.8,28.97,27.94,28.47,28.44,0.36,1.2658,2.5753,16652350,476241499.88,19092041971.2,18622878912.0
2216,2017-11-02,sz002273,水晶光电,27.47,28.7,27.3,28.7,28.8,-1.33,-4.6181,2.9853,19303519,536674033.96,18210360866.3,17762864017.8
2217,2017-11-03,sz002273,水晶光电,26.92,27.9,26.71,27.81,27.47,-0.55,-2.0022,2.3521,15209033,414864359.54,17845755898.1,17407218760.8
2218,2017-11-06,sz002273,水晶光电,27.77,27.79,26.68,26.93,26.92,0.85,3.1575,2.4186,15639300,425561900.64,18409236303.5,17956852339.8
2219,2017-11-07,sz002273,水晶光电,27.65,27.73,26.88,27.4,27.77,-0.12,-0.4321,2.6322,17020799,463421782.67,18329686128.6,17879257011.0
2220,2017-11-08,sz002273,水晶光电,27.15,28.2,26.98,27.72,27.65,-0.5,-1.8083,2.168,14018928,387512524.35,17998227066.6,17555943141.0
2221,2017-11-09,sz002273,水晶光电,28.49,28.5,26.95,27.35,27.15,1.34,4.9355,3.9402,25478635,705341176.06,18886537352.8,18422424312.6
2222,2017-11-10,sz002273,水晶光电,30.51,30.75,28.32,28.42,28.49,2.02,7.0902,7.3392,47457617,1402107322.42,20225631963.2,19728612347.4
2223,2017-11-13,sz002273,水晶光电,30.9,30.9,29.75,30.32,30.51,0.39,1.2783,4.3092,27864341,846442530.66,20484170031.6,19980797166.0
2224,2017-11-14,sz002273,水晶光电,29.71,30.75,29.2,30.75,30.9,-1.19,-3.8511,4.6,29744704,889116127.86,19695297464.0,19211310155.4
2225,2017-11-15,sz002273,水晶光电,29.91,30.1,28.9,30.0,29.71,0.2,0.6732,3.463,22392468,664886809.38,19827881088.8,19340635703.4
2226,2017-11-16,sz002273,水晶光电,29.63,29.88,28.96,29.72,29.91,-0.28,-0.9361,3.1437,20328211,599185270.37,19642264014.1,19159579936.2
2227,2017-11-17,sz002273,水晶光电,27.68,29.58,27.5,29.4,29.63,-1.95,-6.5812,4.0305,26062427,751474491.64,18349573672.3,17898655843.2
2228,2017-11-20,sz002273,水晶光电,28.34,28.51,26.61,27.12,27.68,0.66,2.3844,2.7382,17706224,487242342.0,18787099634.2,18325430151.6
2229,2017-11-21,sz002273,水晶光电,28.0,28.44,27.38,28.06,28.34,-0.34,-1.1997,2.651,17141859,478260580.18,18561707472.0,18105576720.0
2230,2017-11-22,sz002273,水晶光电,27.2,28.28,26.72,28.0,28.0,-0.8,-2.8571,3.2213,20829972,574530772.07,18031372972.8,17588274528.0
2231,2017-11-23,sz002273,水晶光电,25.67,27.3,25.67,27.3,27.2,-1.53,-5.625,3.5729,23103470,605054110.16,17017108243.1,16598934085.8
2232,2017-11-24,sz002273,水晶光电,25.93,26.25,25.42,25.6,25.67,0.26,1.0129,1.6163,10451243,269730566.26,17189466955.3,16767057298.2
2233,2017-11-27,sz002273,水晶光电,25.75,26.33,25.25,25.82,25.93,-0.18,-0.6942,1.654,10694952,275889778.72,17070141693.0,16650664305.0
2234,2017-11-28,sz002273,水晶光电,26.12,26.51,25.6,25.6,25.75,0.37,1.4369,1.4846,9600058,251472646.29,17315421398.9,16889916568.8
2235,2017-11-29,sz002273,水晶光电,26.13,26.84,25.75,26.18,26.12,0.01,0.0383,2.0539,13281185,348876319.06,17322050580.1,16896382846.2
2236,2017-11-30,sz002273,水晶光电,25.4,25.98,25.0,25.82,26.13,-0.73,-2.7937,2.3491,15190240,385361871.24,16838120349.6,16424344596.0
2237,2017-12-01,sz002273,水晶光电,25.54,26.16,25.13,25.2,25.4,0.14,0.5512,1.7046,11022636,282677286.95,16930928887.0,16514872479.6
2238,2017-12-04,sz002273,水晶光电,25.78,26.19,25.3,25.52,25.54,0.24,0.9397,1.8853,12190725,315593306.19,17090029236.7,16670063137.2
2239,2017-12-05,sz002273,水晶光电,24.35,25.89,23.81,25.51,25.78,-1.43,-5.5469,4.0106,25933799,636817777.65,16142056319.4,15745385469.0
2240,2017-12-06,sz002273,水晶光电,24.88,24.97,24.01,24.55,24.35,0.53,2.1766,2.1779,14082751,346070612.25,16493402925.1,16088098171.2
2241,2017-12-07,sz002273,水晶光电,24.85,25.25,24.67,24.9,24.88,-0.03,-0.1206,1.9146,12380362,309459699.96,16473515381.4,16068699339.0
2242,2017-12-08,sz002273,水晶光电,25.88,26.04,24.69,24.69,24.85,1.03,4.1449,2.9886,19324900,495765240.43,17186859449.1,16734725911.2
2243,2017-12-11,sz002273,水晶光电,26.28,26.42,25.6,25.75,25.88,0.4,1.5456,2.2896,14878656,389408013.83,17452498698.7,17077473007.2
2244,2017-12-12,sz002273,水晶光电,26.0,26.7,25.68,26.14,26.28,-0.28,-1.0654,1.9786,12857669,336303052.55,17266551224.0,16895521240.0
2245,2017-12-13,sz002273,水晶光电,26.05,26.16,25.1,26.01,26.0,0.05,0.1923,2.221,14432876,370355581.36,17299756130.2,16928012627.0
2246,2017-12-14,sz002273,水晶光电,25.58,25.89,24.95,25.89,26.05,-0.47,-1.8042,2.7378,17790789,451820082.33,16987630011.9,16622593589.2
2247,2017-12-15,sz002273,水晶光电,25.3,25.78,25.11,25.37,25.58,-0.28,-1.0946,1.4359,9330884,237276136.07,16801682537.2,16440641822.0
2248,2017-12-18,sz002273,水晶光电,25.29,25.62,24.95,25.35,25.3,-0.01,-0.0395,0.9274,6026280,152669448.26,16795041556.0,16434143544.6
2249,2017-12-19,sz002273,水晶光电,25.7,25.94,25.31,25.32,25.29,0.41,1.6212,1.457,9467736,243420230.41,17067321786.8,16700572918.0
2250,2017-12-20,sz002273,水晶光电,24.8,25.74,24.36,25.74,25.7,-0.9,-3.5019,2.5965,16872915,417969651.33,16469633475.2,16115727952.0
2251,2017-12-21,sz002273,水晶光电,25.04,25.28,24.25,24.83,24.8,0.24,0.9677,1.634,10618070,264316521.73,16629017025.0,16271686609.6
2252,2017-12-22,sz002273,水晶光电,24.62,25.19,24.46,25.04,25.04,-0.42,-1.6773,1.4057,9134475,225637323.95,16350095812.9,15998758958.8
2253,2017-12-25,sz002273,水晶光电,23.31,24.66,23.01,24.62,24.62,-1.31,-5.3209,3.3167,21552535,506357519.74,15480127270.4,15147484619.4
2254,2017-12-26,sz002273,水晶光电,23.92,24.21,23.01,23.11,23.31,0.61,2.6169,1.8255,11862769,281844360.3,15885227126.1,15543879540.8
2255,2017-12-27,sz002273,水晶光电,23.1,23.82,22.96,23.79,23.92,-0.82,-3.4281,2.4073,15643286,365246823.68,15340666664.4,15011020794.0
2256,2017-12-28,sz002273,水晶光电,23.62,23.75,23.01,23.07,23.1,0.52,2.2511,1.8194,11822899,277731336.53,15685997688.9,15348931218.8
2257,2017-12-29,sz002273,水晶光电,23.59,23.98,23.4,23.71,23.62,-0.03,-0.127,1.1873,7715205,182225044.4,15666074745.2,15329436386.6
2258,2018-01-02,sz002273,水晶光电,23.86,24.03,23.03,23.69,23.59,0.27,1.1446,1.6013,10405827,245584554.15,15845381238.6,15504889876.4
2259,2018-01-03,sz002273,水晶光电,24.25,24.5,23.65,23.94,23.86,0.39,1.6345,1.9411,12614108,304730868.66,16104379507.0,15758322695.0
2260,2018-01-04,sz002273,水晶光电,24.05,24.51,23.92,24.16,24.25,-0.2,-0.8247,1.6506,10725770,258936698.93,15971559882.2,15628357147.0
2261,2018-01-05,sz002273,水晶光电,23.53,24.16,23.52,24.09,24.05,-0.52,-2.1622,1.246,8097110,192348577.14,15626228857.7,15290446722.2
2262,2018-01-08,sz002273,水晶光电,23.35,23.66,23.0,23.58,23.53,-0.18,-0.765,1.8803,12218917,283549233.13,15506691195.4,15173477729.0
2263,2018-01-09,sz002273,水晶光电,23.88,23.88,23.29,23.35,23.35,0.53,2.2698,1.3866,9010305,212105187.61,15858663201.1,15517886431.2
2264,2018-01-10,sz002273,水晶光电,22.64,23.88,22.25,23.88,23.88,-1.24,-5.1926,4.5134,29329132,668410883.43,15035181527.4,14712100033.6
2265,2018-01-11,sz002273,水晶光电,22.56,22.68,21.82,22.58,22.64,-0.08,-0.3534,2.2055,14332256,320699245.56,14982053677.4,14660113814.4
2266,2018-01-12,sz002273,水晶光电,22.03,22.61,22.0,22.6,22.56,-0.53,-2.3493,1.6527,10739757,240175083.98,14630081671.7,14315705112.2
2267,2018-01-15,sz002273,水晶光电,21.15,22.15,20.99,22.1,22.03,-0.88,-3.9946,2.8702,18651248,401084115.78,14045675322.6,13743856701.0
2268,2018-01-16,sz002273,水晶光电,20.63,21.37,20.39,21.25,21.15,-0.52,-2.4586,2.4729,16069695,334986298.79,13700344298.1,13405946276.2
2269,2018-01-17,sz002273,水晶光电,21.83,22.1,20.23,20.7,20.63,1.2,5.8168,3.503,22763403,484272719.08,14497262046.9,14185739564.2
2270,2018-01-18,sz002273,水晶光电,21.31,21.84,21.24,21.62,21.83,-0.52,-2.382,1.6617,10798351,232349703.6,14151931022.4,13847829139.4
2271,2018-01-19,sz002273,水晶光电,21.12,21.68,21.0,21.31,21.31,-0.19,-0.8916,1.3008,8452727,180907640.48,14025752378.9,13724361868.8
2272,2018-01-22,sz002273,水晶光电,21.44,21.58,20.4,21.1,21.12,0.32,1.5152,1.7996,11694621,246515556.0,14238263778.6,13932306745.6
2273,2018-01-23,sz002273,水晶光电,20.93,21.45,20.85,21.45,21.44,-0.51,-2.3787,1.4331,9312477,196657112.26,13899573735.3,13600894598.2
2274,2018-01-24,sz002273,水晶光电,21.42,21.63,20.9,21.21,20.93,0.49,2.3411,2.1429,13925220,296897566.15,14224981816.1,13919310190.8
2275,2018-01-25,sz002273,水晶光电,21.5,22.06,21.24,21.3,21.42,0.08,0.3735,2.3304,15143266,328979931.41,14278109666.0,13971296410.0
2276,2018-01-26,sz002273,水晶光电,20.76,21.79,20.7,21.49,21.5,-0.74,-3.4419,2.5473,16552878,348858715.25,13786677054.2,13490423882.4
2277,2018-01-29,sz002273,水晶光电,20.4,20.95,20.26,20.78,20.76,-0.36,-1.7341,2.217,14406651,294702719.18,13547601729.6,13256485896.0
2278,2018-01-30,sz002273,水晶光电,20.31,20.62,20.11,20.35,20.4,-0.09,-0.4412,1.1885,7723009,157258828.74,13487832898.4,13198001399.4
2279,2018-01-31,sz002273,水晶光电,20.24,20.44,20.03,20.21,20.31,-0.07,-0.3447,1.3616,8848049,178746457.13,13441346029.8,13152513457.6
2280,2018-02-01,sz002273,水晶光电,19.96,20.49,19.88,20.24,20.24,-0.28,-1.3834,1.6698,10851035,218693349.44,13255398555.0,12970561690.4
2281,2018-02-02,sz002273,水晶光电,20.48,20.71,19.61,20.0,19.96,0.52,2.6052,2.3196,15073528,306822195.29,13600729579.5,13308472115.2
2282,2018-02-05,sz002273,水晶光电,19.74,20.25,19.68,20.1,20.48,-0.74,-3.6133,1.8815,12226325,243006264.73,13109296967.8,12827599587.6
2283,2018-02-06,sz002273,水晶光电,18.4,19.7,18.22,19.03,19.74,-1.34,-6.7882,2.2493,14616797,276155441.44,12219405481.6,11956830416.0
2284,2018-02-07,sz002273,水晶光电,18.12,19.0,17.58,18.9,18.4,-0.28,-1.5217,1.86,12086921,220710946.61,12033458006.9,11774878648.8
2285,2018-02-08,sz002273,水晶光电,18.79,18.91,18.02,18.12,18.12,0.67,3.6976,1.7427,11324701,210797089.11,12478403750.0,12210263234.6
2286,2018-02-09,sz002273,水晶光电,18.76,19.25,18.16,18.34,18.79,-0.03,-0.1597,2.7442,17832476,336232407.85,12458480806.2,12190768402.4
2287,2018-02-12,sz002273,水晶光电,19.15,19.32,18.6,19.01,18.76,0.39,2.0789,2.3636,15359264,290919823.15,12717479074.6,12444201221.0
2288,2018-02-13,sz002273,水晶光电,18.98,19.49,18.94,19.1,19.15,-0.17,-0.8877,1.5757,10239223,196763973.93,12604582393.5,12333730505.2
2289,2018-02-14,sz002273,水晶光电,18.87,19.2,18.66,19.04,18.98,-0.11,-0.5796,0.7839,5094004,96079433.86,12531531599.9,12262249453.8
2290,2018-02-22,sz002273,水晶光电,19.61,19.62,19.03,19.14,18.87,0.74,3.9216,1.3923,9047859,175479774.59,13022964211.6,12743121981.4
2291,2018-02-23,sz002273,水晶光电,19.31,19.69,19.28,19.59,19.61,-0.3,-1.5298,1.5742,10229734,198877896.87,12823734774.4,12548173659.4
2292,2018-02-26,sz002273,水晶光电,20.84,20.97,19.37,19.44,19.31,1.53,7.9234,3.5596,23131478,471319575.98,13839804904.2,13542410101.6
2293,2018-02-27,sz002273,水晶光电,21.08,21.43,20.53,20.54,20.84,0.24,1.1516,3.7171,24154606,510117448.82,13999188453.9,13698368759.2
2294,2018-02-28,sz002273,水晶光电,20.96,21.45,20.69,20.95,21.08,-0.12,-0.5693,2.359,15329390,323889017.58,13919496679.0,13620389430.4
2295,2018-03-01,sz002273,水晶光电,21.26,21.32,20.71,20.84,20.96,0.3,1.4313,1.8446,11987034,252980260.78,14118726116.2,13815337752.4
2296,2018-03-02,sz002273,水晶光电,20.9,21.66,20.84,21.06,21.26,-0.36,-1.6933,2.3063,14987226,318839993.07,13879650791.6,13581399766.0
2297,2018-03-05,sz002273,水晶光电,21.39,21.42,20.9,20.99,20.9,0.49,2.3445,1.4995,9744020,206681489.94,14205058872.4,13899815358.6
2298,2018-03-06,sz002273,水晶光电,21.7,21.84,21.3,21.45,21.39,0.31,1.4493,2.0954,13616510,294483159.47,14410929290.8,14101261958.0
2299,2018-03-07,sz002273,水晶光电,21.13,21.71,21.03,21.55,21.7,-0.57,-2.6267,1.6735,10875031,231414545.17,14032393360.1,13730860146.2
2300,2018-03-08,sz002273,水晶光电,21.04,21.52,20.81,21.1,21.13,-0.09,-0.4259,1.7692,11496813,242062899.82,13972624529.0,13672375649.6
2301,2018-03-09,sz002273,水晶光电,21.6,21.71,20.86,20.87,21.04,0.56,2.6616,3.1934,20751733,443192063.51,14344519478.4,14036279184.0
2302,2018-03-12,sz002273,水晶光电,22.05,22.65,21.78,21.78,21.6,0.45,2.0833,3.8168,24802406,549694319.5,14643363634.2,14328701667.0
2303,2018-03-13,sz002273,水晶光电,22.34,22.69,21.9,21.96,22.05,0.29,1.3152,3.0773,19996828,446854203.64,14835952090.2,14517151711.6
2304,2018-03-14,sz002273,水晶光电,21.57,22.25,21.53,22.25,22.34,-0.77,-3.4467,2.6553,17254588,376718891.23,14324596534.7,14016784351.8
2305,2018-03-15,sz002273,水晶光电,21.25,21.77,20.82,21.61,21.57,-0.32,-1.4835,2.4002,15597108,330746802.72,14112085135.0,13808839475.0
2306,2018-03-16,sz002273,水晶光电,21.81,22.17,20.95,21.21,21.25,0.56,2.6353,3.2913,21387774,462922977.89,14483980084.4,14172743009.4
2307,2018-03-19,sz002273,水晶光电,21.84,22.11,21.25,21.74,21.81,0.03,0.1376,2.6363,17131364,372773711.18,14503903028.2,14192237841.6
2308,2018-03-20,sz002273,水晶光电,21.54,21.69,21.17,21.51,21.84,-0.3,-1.3736,1.7496,11369696,243840646.73,14304673591.0,13997289519.6
2309,2018-03-21,sz002273,水晶光电,21.45,22.03,21.4,21.52,21.54,-0.09,-0.4178,2.3926,15547795,338897720.6,14244904759.8,13938805023.0
2310,2018-03-22,sz002273,水晶光电,21.02,21.72,21.01,21.48,21.45,-0.43,-2.0047,1.7865,11608942,248419140.07,13959342566.5,13659379094.8
2311,2018-03-23,sz002273,水晶光电,18.92,19.92,18.92,19.92,21.02,-2.1,-9.9905,5.0397,32749194,634619521.74,12564736506.1,12294740840.8
2312,2018-03-26,sz002273,水晶光电,19.25,19.28,17.85,18.58,18.92,0.33,1.7442,2.4061,15635378,290935447.82,12783888887.0,12509183995.0
2313,2018-03-27,sz002273,水晶光电,19.9,20.1,19.49,19.49,19.25,0.65,3.3766,2.626,17064217,337840327.14,13215552667.6,12931572026.0
2314,2018-03-28,sz002273,水晶光电,19.57,19.76,19.32,19.48,19.9,-0.33,-1.6583,1.9028,12365143,241665407.19,12996400286.7,12717128871.8
2315,2018-03-29,sz002273,水晶光电,19.6,19.84,19.52,19.58,19.57,0.03,0.1533,1.3164,8554263,167787895.13,13016323230.4,12736623704.0
2316,2018-03-30,sz002273,水晶光电,20.16,20.17,19.7,19.7,19.6,0.56,2.8571,2.0265,13168800,263678715.11,13388218179.8,13100527238.4
2317,2018-04-02,sz002273,水晶光电,20.73,21.78,20.51,21.01,20.16,0.57,2.8274,4.6161,29996768,633354635.85,13766754110.5,13470929050.2
2318,2018-04-03,sz002273,水晶光电,20.4,20.48,19.83,20.2,20.73,-0.33,-1.5919,3.0933,20100812,404320471.87,13547601729.6,13256485896.0
2319,2018-04-04,sz002273,水晶光电,20.0,20.47,19.91,20.4,20.4,-0.4,-1.9608,2.2004,14298651,287640382.03,13281962480.0,12996554800.0
2320,2018-04-09,sz002273,水晶光电,19.41,20.08,19.36,19.83,20.0,-0.59,-2.95,1.9888,12923802,253949648.55,12890144586.8,12613156433.4
2321,2018-04-10,sz002273,水晶光电,19.5,19.62,19.19,19.46,19.41,0.09,0.4637,1.7286,11233093,217635680.07,12949913418.0,12671640930.0
2322,2018-04-11,sz002273,水晶光电,19.57,19.82,19.53,19.61,19.5,0.07,0.359,1.4063,9138237,179593093.86,12996400286.7,12717128871.8
2323,2018-04-12,sz002273,水晶光电,19.67,19.97,19.52,19.75,19.57,0.1,0.511,1.547,10052600,198405760.09,13062810099.1,12782111645.8
2324,2018-04-13,sz002273,水晶光电,19.6,19.85,19.45,19.77,19.67,-0.07,-0.3559,1.1013,7156354,140552378.76,13016323230.4,12736623704.0
2325,2018-04-16,sz002273,水晶光电,19.4,19.56,19.17,19.41,19.6,-0.2,-1.0204,1.1448,7439079,143923409.3,12883503605.6,12606658156.0
2326,2018-04-17,sz002273,水晶光电,19.26,19.99,19.07,19.69,19.4,-0.14,-0.7216,1.457,9467757,184685221.36,12790529868.2,12515682272.4
2327,2018-04-18,sz002273,水晶光电,19.5,19.54,18.8,19.37,19.26,0.24,1.2461,1.7344,11270530,216272162.67,12949913418.0,12671640930.0
2328,2018-04-19,sz002273,水晶光电,19.32,19.57,19.22,19.49,19.5,-0.18,-0.9231,1.8415,11966445,231982758.76,12830375755.7,12554671936.8
2329,2018-04-20,sz002273,水晶光电,18.58,19.54,18.4,19.4,19.32,-0.74,-3.8302,2.3902,15532233,295132997.22,12338943143.9,12073799409.2
2330,2018-04-23,sz002273,水晶光电,18.11,18.62,17.92,18.61,18.58,-0.47,-2.5296,1.523,9897191,179634481.42,12026817025.6,11768380371.4
2331,2018-04-24,sz002273,水晶光电,18.55,18.6,18.0,18.18,18.11,0.44,2.4296,1.4321,9306180,170783965.41,12319020200.2,12054304577.0
2332,2018-04-25,sz002273,水晶光电,19.02,19.06,18.31,18.48,18.55,0.47,2.5337,1.8709,12157672,229278351.55,12631146318.5,12359723614.8
2333,2018-04-26,sz002273,水晶光电,18.29,19.02,18.23,18.93,19.02,-0.73,-3.8381,1.3194,8573685,159932212.52,12146354688.0,11885349364.6
2334,2018-04-27,sz002273,水晶光电,18.62,18.87,18.39,18.39,18.29,0.33,1.8043,1.044,6784000,126558725.93,12365507068.9,12099792518.8
2335,2018-05-02,sz002273,水晶光电,19.29,19.41,18.67,18.67,18.62,0.67,3.5983,1.8851,12249773,234715193.56,12810452812.0,12535177104.6
2336,2018-05-03,sz002273,水晶光电,19.6,19.63,18.92,19.28,19.29,0.31,1.6071,2.0039,13022064,252111039.74,13016323230.4,12736623704.0
2337,2018-05-04,sz002273,水晶光电,19.36,19.97,19.35,19.73,19.6,-0.24,-1.2245,1.7898,11630876,228474679.53,12856939680.6,12580665046.4
2338,2018-05-07,sz002273,水晶光电,19.65,19.8,19.36,19.4,19.36,0.29,1.4979,1.5078,9798138,192646169.59,13049528136.6,12769115091.0
2339,2018-05-08,sz002273,水晶光电,20.03,20.15,19.48,19.68,19.65,0.38,1.9338,2.4393,15851048,315607338.99,13301885423.7,13016049632.2
2340,2018-05-09,sz002273,水晶光电,19.99,20.25,19.85,20.25,20.03,-0.04,-0.1997,1.4914,9691556,194070030.8,13275321498.8,12990056522.6
2341,2018-05-10,sz002273,水晶光电,20.04,20.15,19.73,20.0,19.99,0.05,0.2501,1.3638,8862428,176587485.05,13308526405.0,13022547909.6
2342,2018-05-11,sz002273,水晶光电,20.41,20.53,20.06,20.25,20.04,0.37,1.8463,2.698,17532584,356942513.03,13554242710.8,13262984173.4
2343,2018-05-14,sz002273,水晶光电,20.41,20.9,20.27,20.27,20.41,0.0,0.0,2.0607,13391235,275856410.82,13554242710.8,13262984173.4
2344,2018-05-15,sz002273,水晶光电,20.03,20.41,19.74,20.33,20.41,-0.38,-1.8618,1.6412,10664961,213052875.59,13301885423.7,13016049632.2
2345,2018-05-16,sz002273,水晶光电,19.63,19.98,19.6,19.96,20.03,-0.4,-1.997,1.5465,10049740,198168888.88,13036246174.1,12756118536.2
2346,2018-05-17,sz002273,水晶光电,19.59,19.92,19.56,19.69,19.63,-0.04,-0.2038,1.052,6836178,134895795.01,13009682249.2,12730125426.6
2347,2018-05-18,sz002273,水晶光电,19.53,19.78,19.43,19.55,19.59,-0.06,-0.3063,1.0917,7094064,138824460.53,12969836361.7,12691135762.2
2348,2018-05-21,sz002273,水晶光电,20.28,20.49,19.93,20.01,19.53,0.75,3.8402,2.2872,14862977,301207699.85,13467909954.7,13178506567.2
2349,2018-05-22,sz002273,水晶光电,20.59,20.75,20.26,20.3,20.28,0.31,1.5286,2.1824,14182018,291246591.49,13673780373.2,13379953166.6
2350,2018-05-23,sz002273,水晶光电,15.45,15.87,15.41,15.85,15.76,-0.31,-1.967,1.3422,11338754,176511772.47,13338410817.5,13051790157.9
2351,2018-05-24,sz002273,水晶光电,15.31,15.6,15.2,15.39,15.45,-0.14,-0.9061,1.0312,8711289,134262438.53,13217544958.9,12933521509.2
2352,2018-05-25,sz002273,水晶光电,15.07,15.31,14.93,15.17,15.31,-0.24,-1.5676,0.9411,7950223,119981322.85,13010346344.3,12730775254.3
2353,2018-05-28,sz002273,水晶光电,15.21,15.37,14.9,15.06,15.07,0.14,0.929,0.9229,7796548,118766097.91,13131212202.8,12849043903.0
2354,2018-05-29,sz002273,水晶光电,15.36,15.46,15.2,15.26,15.21,0.15,0.9862,1.0429,8810355,135359226.44,13260711337.0,12975760312.3
2355,2018-05-30,sz002273,水晶光电,14.5,15.05,14.48,15.01,15.36,-0.86,-5.599,1.4115,11924006,176064944.96,12518249634.5,12249252899.0
2356,2018-05-31,sz002273,水晶光电,14.5,14.83,14.27,14.66,14.5,0.0,0.0,1.1108,9384104,136488994.88,12518249634.5,12249252899.0
2357,2018-06-01,sz002273,水晶光电,14.14,14.5,13.99,14.5,14.5,-0.36,-2.4828,0.8428,7119547,101148142.08,12207451712.5,11945133516.7
2358,2018-06-04,sz002273,水晶光电,14.37,14.46,14.05,14.21,14.14,0.23,1.6266,0.6501,5491509,78620590.1,12406017051.6,12139432010.9
2359,2018-06-05,sz002273,水晶光电,15.81,15.81,14.49,14.5,14.37,1.44,10.0209,5.2522,44369030,691035445.95,13649208739.4,13355909540.2
2360,2018-06-06,sz002273,水晶光电,16.42,16.73,16.12,16.27,15.81,0.61,3.8583,7.2136,60938580,999459495.97,14175838551.6,13871222938.0
2361,2018-06-07,sz002273,水晶光电,16.3,16.65,16.17,16.49,16.42,-0.12,-0.7308,3.8099,32185197,525624376.13,14072239244.3,13769849810.6
2362,2018-06-08,sz002273,水晶光电,16.13,16.45,15.9,16.28,16.3,-0.17,-1.0429,3.4574,29207264,473499224.22,13925473558.9,13626237880.1
2363,2018-06-11,sz002273,水晶光电,16.02,16.45,15.95,16.21,16.13,-0.11,-0.682,3.0108,25434503,412651177.38,13830507527.2,13533312513.2
2364,2018-06-12,sz002273,水晶光电,16.06,16.24,15.42,16.17,16.02,0.04,0.2497,2.9832,25201760,398976597.74,13865040629.7,13567103555.7
2365,2018-06-13,sz002273,水晶光电,15.56,15.97,15.51,15.9,16.06,-0.5,-3.1133,1.7898,15119809,238020318.88,13433376849.2,13144715524.7
2366,2018-06-14,sz002273,水晶光电,15.32,15.75,15.12,15.55,15.56,-0.24,-1.5424,2.0566,17373727,268396184.28,13226185113.2,12941976148.5
2367,2018-06-15,sz002273,水晶光电,14.97,15.47,14.68,15.3,15.32,-0.35,-2.2846,2.132,18010287,270218543.05,12924020309.7,12646304369.7
2368,2018-06-19,sz002273,水晶光电,13.47,14.74,13.47,14.45,14.97,-1.5,-10.02,3.6559,30883927,427455298.21,11629028294.7,11379139603.2
2369,2018-06-20,sz002273,水晶光电,13.02,13.55,12.41,13.3,13.47,-0.45,-3.3408,3.4291,28968422,378913391.96,11240530690.2,10998990173.2
2370,2018-06-21,sz002273,水晶光电,12.08,13.1,12.01,13.03,13.02,-0.94,-7.2197,2.7477,23211582,290586636.63,10429002360.8,10204900252.9
2371,2018-06-22,sz002273,水晶光电,12.32,12.43,11.58,11.96,12.08,0.24,1.9868,1.8511,15637244,189359534.46,10636201083.2,10407646615.5
2372,2018-06-25,sz002273,水晶光电,12.07,12.64,12.01,12.44,12.32,-0.25,-2.0292,1.9353,16349209,201866359.21,10420369080.7,10196452487.8
2373,2018-06-26,sz002273,水晶光电,12.54,12.62,11.63,11.74,12.07,0.47,3.894,1.7822,15055587,186055589.36,10826133245.4,10593497447.9
2374,2018-06-27,sz002273,水晶光电,12.3,12.68,12.16,12.66,12.54,-0.24,-1.9139,1.328,11218522,139348073.23,10618934523.0,10390751085.3
2375,2018-06-28,sz002273,水晶光电,12.38,12.83,12.31,12.35,12.3,0.08,0.6504,1.4626,12355825,154688385.0,10688000763.8,10458333206.2
2376,2018-06-29,sz002273,水晶光电,12.87,12.95,12.35,12.52,12.38,0.49,3.958,1.6386,13842086,175589646.16,11111031488.7,10872273696.6
2377,2018-07-02,sz002273,水晶光电,12.53,12.94,12.34,12.8,12.87,-0.34,-2.6418,1.0732,9065958,114734690.83,10817499965.3,10585049682.8
2378,2018-07-03,sz002273,水晶光电,12.53,12.75,12.12,12.67,12.53,0.0,0.0,1.986,16777247,207814796.13,10817503699.2,10585053416.8
2379,2018-07-04,sz002273,水晶光电,11.97,12.51,11.83,12.51,12.53,-0.56,-4.4693,1.6599,14022612,169670062.67,10334039846.8,10111978403.7
2380,2018-07-05,sz002273,水晶光电,11.56,12.15,11.56,11.91,11.97,-0.41,-3.4252,1.4524,12269460,145368592.93,9980075240.48,9765619912.04
2381,2018-07-06,sz002273,水晶光电,11.74,12.0,11.28,11.61,11.56,0.18,1.5571,1.6396,13850542,162665586.77,10135474335.9,9917679737.66
2382,2018-07-09,sz002273,水晶光电,12.5,12.6,11.72,11.72,11.74,0.76,6.4736,2.2781,19244817,237177936.07,10791603850.0,10559710112.5
2383,2018-07-10,sz002273,水晶光电,12.54,12.61,12.35,12.5,12.5,0.04,0.32,1.4453,12209530,152370949.44,10826136982.3,10593501184.9
2384,2018-07-11,sz002273,水晶光电,12.3,12.41,11.94,12.18,12.54,-0.24,-1.9139,1.429,12071577,147049568.48,10618938188.4,10390754750.7
2385,2018-07-12,sz002273,水晶光电,13.28,13.47,12.32,12.32,12.3,0.98,7.9675,3.5701,30159677,392037904.43,11464999930.2,11218636023.5
2386,2018-07-13,sz002273,水晶光电,13.18,13.28,13.03,13.2,13.28,-0.1,-0.753,1.6507,13944680,183238153.02,11378667099.4,11134158342.6
2387,2018-07-16,sz002273,水晶光电,13.2,13.36,13.1,13.18,13.18,0.02,0.1517,1.2004,10140975,133712217.47,11395933665.6,11151053878.8
2388,2018-07-17,sz002273,水晶光电,13.1,13.25,12.71,13.2,13.2,-0.1,-0.7576,1.6662,14075857,182319854.3,11309600834.8,11066576197.9
2389,2018-07-18,sz002273,水晶光电,12.69,13.15,12.66,13.1,13.1,-0.41,-3.1298,1.3673,11550808,149090763.4,10955636228.5,10720217706.2
2390,2018-07-19,sz002273,水晶光电,12.79,12.93,12.63,12.78,12.69,0.1,0.788,1.2273,10367732,132724265.76,11041969059.3,10804695387.1
2391,2018-07-20,sz002273,水晶光电,12.98,13.03,12.72,12.79,12.79,0.19,1.4855,1.0948,9248511,119495250.37,11206001437.8,10965202980.8
2392,2018-07-23,sz002273,水晶光电,13.26,13.33,12.79,12.88,12.98,0.28,2.1572,1.7787,15026091,198136965.45,11447733364.1,11201740487.3
2393,2018-07-24,sz002273,水晶光电,13.4,13.48,13.08,13.31,13.26,0.14,1.0558,1.9407,16394798,218739093.41,11568599327.2,11320009240.6
2394,2018-07-25,sz002273,水晶光电,13.17,13.47,13.05,13.4,13.4,-0.23,-1.7164,1.353,11429746,151569072.85,11370033816.4,11125710574.5
2395,2018-07-26,sz002273,水晶光电,12.83,13.17,12.71,13.17,13.17,-0.34,-2.5816,1.4437,12195942,156752096.39,11076502191.6,10838486459.5
2396,2018-07-27,sz002273,水晶光电,12.54,12.8,12.44,12.8,12.83,-0.29,-2.2603,1.0653,8999074,113286166.88,10826136982.3,10593501184.9
2397,2018-07-30,sz002273,水晶光电,12.22,12.62,12.03,12.4,12.54,-0.32,-2.5518,1.2497,10556915,129523450.33,10549871923.8,10323172606.0
2398,2018-07-31,sz002273,水晶光电,12.14,12.25,12.05,12.1,12.22,-0.08,-0.6547,0.9257,7819686,94824671.34,10480805659.1,10255590461.3
2399,2018-08-01,sz002273,水晶光电,12.0,12.44,12.0,12.3,12.14,-0.14,-1.1532,1.3328,11259437,137428371.02,10359941136.0,10137323148.0
2400,2018-08-02,sz002273,水晶光电,11.46,12.01,11.11,11.98,12.0,-0.54,-4.5,1.6287,13758518,158415589.11,9893743784.88,9681143606.34
2401,2018-08-03,sz002273,水晶光电,11.29,11.57,11.29,11.44,11.46,-0.17,-1.4834,0.6932,5856084,66967799.12,9746977952.12,9537531528.41
2402,2018-08-06,sz002273,水晶光电,11.23,11.5,11.09,11.2,11.29,-0.06,-0.5314,0.7865,6728578,76028817.89,9695178246.44,9607876226.44
2403,2018-08-07,sz002273,水晶光电,11.7,11.7,11.29,11.32,11.23,0.47,4.1852,1.1077,9476847,109037601.67,10100942607.6,10009986807.6
2404,2018-08-08,sz002273,水晶光电,11.45,11.69,11.38,11.67,11.7,-0.25,-2.1368,0.7432,6358359,73339958.84,9885110500.6,9796098200.6
2405,2018-08-09,sz002273,水晶光电,11.75,11.9,11.45,11.48,11.45,0.3,2.6201,1.8285,15643724,183579430.63,10144109029.0,10052764529.0
2406,2018-08-10,sz002273,水晶光电,11.72,11.83,11.58,11.7,11.75,-0.03,-0.2553,1.2781,10934645,127596146.24,10118209176.2,10027097896.2
2407,2018-08-13,sz002273,水晶光电,11.75,11.76,11.33,11.52,11.72,0.03,0.256,1.4163,12117081,139134140.6,10144109029.0,10052764529.0
2408,2018-08-14,sz002273,水晶光电,11.42,11.63,11.31,11.59,11.75,-0.33,-2.8085,1.2338,10555935,121018838.89,9859210647.76,9770431567.76
2409,2018-08-15,sz002273,水晶光电,11.21,11.52,11.18,11.41,11.42,-0.21,-1.8389,1.0566,9040093,102186241.15,9677911677.88,9590765137.88
2410,2018-08-16,sz002273,水晶光电,11.12,11.26,10.94,11.1,11.21,-0.09,-0.8029,0.9779,8366702,93066476.94,9600212119.36,9513765239.36
2411,2018-08-17,sz002273,水晶光电,10.9,11.38,10.9,11.25,11.12,-0.22,-1.9784,1.1319,9684398,107501510.41,9410279865.2,9325543265.2
2412,2018-08-20,sz002273,水晶光电,10.98,11.04,10.38,10.9,10.9,0.08,0.7339,1.1841,10130253,109048020.22,9479346139.44,9393987619.44
2413,2018-08-21,sz002273,水晶光电,11.11,11.23,10.82,10.92,10.98,0.13,1.184,1.1874,10158564,112418655.32,9591578835.08,9505209695.08
2414,2018-08-22,sz002273,水晶光电,10.85,11.25,10.77,11.15,11.11,-0.26,-2.3402,1.0308,8819438,97254929.55,9367113443.8,9282765543.8
2415,2018-08-23,sz002273,水晶光电,11.34,11.49,10.9,10.9,10.85,0.49,4.5161,2.2323,19098746,215174508.57,9790144373.52,9701987213.52
2416,2018-08-24,sz002273,水晶光电,11.38,11.48,11.16,11.33,11.34,0.04,0.3527,1.5223,13024296,147977372.9,9824677510.64,9736209390.64
2417,2018-08-27,sz002273,水晶光电,11.67,11.76,11.43,11.45,11.38,0.29,2.5483,1.7167,14686989,170824931.62,10075042754.8,9984320174.76
2418,2018-08-28,sz002273,水晶光电,11.74,11.9,11.61,11.63,11.67,0.07,0.5998,1.6894,14454050,169864099.08,10135475744.7,10044208984.7
2419,2018-08-29,sz002273,水晶光电,11.68,11.84,11.63,11.69,11.74,-0.06,-0.5111,1.0099,8640504,100976537.38,10083676039.0,9992875719.04
2420,2018-08-30,sz002273,水晶光电,11.59,11.77,11.49,11.65,11.68,-0.09,-0.7705,1.2509,10701964,124451983.93,10005976480.5,9915875820.52
2421,2018-08-31,sz002273,水晶光电,11.48,11.7,11.47,11.51,11.59,-0.11,-0.9491,0.9692,8291979,96081849.62,9905193850.72,9821768690.72
2422,2018-09-03,sz002273,水晶光电,11.77,11.77,11.26,11.51,11.48,0.29,2.5261,1.515,12961405,149878110.72,10155412162.3,10069879572.3
2423,2018-09-04,sz002273,水晶光电,11.78,11.86,11.53,11.75,11.77,0.01,0.085,1.8663,15967062,187047895.07,10164040379.9,10078435119.9
2424,2018-09-05,sz002273,水晶光电,11.47,11.79,11.46,11.77,11.78,-0.31,-2.6316,1.3062,11175285,130265487.58,9896565633.08,9813213143.08
2425,2018-09-06,sz002273,水晶光电,11.44,11.64,11.28,11.41,11.47,-0.03,-0.2616,1.2799,10950613,125402538.33,9870680980.16,9787546500.16
2426,2018-09-07,sz002273,水晶光电,11.84,12.07,11.5,11.55,11.44,0.4,3.4965,2.7765,23754561,280548186.9,10215809685.8,10129768405.8
2427,2018-09-10,sz002273,水晶光电,10.71,11.78,10.66,11.75,11.84,-1.13,-9.5439,3.5142,30066250,334291523.37,9240821092.44,9162991522.44
2428,2018-09-11,sz002273,水晶光电,10.73,10.84,10.45,10.6,10.71,0.02,0.1867,1.3879,11874264,126434892.64,9258077527.72,9180102617.72
2429,2018-09-12,sz002273,水晶光电,10.67,10.82,10.62,10.69,10.73,-0.06,-0.5592,0.8886,7602718,81428054.03,9206308221.88,9128769331.88
2430,2018-09-13,sz002273,水晶光电,10.84,11.1,10.63,10.94,10.67,0.17,1.5933,1.3612,11645432,126308573.92,9352987921.76,9274213641.76
2431,2018-09-14,sz002273,水晶光电,10.51,10.86,10.41,10.82,10.84,-0.33,-3.0443,1.5786,13505730,143037636.39,9068256739.64,8991880569.64
2432,2018-09-17,sz002273,水晶光电,10.33,10.46,10.31,10.4,10.51,-0.18,-1.7127,0.7538,6449416,66881593.48,8912948822.12,8837880712.12
2433,2018-09-18,sz002273,水晶光电,10.52,10.52,10.24,10.25,10.33,0.19,1.8393,0.8649,7399452,77042537.07,9076884957.28,9000436117.28
2434,2018-09-19,sz002273,水晶光电,10.71,10.85,10.55,10.55,10.52,0.19,1.8061,1.4581,12474443,133688206.68,9240821092.44,9162991522.44
2435,2018-09-20,sz002273,水晶光电,10.6,10.77,10.57,10.75,10.71,-0.11,-1.0271,0.9433,8070073,86081101.47,9145910698.4,9068880498.4
2436,2018-09-21,sz002273,水晶光电,10.8,10.82,10.54,10.68,10.6,0.2,1.8868,1.6054,13735075,146946111.23,9318475051.2,9239991451.2
2437,2018-09-25,sz002273,水晶光电,10.7,10.79,10.64,10.68,10.8,-0.1,-0.9259,0.7894,6753944,72374413.95,9232192874.8,9154435974.8
2438,2018-09-26,sz002273,水晶光电,10.75,10.86,10.67,10.7,10.7,0.05,0.4673,1.2064,10321509,111108785.58,9275333963.0,9197213713.0
2439,2018-09-27,sz002273,水晶光电,10.41,10.75,10.33,10.75,10.75,-0.34,-3.1628,1.5946,13642293,143250611.99,8981974563.24,8906325093.24
2440,2018-09-28,sz002273,水晶光电,10.4,10.49,10.16,10.42,10.41,-0.01,-0.0961,1.8268,15629454,160871278.54,8973346345.6,8897769545.6
2441,2018-10-08,sz002273,水晶光电,9.97,10.22,9.93,10.19,10.4,-0.43,-4.1346,1.3157,11256398,113711399.32,8602332987.08,8529880997.08
2442,2018-10-09,sz002273,水晶光电,10.01,10.13,9.93,10.0,9.97,0.04,0.4012,0.8408,7193780,72155746.34,8636845857.64,8564103187.64
2443,2018-10-10,sz002273,水晶光电,9.85,10.1,9.68,10.06,10.01,-0.16,-1.5984,1.4901,12748723,125824307.95,8498794375.4,8427214425.4
2444,2018-10-11,sz002273,水晶光电,8.87,9.52,8.87,9.4,9.85,-0.98,-9.9492,2.1465,18364551,167502313.24,7653229046.68,7588770756.68
2445,2018-10-12,sz002273,水晶光电,8.6,8.79,8.17,8.79,8.87,-0.27,-3.044,2.252,19267382,163811941.61,7420267170.4,7357770970.4
2446,2018-10-15,sz002273,水晶光电,8.39,8.73,8.38,8.6,8.6,-0.21,-2.4419,1.3588,11625166,99845339.71,7239074599.96,7178104469.96
2447,2018-10-16,sz002273,水晶光电,8.28,8.58,8.2,8.46,8.39,-0.11,-1.3111,1.012,8658171,72483086.4,7144164205.92,7083993445.92
2448,2018-10-17,sz002273,水晶光电,8.56,8.65,8.31,8.61,8.28,0.28,3.3816,1.5065,12888636,109383684.6,7385756071.76,7323550551.76
2449,2018-10-18,sz002273,水晶光电,8.59,8.85,8.36,8.51,8.56,0.03,0.3505,2.0185,17269489,149499831.66,7411640730.89,7349217200.89
2450,2018-10-19,sz002273,水晶光电,9.01,9.08,8.42,8.44,8.59,0.42,4.8894,2.5904,22162447,195913771.95,7774025958.71,7708550288.71
2451,2018-10-22,sz002273,水晶光电,9.76,9.83,9.05,9.17,9.01,0.75,8.3241,3.4491,29509371,277428401.52,8421142436.96,8350216516.96
2452,2018-10-23,sz002273,水晶光电,9.37,9.68,9.34,9.65,9.76,-0.39,-3.9959,2.2337,19110550,181234950.28,8084641868.27,8016550078.27
2453,2018-10-24,sz002273,水晶光电,9.4,9.49,9.23,9.37,9.37,0.03,0.3202,1.5908,13610465,127580930.01,8110526527.4,8042216727.4
2454,2018-10-25,sz002273,水晶光电,9.74,9.75,9.01,9.19,9.4,0.34,3.617,2.2463,19218441,182269143.83,8403885997.54,8333105417.54
2455,2018-10-26,sz002273,水晶光电,9.73,10.03,9.61,9.79,9.74,-0.01,-0.1027,1.7961,15367032,150688325.24,8395257777.83,8324549867.83
2456,2018-10-29,sz002273,水晶光电,9.53,9.86,9.48,9.76,9.73,-0.2,-2.0555,1.2675,10844235,104722515.12,8222693383.63,8153438873.63
2457,2018-10-30,sz002273,水晶光电,9.88,9.99,9.41,9.6,9.53,0.35,3.6726,2.0069,17170149,168011757.86,8524681073.48,8452883113.48
2458,2018-10-31,sz002273,水晶光电,9.9,9.98,9.77,9.95,9.88,0.02,0.2024,1.6017,13703811,135715677.18,8541937512.9,8469994212.9
2459,2018-11-01,sz002273,水晶光电,9.88,10.23,9.88,10.02,9.9,-0.02,-0.202,2.2065,18877739,189145396.81,8524681073.48,8452883113.48
2460,2018-11-02,sz002273,水晶光电,10.3,10.3,10.05,10.1,9.88,0.42,4.251,2.7748,23739597,241975794.99,8887066301.3,8812216201.3
2461,2018-11-05,sz002273,水晶光电,10.16,10.34,9.9,10.24,10.3,-0.14,-1.3592,2.4983,21374521,216588269.69,8766271225.36,8692438505.36
2462,2018-11-06,sz002273,水晶光电,10.0,10.06,9.82,10.06,10.16,-0.16,-1.5748,1.4811,12671788,125796215.26,8628219710.0,8555549710.0
2463,2018-11-07,sz002273,水晶光电,10.08,10.29,9.92,9.92,10.0,0.08,0.8,1.6803,14375947,145533146.97,8697245467.68,8623994107.68
2464,2018-11-08,sz002273,水晶光电,9.9,10.24,9.82,10.2,10.08,-0.18,-1.7857,1.4131,12090142,120958411.43,8541937512.9,8469994212.9
2465,2018-11-09,sz002273,水晶光电,9.8,9.98,9.79,9.88,9.9,-0.1,-1.0101,0.9689,8289411,81987706.94,8455655315.8,8384438715.8
2466,2018-11-12,sz002273,水晶光电,10.18,10.2,9.79,9.79,9.8,0.38,3.8776,2.0872,17857289,179924540.69,8783527664.78,8709549604.78
2467,2018-11-13,sz002273,水晶光电,10.17,10.28,9.92,9.97,10.18,-0.01,-0.0982,2.0799,17794836,179978110.38,8774899445.07,8700994055.07
2468,2018-11-14,sz002273,水晶光电,10.13,10.3,10.1,10.22,10.17,-0.04,-0.3933,1.7251,14758894,150666781.25,8740393049.43,8666778339.43
2469,2018-11-15,sz002273,水晶光电,10.58,10.63,10.14,10.19,10.13,0.45,4.4423,3.0242,25873401,268543247.6,9128663224.38,9051778364.38
2470,2018-11-16,sz002273,水晶光电,10.74,10.89,10.39,10.64,10.58,0.16,1.5123,3.4868,29831236,317264376.49,9266714842.14,9188667262.14
2471,2018-11-19,sz002273,水晶光电,11.13,11.25,10.63,10.7,10.74,0.39,3.6313,3.7142,31777051,347426244.05,9603215660.43,9522333950.43
2472,2018-11-20,sz002273,水晶光电,10.36,11.11,10.36,11.11,11.13,-0.77,-6.9182,3.7001,31656601,338399317.73,8938842249.96,8863556129.96
2473,2018-11-21,sz002273,水晶光电,10.41,10.5,10.14,10.22,10.36,0.05,0.4826,1.4382,12304827,127353290.17,8981983380.51,8906333910.51
2474,2018-11-22,sz002273,水晶光电,10.48,10.63,10.37,10.38,10.41,0.07,0.6724,1.4172,12124614,127787940.29,9042380963.28,8966222803.28
2475,2018-11-23,sz002273,水晶光电,10.01,10.55,10.0,10.46,10.48,-0.47,-4.4847,1.8718,16014060,162468626.15,8636854336.11,8564111666.11
2476,2018-11-26,sz002273,水晶光电,9.98,10.28,9.88,10.07,10.01,-0.03,-0.2997,1.2528,10718750,107413568.48,8610969657.78,8538444997.78
2477,2018-11-27,sz002273,水晶光电,10.04,10.17,9.94,10.08,9.98,0.06,0.6012,0.9986,8543951,85996416.01,8662739014.44,8589778334.44
2478,2018-11-28,sz002273,水晶光电,10.44,10.48,9.9,10.04,10.04,0.4,3.9841,1.7101,14630814,149104550.48,9007868058.84,8932000578.84
2479,2018-11-29,sz002273,水晶光电,10.05,10.48,10.04,10.46,10.44,-0.39,-3.7356,1.3004,11125695,114218062.88,8671367240.55,8598333890.55
2480,2018-11-30,sz002273,水晶光电,10.16,10.25,9.87,10.03,10.05,0.11,1.0945,1.1174,9559840,95716833.92,8766277727.76,8692445007.76
2481,2018-12-03,sz002273,水晶光电,10.54,10.63,10.41,10.5,10.16,0.38,3.7402,2.1162,18105169,191051421.89,9094150319.94,9017556139.94
2482,2018-12-04,sz002273,水晶光电,10.57,10.6,10.41,10.53,10.54,0.03,0.2846,1.3178,11274544,118846936.51,9120034998.27,9043222808.27
2483,2018-12-05,sz002273,水晶光电,10.4,10.51,10.27,10.32,10.57,-0.17,-1.6083,1.1101,9497364,98687603.06,8973355154.4,8897778354.4
2484,2018-12-06,sz002273,水晶光电,10.09,10.33,10.05,10.31,10.4,-0.31,-2.9808,1.2087,10341197,105205767.32,8705880144.99,8632556114.99
2485,2018-12-07,sz002273,水晶光电,10.16,10.25,10.08,10.08,10.09,0.07,0.6938,0.6451,5519382,56080956.79,8766277727.76,8692445007.76
2486,2018-12-10,sz002273,水晶光电,9.99,10.14,9.98,10.07,10.16,-0.17,-1.6732,0.7331,6271702,63034990.23,8619597883.89,8547000553.89
2487,2018-12-11,sz002273,水晶光电,10.03,10.12,9.93,10.01,9.99,0.04,0.4004,0.6553,5606556,56099682.12,8654110788.33,8581222778.33
2488,2018-12-12,sz002273,水晶光电,9.89,10.12,9.86,10.07,10.03,-0.14,-1.3958,0.9247,7911596,78826721.85,8533315622.79,8461444992.79
2489,2018-12-13,sz002273,水晶光电,10.1,10.16,9.94,9.98,9.89,0.21,2.1234,0.9084,7771746,78185613.06,8714508371.1,8641111671.1
2490,2018-12-14,sz002273,水晶光电,9.83,10.09,9.78,10.04,10.1,-0.27,-2.6733,0.8381,7200600,71566437.36,8481548762.95,8445831457.95
2491,2018-12-17,sz002273,水晶光电,9.83,9.9,9.64,9.83,9.83,0.0,0.0,0.5447,4680066,45730405.38,8481548762.95,8445831457.95
2492,2018-12-18,sz002273,水晶光电,9.8,9.85,9.59,9.75,9.83,-0.03,-0.3052,0.5989,5145421,50044176.17,8455664077.0,8420055777.0
2493,2018-12-19,sz002273,水晶光电,9.69,9.84,9.68,9.84,9.8,-0.11,-1.1224,0.3654,3139325,30636386.95,8360753561.85,8325544946.85
2494,2018-12-20,sz002273,水晶光电,9.83,9.88,9.63,9.68,9.69,0.14,1.4448,0.5931,5096168,49935696.25,8481548762.95,8445831457.95
2495,2018-12-21,sz002273,水晶光电,9.81,9.88,9.73,9.8,9.83,-0.02,-0.2035,0.4084,3509354,34415257.25,8464292305.65,8428647670.65
2496,2018-12-24,sz002273,水晶光电,9.95,9.99,9.76,9.76,9.81,0.14,1.4271,0.4561,3918602,38863200.03,8585088123.65,8548934798.65
2497,2018-12-25,sz002273,水晶光电,9.81,9.9,9.39,9.84,9.95,-0.14,-1.407,0.8151,7002826,67737322.9,8464292913.87,8428648278.87
2498,2018-12-26,sz002273,水晶光电,9.83,10.04,9.82,9.82,9.81,0.02,0.2039,0.7734,6644769,66007463.14,8481549372.41,8445832067.41
2499,2018-12-27,sz002273,水晶光电,9.65,10.03,9.63,10.03,9.83,-0.18,-1.8311,0.623,5353094,52735000.42,8326241245.55,8291177970.55
2500,2018-12-28,sz002273,水晶光电,9.56,9.79,9.54,9.68,9.65,-0.09,-0.9326,0.5132,4409004,42515562.42,8248587182.12,8213850922.12
2501,2019-01-02,sz002273,水晶光电,9.61,9.7,9.56,9.57,9.56,0.05,0.523,0.4571,3927489,37807022.38,8291728328.47,8256810393.47
2502,2019-01-03,sz002273,水晶光电,9.45,9.72,9.44,9.6,9.61,-0.16,-1.6649,0.6035,5184998,49714851.82,8153676660.15,8119340085.15
2503,2019-01-04,sz002273,水晶光电,9.74,9.76,9.3,9.4,9.45,0.29,3.0688,0.8118,6975273,67028087.67,8403895308.98,8368505018.98
2504,2019-01-07,sz002273,水晶光电,9.93,9.95,9.78,9.8,9.74,0.19,1.9507,0.8489,7293748,72090963.23,8567831665.11,8531751010.11
2505,2019-01-08,sz002273,水晶光电,9.86,9.96,9.77,9.79,9.93,-0.07,-0.7049,0.6681,5740256,56654247.27,8507434060.22,8471607750.22
2506,2019-01-09,sz002273,水晶光电,10.01,10.19,9.85,9.9,9.86,0.15,1.5213,1.3699,11770157,118341126.39,8636857499.27,8600486164.27
2507,2019-01-10,sz002273,水晶光电,9.98,10.09,9.93,10.02,10.01,-0.03,-0.2997,0.6694,5750985,57586614.34,8610972811.46,8574710481.46
2508,2019-01-11,sz002273,水晶光电,9.82,10.08,9.68,9.97,9.98,-0.16,-1.6032,1.3499,11598232,113746541.44,8472921143.14,8437240173.14
2509,2019-01-14,sz002273,水晶光电,9.73,9.89,9.71,9.8,9.82,-0.09,-0.9165,0.5417,4653833,45453353.84,8395267079.71,8359913124.71
2510,2019-01-15,sz002273,水晶光电,9.84,9.85,9.66,9.71,9.73,0.11,1.1305,0.7807,6707562,65512525.16,8490177601.68,8454423961.68
2511,2019-01-16,sz002273,水晶光电,9.67,9.89,9.67,9.82,9.84,-0.17,-1.7276,0.7825,6723495,65681947.78,8343497704.09,8308361759.09
2512,2019-01-17,sz002273,水晶光电,9.55,9.74,9.52,9.68,9.67,-0.12,-1.241,0.7346,6311285,60636384.38,8239958952.85,8205259027.85
2513,2019-01-18,sz002273,水晶光电,9.61,9.67,9.44,9.55,9.55,0.06,0.6283,0.7825,6723139,64219335.43,8291728328.47,8256810393.47
2514,2019-01-21,sz002273,水晶光电,9.58,9.67,9.52,9.65,9.61,-0.03,-0.3122,0.7592,6523013,62603266.97,8265843640.66,8231034710.66
2515,2019-01-22,sz002273,水晶光电,9.56,9.68,9.52,9.59,9.58,-0.02,-0.2088,0.6706,5761308,55277190.01,8248587182.12,8213850922.12
2516,2019-01-23,sz002273,水晶光电,9.48,9.57,9.45,9.5,9.56,-0.08,-0.8368,0.5092,4375134,41517538.39,8179561347.96,8145115767.96
2517,2019-01-24,sz002273,水晶光电,9.53,9.61,9.4,9.5,9.48,0.05,0.5274,0.9566,8218708,78196373.7,8222702494.31,8188075239.31
2518,2019-01-25,sz002273,水晶光电,9.63,9.69,9.43,9.52,9.53,0.1,1.0493,1.3683,11755901,112757842.22,8308984787.01,8273994182.01
2519,2019-01-28,sz002273,水晶光电,9.55,9.74,9.54,9.69,9.63,-0.08,-0.8307,0.7834,6730611,64911015.31,8239958952.85,8205259027.85
2520,2019-01-29,sz002273,水晶光电,9.15,9.55,8.85,9.51,9.55,-0.4,-4.1885,1.2405,10658297,97755942.34,7894829782.05,7861583257.05
2521,2019-01-30,sz002273,水晶光电,9.09,9.31,9.08,9.1,9.15,-0.06,-0.6557,0.5737,4929468,45352418.84,7843060406.43,7810031891.43
2522,2019-01-31,sz002273,水晶光电,9.17,9.33,9.12,9.14,9.09,0.08,0.8801,0.6409,5506831,50722132.01,7912086240.59,7878767045.59
2523,2019-02-01,sz002273,水晶光电,9.56,9.57,9.22,9.33,9.17,0.39,4.253,0.8251,7088937,66958751.13,8248587182.12,8213850922.12
2524,2019-02-11,sz002273,水晶光电,10.28,10.28,9.55,9.56,9.56,0.72,7.5314,2.6018,22354013,224262374.98,8869819689.56,8832467309.56
2525,2019-02-12,sz002273,水晶光电,10.3,10.37,10.15,10.28,10.28,0.02,0.1946,2.3123,19867452,203833189.77,8887076148.1,8849651098.1
2526,2019-02-13,sz002273,水晶光电,10.86,11.24,10.29,10.33,10.3,0.56,5.4369,4.9575,42594495,458682983.98,9370256987.22,9330797177.22
2527,2019-02-14,sz002273,水晶光电,10.75,10.83,10.57,10.76,10.86,-0.11,-1.0129,2.8314,24326895,260257168.18,9275346465.25,9236286340.25
2528,2019-02-15,sz002273,水晶光电,10.7,10.98,10.6,10.74,10.75,-0.05,-0.4651,2.257,19392258,209446923.45,9232205318.9,9193326868.9
2529,2019-02-18,sz002273,水晶光电,11.14,11.16,10.63,10.81,10.7,0.44,4.1121,3.5916,30858332,338123970.41,9611847406.78,9571370216.78
2530,2019-02-19,sz002273,水晶光电,10.89,11.27,10.77,11.12,11.14,-0.25,-2.2442,3.7861,32529609,356784731.53,9396141675.03,9356572860.03
2531,2019-02-20,sz002273,水晶光电,10.84,11.12,10.65,10.99,10.89,-0.05,-0.4591,2.5099,21564828,234070941.67,9353000528.68,9313613388.68
2532,2019-02-21,sz002273,水晶光电,11.21,11.63,10.75,10.81,10.84,0.37,3.4133,6.1937,53215377,599379741.49,9672245011.67,9631513476.67
2533,2019-02-22,sz002273,水晶光电,11.96,11.98,11.16,11.3,11.21,0.75,6.6905,5.3142,45659225,528306041.11,10319362206.9,10275905546.9
2534,2019-02-25,sz002273,水晶光电,12.87,13.08,12.0,12.11,11.96,0.91,7.6087,6.4493,55411423,695333568.45,11104531070.5,11057767925.5
2535,2019-02-26,sz002273,水晶光电,12.57,12.87,12.3,12.76,12.87,-0.3,-2.331,4.6705,40128416,504004064.59,10845684192.4,10800011097.4
2536,2019-02-27,sz002273,水晶光电,12.37,12.65,12.1,12.5,12.57,-0.2,-1.5911,3.2547,27964225,347157241.7,10673119607.0,10628173212.0
2537,2019-02-28,sz002273,水晶光电,12.37,12.48,12.1,12.35,12.37,0.0,0.0,2.3496,20187182,248609049.26,10673119607.0,10628173212.0
2538,2019-03-01,sz002273,水晶光电,12.25,12.45,12.0,12.41,12.37,-0.12,-0.9701,2.4461,21016585,255125291.16,10569580855.8,10525070480.8
2539,2019-03-04,sz002273,水晶光电,13.12,13.39,12.35,12.49,12.25,0.87,7.102,6.6242,56914641,726853437.16,11320236802.2,11272565282.2
2540,2019-03-05,sz002273,水晶光电,13.35,13.38,12.72,12.85,13.12,0.23,1.753,4.6525,39974075,521306080.74,11518686075.5,11470178850.5
2541,2019-03-06,sz002273,水晶光电,13.14,13.6,12.85,13.45,13.35,-0.21,-1.573,4.2824,36794307,481932429.95,11337493260.8,11289749070.8
2542,2019-03-07,sz002273,水晶光电,13.22,13.33,12.71,13.1,13.14,0.08,0.6088,4.5371,38982510,507150774.72,11406519094.9,11358484224.9
2543,2019-03-08,sz002273,水晶光电,13.9,14.54,12.63,12.8,13.22,0.68,5.1437,9.7452,83729829,1157343633.37,11993238685.3,11942733035.3
2544,2019-03-11,sz002273,水晶光电,15.29,15.29,14.2,14.48,13.9,1.39,10.0,10.372,89114915,1334794597.79,13192562553.8,13137006338.8
2545,2019-03-12,sz002273,水晶光电,15.24,15.54,14.8,15.54,15.29,-0.05,-0.327,6.3538,54591419,821511722.65,13149421407.5,13094046867.5
2546,2019-03-13,sz002273,水晶光电,13.89,15.2,13.72,15.2,15.24,-1.35,-8.8583,7.7819,66860988,958092108.21,11984610456.0,11934141141.0
2547,2019-03-14,sz002273,水晶光电,13.46,13.91,13.17,13.7,13.89,-0.43,-3.0958,3.693,31730059,427940495.68,11613596597.4,11564689687.4
2548,2019-03-15,sz002273,水晶光电,13.95,13.98,13.52,13.61,13.46,0.49,3.6404,3.9318,33781335,465142935.02,12036379831.6,11985692506.6
2549,2019-03-18,sz002273,水晶光电,14.25,14.25,13.61,13.96,13.95,0.3,2.1505,3.3527,28806439,400325213.21,12295226709.8,12243449334.8
2550,2019-03-19,sz002273,水晶光电,14.02,14.23,13.93,14.1,14.25,-0.23,-1.614,2.1665,18614064,261373996.61,12096777436.5,12045835766.5
2551,2019-03-20,sz002273,水晶光电,13.77,13.94,13.3,13.94,14.02,-0.25,-1.7832,2.6818,23041701,313677941.17,11881071704.8,11831038409.8
2552,2019-03-21,sz002273,水晶光电,14.46,14.68,13.79,13.79,13.77,0.69,5.0109,5.595,48071900,686712305.28,12476419524.4,12423879114.4
2553,2019-03-22,sz002273,水晶光电,14.58,14.65,13.92,14.46,14.46,0.12,0.8299,4.502,38680337,553230502.47,12579958275.7,12526981845.7
2554,2019-03-25,sz002273,水晶光电,14.16,14.84,14.03,14.15,14.58,-0.42,-2.8807,3.5739,30706858,443350484.29,12217572646.3,12166122286.3
2555,2019-03-26,sz002273,水晶光电,13.73,14.42,13.7,14.2,14.16,-0.43,-3.0367,2.4367,20936234,293020787.04,11846558787.7,11796670832.7
2556,2019-03-27,sz002273,水晶光电,14.09,14.26,13.42,14.05,13.73,0.36,2.622,2.8294,24309878,339182573.62,12157175041.4,12105979026.4
2557,2019-03-28,sz002273,水晶光电,13.74,14.29,13.7,13.98,14.09,-0.35,-2.484,2.5855,22214378,310372289.07,11855187017.0,11805262727.0
2558,2019-03-29,sz002273,水晶光电,14.3,14.42,13.49,13.65,13.74,0.56,4.0757,3.6884,31690039,442880500.54,12338367856.1,12286408806.1
2559,2019-04-01,sz002273,水晶光电,15.08,15.55,14.34,14.34,14.3,0.78,5.4545,5.2822,45384457,677015903.63,13011369739.2,12956576559.2
2560,2019-04-02,sz002273,水晶光电,14.78,15.2,14.7,15.16,15.08,-0.3,-1.9894,3.5265,30299094,451970379.95,12752604165.8,12698901035.8
2561,2019-04-03,sz002273,水晶光电,14.97,15.08,14.54,14.58,14.78,0.19,1.2855,3.293,28293602,421032748.58,12916541567.2,12862148072.2
2562,2019-04-04,sz002273,水晶光电,14.81,15.27,14.7,14.98,14.97,-0.16,-1.0688,3.1788,27311810,407085601.82,12778489018.7,12724676883.7
2563,2019-04-08,sz002273,水晶光电,14.3,14.94,14.13,14.85,14.81,-0.51,-3.4436,3.2618,28025588,405093323.77,12338446520.4,12286487470.4
2564,2019-04-09,sz002273,水晶光电,14.41,14.67,14.1,14.3,14.3,0.11,0.7692,1.6213,13929901,200231005.78,12433357647.5,12380998912.5
2565,2019-04-10,sz002273,水晶光电,14.2,14.36,13.88,14.2,14.41,-0.21,-1.4573,2.2547,19372005,273047060.23,12252163677.6,12200567977.6
2566,2019-04-11,sz002273,水晶光电,13.65,14.25,13.61,14.22,14.2,-0.55,-3.8732,2.3928,20558826,284612566.66,11777608042.2,11728010767.2
2567,2019-04-12,sz002273,水晶光电,13.23,13.5,12.85,13.5,13.65,-0.42,-3.0769,3.9808,34202687,449580892.6,11415220102.4,11367148897.4
2568,2019-04-15,sz002273,水晶光电,13.47,14.06,13.35,13.35,13.23,0.24,1.8141,3.2527,27946905,381966963.81,11622298925.2,11573355680.2
2569,2019-04-16,sz002273,水晶光电,13.8,13.85,13.08,13.29,13.47,0.33,2.4499,2.312,19864198,267973410.83,11907032306.4,11856890006.4
2570,2019-04-17,sz002273,水晶光电,13.71,14.09,13.68,13.85,13.8,-0.09,-0.6522,2.7145,23323046,323342136.42,11829377747.9,11779562462.9
2571,2019-04-18,sz002273,水晶光电,13.61,13.84,13.52,13.8,13.71,-0.1,-0.7294,1.2013,10321426,140966750.3,11743094905.1,11693642970.1
2572,2019-04-19,sz002273,水晶光电,13.8,13.89,13.49,13.52,13.61,0.19,1.396,1.5882,13645716,187239143.69,11907032306.4,11856890006.4
2573,2019-04-22,sz002273,水晶光电,13.55,13.97,13.5,13.94,13.8,-0.25,-1.8116,1.4668,12602475,172218301.47,11691325199.4,11642091274.4
2574,2019-04-23,sz002273,水晶光电,13.42,13.72,13.2,13.59,13.55,-0.13,-0.9594,1.6497,14174357,190501643.84,11579157503.8,11530395933.8
2575,2019-04-24,sz002273,水晶光电,13.99,14.05,13.42,13.49,13.42,0.57,4.2474,2.8621,24590594,340081578.29,12070969707.7,12020137042.7
2576,2019-04-25,sz002273,水晶光电,13.49,14.05,13.48,13.9,13.99,-0.5,-3.574,2.1441,18422234,255050676.55,11639555493.7,11590539578.7
2577,2019-04-26,sz002273,水晶光电,13.59,13.93,13.36,13.48,13.49,0.1,0.7413,1.7926,15402139,210924876.08,11725838336.5,11676459071.5
2578,2019-04-29,sz002273,水晶光电,12.75,13.67,12.69,13.55,13.59,-0.84,-6.181,1.9067,16381975,216280655.96,11001062457.0,10954735332.0
2579,2019-04-30,sz002273,水晶光电,13.44,13.69,12.76,12.76,12.75,0.69,5.4118,2.1707,18650415,250200050.24,11596414072.3,11547579832.3
2580,2019-05-06,sz002273,水晶光电,12.3,13.2,12.1,12.9,13.44,-1.14,-8.4821,3.0793,26456877,329685197.23,10612789664.4,10568097614.4
2581,2019-05-07,sz002273,水晶光电,12.28,12.46,11.88,12.31,12.3,-0.02,-0.1626,1.9072,16386525,199528472.63,10595539051.6,10550919671.6
2582,2019-05-08,sz002273,水晶光电,12.04,12.37,11.9,12.0,12.28,-0.24,-1.9544,0.9749,8375905,101658432.38,10388460112.5,10344712772.5
2583,2019-05-09,sz002273,水晶光电,11.79,12.16,11.77,11.98,12.04,-0.25,-2.0764,0.988,8488756,101434793.54,10172752884.3,10129913919.3
2584,2019-05-10,sz002273,水晶光电,12.38,12.41,11.77,12.09,11.79,0.59,5.0042,1.9702,16927518,207163096.07,10681821942.9,10636839212.9
2585,2019-05-13,sz002273,水晶光电,11.88,12.41,11.8,12.27,12.38,-0.5,-4.0388,1.8389,15799549,189787367.61,10250407486.4,10207241506.4
2586,2019-05-14,sz002273,水晶光电,11.71,11.99,11.56,11.56,11.88,-0.17,-1.431,0.8887,7635656,89992941.57,10103726571.2,10061178286.2
2587,2019-05-15,sz002273,水晶光电,12.02,12.04,11.73,11.91,11.71,0.31,2.6473,1.2989,11159973,132577470.97,10371203534.3,10327528864.3
2588,2019-05-16,sz002273,水晶光电,11.97,12.05,11.78,11.98,12.02,-0.05,-0.416,1.0556,9069300,108072826.71,10328062088.6,10284569093.6
2589,2019-05-17,sz002273,水晶光电,11.33,12.19,11.2,12.0,11.97,-0.64,-5.3467,1.9174,16474183,191566005.64,9775851584.29,9734684029.29
2590,2019-05-20,sz002273,水晶光电,11.26,11.4,10.63,11.35,11.33,-0.07,-0.6178,1.8667,16038880,175918631.78,9715453560.38,9674540350.38
2591,2019-05-21,sz002273,水晶光电,11.41,11.6,11.1,11.15,11.26,0.15,1.3321,1.2427,10677037,121941720.72,9844877897.33,9803419662.33
2592,2019-05-22,sz002273,水晶光电,11.35,11.56,11.18,11.45,11.41,-0.06,-0.5259,0.997,8566180,97336062.4,9793108162.55,9751867937.55
2593,2019-05-23,sz002273,水晶光电,11.06,11.29,10.84,11.2,11.35,-0.29,-2.5551,1.2903,11086189,122091096.84,9542887777.78,9502701267.78
2594,2019-05-24,sz002273,水晶光电,10.89,11.14,10.8,11.01,11.06,-0.17,-1.5371,1.0038,8624927,94424859.91,9396206862.57,9356638047.57
2595,2019-05-27,sz002273,水晶光电,11.25,11.27,10.84,11.0,10.89,0.36,3.3058,1.3555,11646811,129696817.41,9706825271.25,9665948396.25
2596,2019-05-28,sz002273,水晶光电,11.16,11.35,11.06,11.29,11.25,-0.09,-0.8,1.0691,9185564,103162327.26,9629170669.08,9588620809.08
2597,2019-05-29,sz002273,水晶光电,11.23,11.37,11.08,11.15,11.16,0.07,0.6272,0.8787,7549693,85173694.42,9689568692.99,9648764487.99
2598,2019-05-30,sz002273,水晶光电,11.15,11.25,10.92,11.25,11.23,-0.08,-0.7124,0.8187,7034313,77780648.45,9620542379.95,9580028854.95
2599,2019-05-31,sz002273,水晶光电,11.09,11.25,11.05,11.14,11.15,-0.06,-0.5381,0.7471,6418748,71516430.36,9568772645.17,9528477130.17
2600,2019-06-03,sz002273,水晶光电,11.3,11.45,10.85,11.09,11.09,0.21,1.8936,1.2817,11012690,122980147.22,9749966716.9,9708908166.9
2601,2019-06-04,sz002273,水晶光电,10.98,11.23,10.89,11.23,11.3,-0.32,-2.8319,1.1055,9498029,104645317.04,9473861464.74,9433965634.74
2602,2019-06-05,sz002273,水晶光电,10.97,11.17,10.86,11.15,10.98,-0.01,-0.0911,0.7155,6147383,67679091.28,9465233175.61,9425373680.61
2603,2019-06-06,sz002273,水晶光电,10.75,10.96,10.67,10.96,10.97,-0.22,-2.0055,0.7982,6858025,73869600.15,9275410814.75,9236350689.75
2604,2019-06-10,sz002273,水晶光电,10.84,10.96,10.7,10.83,10.75,0.09,0.8372,0.7162,6153242,66804931.94,9353065416.92,9313678276.92
2605,2019-06-11,sz002273,水晶光电,11.38,11.45,10.77,10.91,10.84,0.54,4.9815,1.5402,13233613,147944685.62,9818993029.94,9777643799.94
2606,2019-06-12,sz002273,水晶光电,11.24,11.47,11.2,11.38,11.38,-0.14,-1.2302,1.0514,9033296,102090401.89,9698196982.12,9657356442.12
2607,2019-06-13,sz002273,水晶光电,11.4,11.45,11.15,11.15,11.24,0.16,1.4235,0.9888,8495373,96246148.49,9836249608.2,9794827708.2
2608,2019-06-14,sz002273,水晶光电,11.1,11.38,11.04,11.38,11.4,-0.3,-2.6316,0.9477,8142616,91124650.31,9577400934.3,9537069084.3
2609,2019-06-17,sz002273,水晶光电,11.12,11.17,10.93,11.14,11.1,0.02,0.1802,0.7462,6411713,70974275.98,9594657512.56,9554252992.56
2610,2019-06-18,sz002273,水晶光电,10.99,11.16,10.93,11.11,11.12,-0.13,-1.1691,0.6079,5222631,57711641.26,9482489753.87,9442557588.87
2611,2019-06-19,sz002273,水晶光电,11.59,11.75,11.2,11.34,10.99,0.6,5.4595,2.5569,21968624,252785404.5,10000187101.7,9958074836.67
2612,2019-06-20,sz002273,水晶光电,11.68,11.9,11.39,11.56,11.59,0.09,0.7765,1.723,14803965,172673609.19,10077841703.8,10035402423.8
2613,2019-06-21,sz002273,水晶光电,11.86,12.15,11.67,11.75,11.68,0.18,1.5411,1.8981,16308520,193671492.97,10233150908.2,10190057598.2
2614,2019-06-24,sz002273,水晶光电,11.64,11.87,11.58,11.86,11.86,-0.22,-1.855,1.0189,8754367,102125562.39,10043328547.3,10001034607.3
2615,2019-06-25,sz002273,水晶光电,11.48,11.66,11.28,11.61,11.64,-0.16,-1.3746,0.9878,8486989,96984767.01,9905275921.24,9863563341.24
2616,2019-06-26,sz002273,水晶光电,11.4,11.59,11.32,11.36,11.48,-0.08,-0.6969,0.9307,7996778,91506628.45,9836249608.2,9794827708.2
2617,2019-06-27,sz002273,水晶光电,11.8,11.95,11.46,11.49,11.4,0.4,3.5088,2.0139,17302987,202845797.41,10181381173.4,10138505873.4
2618,2019-06-28,sz002273,水晶光电,11.58,11.78,11.41,11.76,11.8,-0.22,-1.8644,1.1005,9455582,109192370.06,9991558812.54,9949482882.54
2619,2019-07-01,sz002273,水晶光电,12.62,12.73,11.98,12.0,11.58,1.04,8.981,3.905,33551525,416827737.68,10888900882.1,10843046112.1
2620,2019-07-02,sz002273,水晶光电,12.5,12.8,12.43,12.56,12.62,-0.12,-0.9509,2.128,18283912,229679688.42,10785363350.0,10739944600.0
2621,2019-07-03,sz002273,水晶光电,12.35,12.65,12.24,12.48,12.5,-0.15,-1.2,1.6535,14207162,176392324.55,10655938989.8,10611065264.8
2622,2019-07-04,sz002273,水晶光电,12.43,12.6,12.29,12.36,12.35,0.08,0.6478,1.1656,10014373,124271272.32,10724965315.2,10679800910.2
2623,2019-07-05,sz002273,水晶光电,12.43,12.54,12.26,12.36,12.43,0.0,0.0,0.8528,7327422,90798322.11,10724965315.2,10679800910.2
2624,2019-07-08,sz002273,水晶光电,11.94,12.37,11.83,12.37,12.43,-0.49,-3.9421,1.4338,12318851,148185986.77,10302179071.9,10258795081.9
2625,2019-07-09,sz002273,水晶光电,11.89,12.09,11.8,11.96,11.94,-0.05,-0.4188,0.8205,7049412,83978107.27,10259037618.5,10215835303.5
2626,2019-07-10,sz002273,水晶光电,12.41,12.43,11.98,12.07,11.89,0.52,4.3734,2.1446,18426448,225421720.24,10707708733.9,10662616998.9
2627,2019-07-11,sz002273,水晶光电,12.18,12.55,12.13,12.47,12.41,-0.23,-1.8533,1.9479,16736536,206824779.54,10509258048.2,10465002018.2
2628,2019-07-12,sz002273,水晶光电,12.12,12.27,12.06,12.1,12.18,-0.06,-0.4926,0.9598,8246373,100204426.81,10457488304.2,10413450284.2
2629,2019-07-15,sz002273,水晶光电,12.39,12.51,11.75,12.07,12.12,0.27,2.2277,1.9087,16399065,200224733.73,10690452152.5,10645433087.5
2630,2019-07-16,sz002273,水晶光电,12.3,12.5,12.2,12.49,12.39,-0.09,-0.7264,0.8194,7040449,86799444.61,10612797917.7,10568105867.7
2631,2019-07-17,sz002273,水晶光电,12.98,13.28,12.22,12.31,12.3,0.68,5.5285,3.7539,32253422,414393095.57,11199521705.0,11152358875.0
2632,2019-07-18,sz002273,水晶光电,12.82,13.1,12.8,12.99,12.98,-0.16,-1.2327,1.9342,16618550,215025348.6,11061469049.2,11014887579.2
2633,2019-07-19,sz002273,水晶光电,13.02,13.12,12.88,12.88,12.82,0.2,1.5601,1.3392,11506617,149564574.69,11234034869.0,11186726699.0
2634,2019-07-22,sz002273,水晶光电,13.01,13.5,12.54,13.05,13.02,-0.01,-0.0768,2.0892,17950483,235403789.89,11225406578.0,11178134743.0
2635,2019-07-23,sz002273,水晶光电,13.5,13.57,12.91,12.97,13.01,0.49,3.7663,2.1477,18453244,245633939.45,11648192836.5,11599140586.5
2636,2019-07-24,sz002273,水晶光电,10.64,11.15,10.4,10.4,10.31,0.33,3.2008,3.9707,44350387,477998699.92,11934654675.4,11884396103.4
2637,2019-07-25,sz002273,水晶光电,10.8,11.0,10.61,10.8,10.64,0.16,1.5038,4.1453,46301300,503665752.85,12114123166.8,12063108826.8
2638,2019-07-26,sz002273,水晶光电,10.97,10.99,10.62,10.65,10.8,0.17,1.5741,2.4855,27762200,300174677.62,12304808438.9,12252991095.4
2639,2019-07-29,sz002273,水晶光电,10.99,11.28,10.88,11.05,10.97,0.02,0.1823,2.7367,30567611,339361209.72,12327242000.3,12275330185.8
2640,2019-07-30,sz002273,水晶光电,11.2,11.8,11.08,11.3,10.99,0.21,1.9108,3.6142,40369379,460234261.04,12562794395.2,12509890635.2
2641,2019-07-31,sz002273,水晶光电,11.52,11.64,11.08,11.27,11.2,0.32,2.8571,3.174,35452082,405059989.5,12921731377.9,12867316081.9
2642,2019-08-01,sz002273,水晶光电,11.36,11.5,11.0,11.38,11.52,-0.16,-1.3889,2.6414,29502777,330906194.77,12742262886.6,12688603358.6
2643,2019-08-02,sz002273,水晶光电,10.85,10.97,10.5,10.95,11.36,-0.51,-4.4894,3.4308,38320593,411575659.75,12170207070.4,12118956552.9
2644,2019-08-05,sz002273,水晶光电,10.87,11.18,10.74,10.74,10.85,0.02,0.1843,2.154,24058910,263975071.52,12192640631.8,12141295643.3
2645,2019-08-06,sz002273,水晶光电,10.73,10.85,10.38,10.5,10.87,-0.14,-1.2879,2.0954,23404236,248646125.28,12035605701.8,11984922010.3
2646,2019-08-07,sz002273,水晶光电,10.53,10.99,10.47,10.9,10.73,-0.2,-1.8639,1.6105,17988263,192183412.18,11811270087.6,11761531106.1
2647,2019-08-08,sz002273,水晶光电,10.6,10.71,10.2,10.69,10.53,0.07,0.6648,1.9628,21923151,230582575.82,11889801544.6,11839731914.6
2648,2019-08-09,sz002273,水晶光电,10.41,10.83,10.38,10.69,10.6,-0.19,-1.7925,1.7666,19732688,209603148.49,11676682460.3,11627510304.8
2649,2019-08-12,sz002273,水晶光电,11.19,11.25,10.46,10.61,10.41,0.78,7.4928,4.0326,45042478,493083108.27,12551592385.3,12498735860.8
2650,2019-08-13,sz002273,水晶光电,11.08,11.17,10.77,11.12,11.19,-0.11,-0.983,2.4287,27127409,297767657.75,12428207652.3,12375870718.3
2651,2019-08-14,sz002273,水晶光电,11.15,11.76,11.11,11.5,11.08,0.07,0.6318,4.0732,45496389,520065567.66,12506725209.6,12454057627.1
2652,2019-08-15,sz002273,水晶光电,11.28,11.51,10.68,10.75,11.15,0.13,1.1659,2.3094,25795303,286602118.46,12652543530.5,12599261886.5
2653,2019-08-16,sz002273,水晶光电,12.27,12.4,11.21,11.21,11.28,0.99,8.7766,6.1067,68208726,821042982.12,13763006127.6,13705048169.1
2654,2019-08-19,sz002273,水晶光电,12.62,12.84,12.13,12.2,12.27,0.35,2.8525,5.2276,58389818,732126711.16,14155593914.4,14095982713.4
2655,2019-08-20,sz002273,水晶光电,12.33,12.68,12.17,12.49,12.62,-0.29,-2.2979,3.3788,37739174,466168656.72,13830306891.0,13772065519.5
2656,2019-08-21,sz002273,水晶光电,12.4,12.53,12.13,12.37,12.33,0.07,0.5677,3.1015,34641967,426517659.39,13908824448.4,13850252428.4
2657,2019-08-22,sz002273,水晶光电,12.14,12.45,11.98,12.4,12.4,-0.26,-2.0968,2.7346,30544358,371765287.91,13617187806.7,13559843909.7
2658,2019-08-23,sz002273,水晶光电,12.06,12.29,11.91,12.21,12.14,-0.08,-0.659,2.8199,31497524,380094951.28,13527453455.5,13470487442.5
2659,2019-08-26,sz002273,水晶光电,12.16,12.48,11.83,11.9,12.06,0.1,0.8292,3.045,34010930,414708454.1,13639624969.6,13582186601.6
2660,2019-08-27,sz002273,水晶光电,12.68,12.95,12.25,12.25,12.16,0.52,4.2763,3.7292,41653377,526641495.33,14222898405.8,14163003791.8
2661,2019-08-28,sz002273,水晶光电,12.34,12.67,12.3,12.57,12.68,-0.34,-2.6814,2.4055,26868301,333353547.82,13841527312.9,13783238705.9
2662,2019-08-29,sz002273,水晶光电,12.19,12.41,12.08,12.36,12.34,-0.15,-1.2156,1.6785,18748025,229416989.35,13673275360.1,13615695285.6
2663,2019-08-30,sz002273,水晶光电,11.88,12.3,11.68,12.3,12.19,-0.31,-2.5431,2.6378,29463059,352783570.39,13325554657.8,13269438883.8
2664,2019-09-02,sz002273,水晶光电,12.37,12.47,11.72,11.83,11.88,0.49,4.1246,2.7041,30204086,367180925.75,13875177703.5,13816747390.0
2665,2019-09-03,sz002273,水晶光电,12.98,12.98,12.32,12.32,12.37,0.61,4.9313,3.6804,41108324,521853641.69,14559402311.3,14498090632.3
2666,2019-09-04,sz002273,水晶光电,12.85,13.01,12.41,12.89,12.98,-0.13,-1.0015,3.182,35541799,452055574.19,14413583952.2,14352886334.8
2667,2019-09-05,sz002273,水晶光电,13.15,13.68,12.83,13.0,12.85,0.3,2.3346,4.8613,54298884,719767119.95,14750087857.8,14687973175.2
2668,2019-09-06,sz002273,水晶光电,13.04,13.54,12.7,13.2,13.15,-0.11,-0.8365,3.4978,39069142,510599402.97,14626703092.4,14565108000.4
2669,2019-09-09,sz002273,水晶光电,13.45,13.63,13.01,13.18,13.04,0.41,3.1442,4.5121,50397965,673183970.71,15086591763.2,15023060015.8
2670,2019-09-10,sz002273,水晶光电,13.48,13.8,13.0,13.3,13.45,0.03,0.223,4.5406,50717057,681772130.39,15120242153.8,15056568699.8
2671,2019-09-11,sz002273,水晶光电,13.06,13.59,13.02,13.51,13.48,-0.42,-3.1157,2.7447,30657349,405499476.23,14649136686.1,14587447123.1
2672,2019-09-12,sz002273,水晶光电,13.24,13.34,12.91,13.2,13.06,0.18,1.3783,2.5299,28258345,371380983.9,14851039029.4,14788499227.4
2673,2019-09-16,sz002273,水晶光电,14.07,14.44,13.13,13.31,13.24,0.83,6.2689,6.3595,71033344,991630524.73,15782033168.0,15715572819.5
2674,2019-09-17,sz002273,水晶光电,14.3,14.43,13.84,14.15,14.07,0.23,1.6347,5.4972,61401712,865982455.71,16040019495.5,15972472730.5
2675,2019-09-18,sz002273,水晶光电,15.23,15.26,14.0,14.29,14.3,0.93,6.5035,6.6421,74188975,1087878226.72,17083181602.5,17011241936.0
2676,2019-09-19,sz002273,水晶光电,15.27,15.47,14.8,15.0,15.23,0.04,0.2626,5.7202,63892178,969400751.65,17128048790.0,17055920181.5
2677,2019-09-20,sz002273,水晶光电,14.95,15.92,14.91,15.38,15.27,-0.32,-2.0956,7.4278,82965720,1278438040.01,16769111290.8,16698494218.2
2678,2019-09-23,sz002273,水晶光电,15.45,15.45,14.44,14.93,14.95,0.5,3.3445,6.2414,69713197,1049614810.8,17329951133.2,17256972285.8
2679,2019-09-24,sz002273,水晶光电,15.89,16.22,15.16,15.5,15.45,0.44,2.8479,6.152,68715198,1083474872.63,17823490194.7,17748432985.2
2680,2019-09-25,sz002273,水晶光电,15.0,15.69,14.67,15.62,15.89,-0.89,-5.601,5.3701,59981934,907625192.26,16825195275.0,16754342025.0
2681,2019-09-26,sz002273,水晶光电,14.91,15.23,14.4,15.06,15.0,-0.09,-0.6,4.942,55199759,821013898.62,16724244103.4,16653815972.9
2682,2019-09-27,sz002273,水晶光电,16.25,16.4,15.03,15.03,14.91,1.34,8.9873,10.3362,115451339,1844852688.53,18227294881.2,18150537193.8
2683,2019-09-30,sz002273,水晶光电,14.67,15.93,14.63,15.9,16.25,-1.58,-9.7231,8.6569,96693862,1447664614.72,16455040979.0,16385746500.5
2684,2019-10-08,sz002273,水晶光电,14.01,14.91,13.91,14.67,14.67,-0.66,-4.499,5.3438,59688392,855770755.69,15714732386.9,15648555451.4
2685,2019-10-09,sz002273,水晶光电,14.15,14.23,13.62,14.03,14.01,0.14,0.9993,4.0578,45486622,633580155.43,15928482638.9,15861644406.4
2686,2019-10-10,sz002273,水晶光电,15.19,15.56,14.01,14.06,14.15,1.04,7.3498,5.813,65161276,964012873.61,17099197970.6,17027447246.1
2687,2019-10-11,sz002273,水晶光电,15.26,15.68,14.83,15.26,15.19,0.07,0.4608,4.8391,54244555,829016183.49,17177996117.9,17105914744.9
2688,2019-10-14,sz002273,水晶光电,16.0,16.1,15.48,15.75,15.26,0.74,4.8493,5.9156,66312252,1050909068.58,18011005104.0,17935428304.0
2689,2019-10-15,sz002273,水晶光电,14.9,15.6,14.46,15.06,16.0,-1.1,-6.875,6.6647,74709261,1118125253.16,16772748503.1,16702367608.1
2690,2019-10-16,sz002273,水晶光电,14.79,14.93,14.31,14.9,14.9,-0.11,-0.7383,2.3306,26125700,383459655.67,16648922843.0,16579061538.5
2691,2019-10-17,sz002273,水晶光电,15.01,15.48,14.63,14.8,14.79,0.22,1.4875,3.1738,35577554,536074863.08,16896574163.2,16825673677.7
2692,2019-10-18,sz002273,水晶光电,14.01,14.94,14.01,14.89,15.01,-1.0,-6.6622,3.5466,39756453,571546158.21,15770886344.2,15704709408.7
2693,2019-10-21,sz002273,水晶光电,14.15,14.26,13.42,14.02,14.01,0.14,0.9993,2.4153,27074300,377248035.36,15928482638.9,15861644406.4
2694,2019-10-22,sz002273,水晶光电,14.43,14.72,14.04,14.35,14.15,0.28,1.9788,2.9673,33262209,479517616.77,16243675228.2,16175514401.7
2695,2019-10-23,sz002273,水晶光电,14.26,14.41,13.86,14.33,14.43,-0.17,-1.1781,2.3342,26165100,370529407.85,16052308298.9,15984950475.9
2696,2019-10-24,sz002273,水晶光电,14.34,14.37,13.98,14.2,14.26,0.08,0.561,1.454,16299170,231644317.39,16142363324.5,16074627617.5
2697,2019-10-25,sz002273,水晶光电,14.93,14.98,14.0,14.27,14.34,0.59,4.1144,2.9669,33257912,483247980.43,16806519137.7,16735996536.2
2698,2019-10-28,sz002273,水晶光电,15.44,15.63,14.7,14.74,14.93,0.51,3.4159,3.7141,41633358,632443494.66,17380619925.4,17307688313.4
2699,2019-10-29,sz002273,水晶光电,14.56,15.02,14.38,14.78,15.44,-0.88,-5.6995,4.7148,52851710,775833646.56,16390014644.6,16321239756.6
2700,2019-10-30,sz002273,水晶光电,15.0,15.02,14.36,14.41,14.56,0.44,3.022,2.6702,29931662,443494407.99,16885317285.0,16814464035.0
2701,2019-10-31,sz002273,水晶光电,14.96,15.58,14.71,14.95,15.0,-0.04,-0.2667,3.1962,35828411,542614584.35,16840289772.2,16769625464.2
2702,2019-11-01,sz002273,水晶光电,14.91,15.06,14.66,14.92,14.96,-0.05,-0.3342,2.2331,25032425,371823033.76,16784005381.3,16713577250.8
2703,2019-11-04,sz002273,水晶光电,15.44,15.6,14.75,14.9,14.91,0.53,3.5547,3.8195,42815549,655835356.77,17380619925.4,17307688313.4
2704,2019-11-05,sz002273,水晶光电,15.9,15.91,15.29,15.44,15.44,0.46,2.9793,3.6009,40364875,631798569.7,17898436322.1,17823331877.1
2705,2019-11-06,sz002273,水晶光电,15.86,15.96,15.58,15.79,15.9,-0.04,-0.2516,2.7352,30660107,483847653.33,17853408809.3,17778493306.3
2706,2019-11-07,sz002273,水晶光电,15.12,15.94,14.93,15.75,15.86,-0.74,-4.6658,4.8204,54034809,828364162.69,17020399823.3,16948979747.3
2707,2019-11-08,sz002273,水晶光电,14.89,15.47,14.86,15.27,15.12,-0.23,-1.5212,4.0895,45841931,694906501.39,16761491624.9,16691157965.4
2708,2019-11-11,sz002273,水晶光电,14.32,14.82,14.25,14.6,14.89,-0.57,-3.8281,3.0893,34651784,503542618.91,16127953628.4,16062345259.6
2709,2019-11-12,sz002273,水晶光电,14.48,14.56,14.08,14.3,14.32,0.16,1.1173,2.4942,27976797,400803451.11,16308154227.6,16241812804.4
2710,2019-11-13,sz002273,水晶光电,14.7,14.83,14.25,14.5,14.48,0.22,1.5193,2.6472,29692687,433317063.24,16555930051.5,16488580678.5
2711,2019-11-14,sz002273,水晶光电,15.15,15.21,14.59,14.75,14.7,0.45,3.0612,4.0772,45733367,682841332.08,17062744236.8,16993333148.2
2712,2019-11-15,sz002273,水晶光电,14.77,15.45,14.73,14.88,15.15,-0.38,-2.5083,3.9719,44551770,673119433.18,16634767813.6,16567097729.4
2713,2019-11-18,sz002273,水晶光电,13.74,14.52,13.45,14.28,14.77,-1.03,-6.9736,6.8516,76852344,1064190985.64,15474726456.3,15411775409.7
2714,2019-11-19,sz002273,水晶光电,13.82,13.95,13.47,13.79,13.74,0.08,0.5822,4.7983,53821500,736628361.65,15564826755.9,15501509182.1
2715,2019-11-20,sz002273,水晶光电,13.69,14.04,13.64,13.78,13.82,-0.13,-0.9407,2.9289,32852753,453013793.27,15418413769.0,15355691802.0
2716,2019-11-21,sz002273,水晶光电,13.64,13.69,13.2,13.54,13.69,-0.05,-0.3652,2.5423,28516188,384701676.18,15362101081.8,15299608194.2
2717,2019-11-22,sz002273,水晶光电,13.03,13.75,12.66,13.59,13.64,-0.61,-4.4721,5.0277,56394053,744166751.78,14675086297.4,14615388179.6
2718,2019-11-25,sz002273,水晶光电,12.72,13.03,12.57,13.03,13.03,-0.31,-2.3791,2.6471,29691760,378935129.01,14325947636.4,14267669811.6
2719,2019-11-26,sz002273,水晶光电,12.71,13.11,12.69,12.85,12.72,-0.01,-0.0786,2.4867,27892914,358328015.51,14314685099.0,14256453090.0
2720,2019-11-27,sz002273,水晶光电,13.06,13.34,12.61,12.71,12.71,0.35,2.7537,3.3807,37919855,494835869.2,14708873909.7,14649038344.3
2721,2019-11-28,sz002273,水晶光电,13.36,13.55,12.92,12.95,13.06,0.3,2.2971,3.9871,44722293,597162423.65,15046750033.2,14985539990.8
2722,2019-11-29,sz002273,水晶光电,13.27,13.42,12.98,13.4,13.36,-0.09,-0.6737,2.6543,29772103,393767934.33,14945387196.1,14884589496.9
2723,2019-12-02,sz002273,水晶光电,13.49,13.64,13.17,13.27,13.27,0.22,1.6579,2.919,32741867,439707052.98,15193163020.0,15131357371.0
2724,2019-12-03,sz002273,水晶光电,13.47,13.57,13.21,13.29,13.49,-0.02,-0.1483,2.699,30274486,405948160.88,15170637945.1,15108923927.9
2725,2019-12-04,sz002273,水晶光电,13.47,13.66,13.29,13.38,13.47,0.0,0.0,2.1653,24287484,327777394.96,15170637945.1,15108923927.9
2726,2019-12-05,sz002273,水晶光电,14.3,14.55,13.59,13.59,13.47,0.83,6.1618,7.1558,80264811,1140442376.77,16105428553.5,16039911816.5
2727,2019-12-06,sz002273,水晶光电,15.73,15.73,14.6,14.6,14.3,1.43,10.0,9.831,110271195,1684078417.34,17715971408.8,17643902998.2
2728,2019-12-09,sz002273,水晶光电,16.58,16.99,16.09,16.52,15.73,0.85,5.4037,12.6113,141457867,2328665047.74,18673287092.1,18597324329.9
2729,2019-12-10,sz002273,水晶光电,17.23,17.48,16.22,16.5,16.58,0.65,3.9204,12.8569,144212624,2422772531.51,19405352026.3,19326411230.7
2730,2019-12-11,sz002273,水晶光电,16.67,17.12,16.3,17.0,17.23,-0.56,-3.2501,10.4943,117772426,1964836731.39,18784240263.5,18707865158.2
2731,2019-12-12,sz002273,水晶光电,16.56,17.18,16.34,16.61,16.67,-0.11,-0.6599,10.133,113716885,1906958652.29,18660289068.0,18584417937.6
2732,2019-12-13,sz002273,水晶光电,17.35,17.85,16.5,16.85,16.56,0.79,4.7705,11.8134,135151787,2328195957.86,19866695071.8,19849395386.8
2733,2019-12-16,sz002273,水晶光电,18.16,18.33,17.32,17.55,17.35,0.81,4.6686,10.6639,122000756,2175491529.74,20794189193.4,20776081857.4
2734,2019-12-17,sz002273,水晶光电,17.6,17.88,17.19,17.88,18.16,-0.56,-3.0837,11.3954,130369420,2286604947.72,20152958689.6,20135409729.6
2735,2019-12-18,sz002273,水晶光电,17.77,17.97,17.04,17.41,17.6,0.17,0.9659,10.6801,122185907,2137624780.7,20347617949.7,20329899482.7
2736,2019-12-19,sz002273,水晶光电,16.79,17.71,16.67,17.71,17.77,-0.98,-5.5149,8.7057,100280156,1728902448.25,19357070565.3,19340329256.3
2737,2019-12-20,sz002273,水晶光电,16.78,17.1,16.43,16.66,16.79,-0.01,-0.0596,7.0134,80862910,1356519144.22,19346834032.7,19346834032.7
2738,2019-12-23,sz002273,水晶光电,16.44,17.12,16.4,16.58,16.78,-0.34,-2.0262,5.3958,62211731,1040077560.38,18954824284.7,18954824284.7
2739,2019-12-24,sz002273,水晶光电,16.8,16.85,16.2,16.61,16.44,0.36,2.1898,4.7324,54563585,904953065.16,19369893429.6,19369893429.6
2740,2019-12-25,sz002273,水晶光电,16.88,17.11,16.55,16.63,16.8,0.08,0.4762,5.1444,59313673,1000831219.05,19462131017.4,19462131017.4
2741,2019-12-26,sz002273,水晶光电,17.05,17.46,16.7,16.85,16.88,0.17,1.0071,6.0659,69938496,1197896630.02,19658135891.3,19658135891.3
2742,2019-12-27,sz002273,水晶光电,15.96,17.05,15.95,17.0,17.05,-1.09,-6.393,7.8156,90111206,1484920816.16,18401398758.1,18401398758.1
2743,2019-12-30,sz002273,水晶光电,16.22,16.31,15.34,15.66,15.96,0.26,1.6291,4.6011,53049806,847173264.52,18701170918.3,18701170918.3
2744,2019-12-31,sz002273,水晶光电,16.16,16.42,15.89,16.2,16.22,-0.06,-0.3699,3.2993,38040060,613824949.77,18631992727.5,18631992727.5
2745,2020-01-02,sz002273,水晶光电,16.67,16.97,16.0,16.33,16.16,0.51,3.1559,5.503,63447835,1055320156.8,19220007349.5,19220007349.5
2746,2020-01-03,sz002273,水晶光电,16.6,16.86,16.41,16.67,16.67,-0.07,-0.4199,3.7061,42842031,710924920.75,19189617645.8,19189617645.8
2747,2020-01-06,sz002273,水晶光电,16.89,17.19,16.17,16.45,16.6,0.29,1.747,5.902,68227719,1144537713.03,19524857954.1,19524857954.1
2748,2020-01-07,sz002273,水晶光电,16.64,16.9,16.4,16.9,16.89,-0.25,-1.4802,4.501,52031103,863131899.3,19235857688.3,19235857688.3
2749,2020-01-08,sz002273,水晶光电,15.84,16.4,15.83,16.4,16.64,-0.8,-4.8077,5.7173,66091705,1063595091.99,18311056837.9,18311056837.9
2750,2020-01-09,sz002273,水晶光电,16.45,16.54,16.06,16.15,15.84,0.61,3.851,5.0632,58530264,956788862.64,19016217486.3,19016217486.3
2751,2020-01-10,sz002273,水晶光电,16.67,16.97,16.52,16.58,16.45,0.22,1.3374,5.3587,61946985,1036571832.14,19270537720.2,19270537720.2
2752,2020-01-13,sz002273,水晶光电,17.19,17.25,16.4,16.51,16.67,0.52,3.1194,6.3393,73282018,1241704352.06,19871658273.0,19871658273.0
2753,2020-01-14,sz002273,水晶光电,16.76,17.33,16.76,17.23,17.19,-0.43,-2.5015,4.8823,56439879,958303320.33,19374577815.9,19374577815.9
2754,2020-01-15,sz002273,水晶光电,17.07,17.13,16.42,16.75,16.76,0.31,1.8496,5.6203,64970957,1094939213.4,19732938145.4,19732938145.4
2755,2020-01-16,sz002273,水晶光电,17.21,17.47,16.71,16.95,17.07,0.14,0.8202,7.5741,87557038,1499494255.39,19894778294.2,19894778294.2
2756,2020-01-17,sz002273,水晶光电,16.72,17.27,16.63,17.26,17.21,-0.49,-2.8472,4.9839,57613363,975787162.93,19328337773.4,19328337773.4
2757,2020-01-20,sz002273,水晶光电,17.64,17.72,16.28,16.65,16.72,0.92,5.5024,8.288,95809058,1648692926.77,20391858751.3,20391858751.3
2758,2020-01-21,sz002273,水晶光电,17.64,17.84,17.35,17.64,17.64,0.0,0.0,6.0168,69553954,1224281872.38,20391858751.3,20391858751.3
2759,2020-01-22,sz002273,水晶光电,18.08,18.24,16.87,17.36,17.64,0.44,2.4943,8.1784,94542718,1662193360.26,20900499219.0,20900499219.0
2760,2020-01-23,sz002273,水晶光电,16.63,17.96,16.27,17.6,18.08,-1.45,-8.0199,8.1894,94669418,1621283955.61,19224297677.7,19224297677.7
2761,2020-02-03,sz002273,水晶光电,14.97,14.97,14.97,14.97,16.63,-1.66,-9.982,0.6085,7034500,105306465.0,17305335913.1,17305335913.1
2762,2020-02-04,sz002273,水晶光电,14.5,15.02,13.6,13.6,14.97,-0.47,-3.1396,8.1459,94166548,1365859921.34,16762015413.5,16762015413.5
2763,2020-02-05,sz002273,水晶光电,14.7,15.25,14.48,14.5,14.5,0.2,1.3793,5.945,68723818,1022412744.02,16993215626.1,16993215626.1
2764,2020-02-06,sz002273,水晶光电,14.9,15.04,14.44,14.68,14.7,0.2,1.3605,5.2098,60225167,887739533.48,17224415838.7,17224415838.7
2765,2020-02-07,sz002273,水晶光电,15.35,15.43,14.6,14.79,14.9,0.45,3.0201,6.6342,76691757,1153310250.11,17744616317.0,17744616317.0
2766,2020-02-10,sz002273,水晶光电,15.1,15.3,14.86,14.97,15.35,-0.25,-1.6287,5.0398,58260031,877485070.36,17455616051.3,17455616051.3
2767,2020-02-11,sz002273,水晶光电,15.71,16.15,15.08,15.22,15.1,0.61,4.0397,7.415,85717011,1333588848.43,18160776699.7,18160776699.7
2768,2020-02-12,sz002273,水晶光电,15.9,16.15,15.38,15.55,15.71,0.19,1.2094,5.9814,69145411,1090894836.78,18380416901.7,18380416901.7
2769,2020-02-13,sz002273,水晶光电,15.9,16.21,15.59,15.88,15.9,0.0,0.0,5.5638,64317905,1024312580.1,18380416901.7,18380416901.7
2770,2020-02-14,sz002273,水晶光电,16.96,17.05,15.78,15.9,15.9,1.06,6.6667,8.5811,103713350,1711913287.88,20498391172.8,20498391172.8
2771,2020-02-17,sz002273,水晶光电,17.3,17.46,16.82,17.33,16.96,0.34,2.0047,7.784,94079344,1616180223.63,20909325901.5,20909325901.5
2772,2020-02-18,sz002273,水晶光电,18.53,18.88,17.37,17.56,17.3,1.23,7.1098,8.6694,104780937,1904610159.6,22395942714.2,22395942714.2
2773,2020-02-19,sz002273,水晶光电,17.9,18.66,17.86,18.21,18.53,-0.63,-3.3999,7.7573,93757733,1712760246.56,21634504834.5,21634504834.5
2774,2020-02-20,sz002273,水晶光电,18.38,18.5,17.78,18.08,17.9,0.48,2.6816,6.5016,78580928,1431193388.88,22214647980.9,22214647980.9
2775,2020-02-21,sz002273,水晶光电,18.62,19.06,18.28,18.41,18.38,0.24,1.3058,8.2579,99807656,1861549902.13,22504719554.1,22504719554.1
2776,2020-02-24,sz002273,水晶光电,19.33,19.58,18.25,18.36,18.62,0.71,3.8131,8.9327,108772286,2065127720.6,23537915457.6,23537915457.6
2777,2020-02-25,sz002273,水晶光电,20.2,20.65,18.03,18.67,19.33,0.87,4.5008,11.6038,141298439,2736847204.16,24597304306.4,24597304306.4
2778,2020-02-26,sz002273,水晶光电,19.06,21.07,18.95,19.88,20.2,-1.14,-5.6436,10.9819,133725214,2684568532.17,23209139607.9,23209139607.9
2779,2020-02-27,sz002273,水晶光电,18.7,19.37,18.21,19.3,19.06,-0.36,-1.8888,6.3587,77429141,1461798305.0,22770771808.4,22770771808.4
2780,2020-02-28,sz002273,水晶光电,17.15,18.22,17.07,17.7,18.7,-1.55,-8.2888,7.5517,91956061,1616050467.72,20883354893.8,20883354893.8
2781,2020-03-02,sz002273,水晶光电,17.6,17.89,16.95,17.57,17.15,0.45,2.6239,5.7628,70173516,1226219408.4,21431314643.2,21431314643.2
2782,2020-03-03,sz002273,水晶光电,17.68,18.59,17.55,17.96,17.6,0.08,0.4545,6.0913,74173054,1344113358.32,21528729709.8,21528729709.8
2783,2020-03-04,sz002273,水晶光电,17.24,17.77,16.78,17.4,17.68,-0.44,-2.4887,5.0573,61582139,1062321007.12,20992946843.7,20992946843.7
2784,2020-03-05,sz002273,水晶光电,17.27,17.76,16.88,17.67,17.24,0.03,0.174,4.7601,57962668,997488758.78,21029477493.6,21029477493.6
2785,2020-03-06,sz002273,水晶光电,16.93,17.24,16.85,16.97,17.27,-0.34,-1.9687,3.3378,40643434,690742815.41,20615463460.8,20615463460.8
2786,2020-03-09,sz002273,水晶光电,15.28,16.49,15.25,16.49,16.93,-1.65,-9.746,7.3535,89542123,1410009952.58,18606277713.0,18606277713.0
2787,2020-03-10,sz002273,水晶光电,16.18,16.18,15.03,15.03,15.28,0.9,5.8901,5.1752,63018108,987386547.0,19702197211.8,19702197211.8
2788,2020-03-11,sz002273,水晶光电,15.75,16.55,15.71,16.32,16.18,-0.43,-2.6576,4.2731,52033474,838581834.42,19178591229.0,19178591229.0
2789,2020-03-12,sz002273,水晶光电,15.35,15.65,15.2,15.4,15.75,-0.4,-2.5397,3.713,45213356,697783701.61,18691515896.2,18691515896.2
2790,2020-03-13,sz002273,水晶光电,15.2,15.57,14.3,14.5,15.35,-0.15,-0.9772,4.0111,48842478,731433568.19,18508862646.4,18508862646.4
2791,2020-03-16,sz002273,水晶光电,13.9,15.39,13.71,15.39,15.2,-1.3,-8.5526,6.314,76884624,1111381192.98,16925867814.8,16925867814.8
2792,2020-03-17,sz002273,水晶光电,14.16,14.38,13.5,14.15,13.9,0.26,1.8705,4.4088,53684953,752358758.67,17242466781.1,17242466781.1
2793,2020-03-18,sz002273,水晶光电,13.98,14.72,13.96,14.34,14.16,-0.18,-1.2712,4.0797,49677728,712643526.76,17023282881.4,17023282881.4
2794,2020-03-19,sz002273,水晶光电,14.52,14.55,13.86,14.12,13.98,0.54,3.8627,4.4147,53757404,764484701.14,17680834580.6,17680834580.6
2795,2020-03-20,sz002273,水晶光电,14.39,14.7,14.06,14.65,14.52,-0.13,-0.8953,3.275,39879138,573414181.02,17522535097.5,17522535097.5
2796,2020-03-23,sz002273,水晶光电,13.33,14.0,13.08,13.9,14.39,-1.06,-7.3662,4.6033,56053423,760296362.98,16231785465.6,16231785465.6
2797,2020-03-24,sz002273,水晶光电,13.48,13.7,13.03,13.64,13.33,0.15,1.1253,3.4098,41521130,556855256.86,16414438715.4,16414438715.4
2798,2020-03-25,sz002273,水晶光电,14.23,14.3,13.74,13.86,13.48,0.75,5.5638,5.4762,66682811,938761662.54,17327704964.4,17327704964.4
2799,2020-03-26,sz002273,水晶光电,13.8,14.14,13.69,14.14,14.23,-0.43,-3.0218,3.1125,37900477,525969391.49,16804098981.6,16804098981.6
2800,2020-03-27,sz002273,水晶光电,13.71,14.19,13.7,14.15,13.8,-0.09,-0.6522,2.5964,31615507,439267520.33,16694507031.7,16694507031.7
2801,2020-03-30,sz002273,水晶光电,13.24,13.48,12.95,13.4,13.71,-0.47,-3.4282,3.1134,37911379,499162745.48,16122193515.7,16122193515.7
2802,2020-03-31,sz002273,水晶光电,13.3,13.58,13.14,13.45,13.24,0.06,0.4532,1.9039,23183458,309464739.57,16195254815.6,16195254815.6
2803,2020-04-01,sz002273,水晶光电,13.47,13.75,13.12,13.27,13.3,0.17,1.2782,3.1874,38812236,525359281.54,16402261832.0,16402261832.0
2804,2020-04-02,sz002273,水晶光电,14.14,14.18,13.29,13.35,13.47,0.67,4.974,4.4268,53905170,746048127.23,17218113014.5,17218113014.5
2805,2020-04-03,sz002273,水晶光电,13.96,14.14,13.82,14.0,14.14,-0.18,-1.273,2.662,32414991,453015055.65,16998929114.7,16998929114.7
2806,2020-04-07,sz002273,水晶光电,14.29,14.45,14.12,14.31,13.96,0.33,2.3639,3.7724,45936523,656003801.41,17400766264.3,17400766264.3
2807,2020-04-08,sz002273,水晶光电,14.24,14.45,14.11,14.16,14.29,-0.05,-0.3499,2.5689,31281400,446554716.34,17339881847.7,17339881847.7
2808,2020-04-09,sz002273,水晶光电,14.15,14.46,14.05,14.4,14.24,-0.09,-0.632,2.3753,28924263,410706950.25,17230289897.8,17230289897.8
2809,2020-04-10,sz002273,水晶光电,13.52,14.14,13.4,14.08,14.15,-0.63,-4.4523,3.2422,39480110,539684200.43,16463146248.6,16463146248.6
2810,2020-04-13,sz002273,水晶光电,13.34,13.5,13.22,13.45,13.52,-0.18,-1.3314,1.537,18715788,249481270.93,16243962348.9,16243962348.9
2811,2020-04-14,sz002273,水晶光电,13.64,13.66,13.25,13.46,13.34,0.3,2.2489,2.1845,26600107,358498406.25,16609268848.5,16609268848.5
2812,2020-04-15,sz002273,水晶光电,13.85,14.16,13.53,13.58,13.64,0.21,1.5396,3.5587,43333679,601775205.26,16864983398.2,16864983398.2
2813,2020-04-16,sz002273,水晶光电,13.82,13.91,13.41,13.65,13.85,-0.03,-0.2166,2.4637,29999590,411071043.06,16828452748.2,16828452748.2
2814,2020-04-17,sz002273,水晶光电,13.84,14.19,13.77,14.04,13.82,0.02,0.1447,3.2795,39934615,558874485.53,16852806514.9,16852806514.9
2815,2020-04-20,sz002273,水晶光电,13.82,14.01,13.72,13.88,13.84,-0.02,-0.1445,2.1649,26361720,364208508.67,16828452748.2,16828452748.2
2816,2020-04-21,sz002273,水晶光电,13.46,13.74,13.27,13.74,13.82,-0.36,-2.6049,2.8576,34796806,467668410.53,16390084948.7,16390084948.7
2817,2020-04-22,sz002273,水晶光电,13.77,13.79,13.28,13.33,13.46,0.31,2.3031,2.3495,28610171,389434945.41,16767568331.6,16767568331.6
2818,2020-04-23,sz002273,水晶光电,13.4,13.83,13.4,13.78,13.77,-0.37,-2.687,2.3749,28918634,390628681.59,16317023648.8,16317023648.8
2819,2020-04-24,sz002273,水晶光电,12.98,13.52,12.96,13.38,13.4,-0.42,-3.1343,3.2119,39111287,513891186.79,15805594549.4,15805594549.4
2820,2020-04-27,sz002273,水晶光电,12.92,13.1,12.64,13.0,12.98,-0.06,-0.4622,2.1147,25750079,330356124.51,15732533249.4,15732533249.4
2821,2020-04-28,sz002273,水晶光电,12.88,13.13,12.37,12.88,12.92,-0.04,-0.3096,2.9684,36146102,461667487.45,15683825716.2,15683825716.2
2822,2020-04-29,sz002273,水晶光电,14.17,14.17,13.26,13.33,12.88,1.29,10.0155,9.4873,115526268,1611720840.42,17254643664.4,17254643664.4
2823,2020-04-30,sz002273,水晶光电,14.72,14.95,14.15,14.43,14.17,0.55,3.8814,10.0668,122582501,1790717598.79,17924372247.0,17924372247.0
2824,2020-05-06,sz002273,水晶光电,15.25,15.32,14.42,14.5,14.72,0.53,3.6005,7.3589,89608021,1341440019.44,18569747063.0,18569747063.0
2825,2020-05-07,sz002273,水晶光电,15.0,15.33,14.96,15.15,15.25,-0.25,-1.6393,5.1047,62159131,939356808.15,18265324980.0,18265324980.0
2826,2020-05-08,sz002273,水晶光电,15.15,15.33,14.96,15.18,15.0,0.15,1.0,4.7231,57512101,872326431.61,18447978229.8,18447978229.8
2827,2020-05-11,sz002273,水晶光电,15.11,15.49,15.02,15.24,15.15,-0.04,-0.264,3.9455,48043928,731359537.55,18399270696.5,18399270696.5
2828,2020-05-12,sz002273,水晶光电,15.18,15.22,14.73,15.17,15.11,0.07,0.4633,3.7375,45511195,683439135.1,18484508879.8,18484508879.8
2829,2020-05-13,sz002273,水晶光电,15.02,15.15,14.89,15.04,15.18,-0.16,-1.054,2.6062,31735837,476556493.02,18289678746.6,18289678746.6
2830,2020-05-14,sz002273,水晶光电,15.55,15.89,15.02,15.02,15.02,0.53,3.5286,7.0857,86281613,1344377638.8,18935053562.6,18935053562.6
2831,2020-05-15,sz002273,水晶光电,15.62,15.85,15.1,15.48,15.55,0.07,0.4502,6.5004,79154291,1227932204.88,19020291745.8,19020291745.8
2832,2020-05-18,sz002273,水晶光电,14.2,15.37,14.1,15.36,15.62,-1.42,-9.0909,8.4923,103409544,1508205102.57,17291174314.4,17291174314.4
2833,2020-05-19,sz002273,水晶光电,15.28,15.34,14.35,14.41,14.2,1.08,7.6056,7.3711,89757477,1336156832.01,18606277713.0,18606277713.0
2834,2020-05-20,sz002273,水晶光电,15.25,15.6,15.08,15.25,15.28,-0.03,-0.1963,5.3182,64758676,993251611.65,18569747063.0,18569747063.0
2835,2020-05-21,sz002273,水晶光电,14.47,15.43,14.3,15.4,15.25,-0.78,-5.1148,5.7858,70453224,1035967495.05,17619950164.0,17619950164.0
2836,2020-05-22,sz002273,水晶光电,13.82,14.45,13.62,14.36,14.47,-0.65,-4.4921,4.5285,55143232,769790614.75,16828452748.2,16828452748.2
2837,2020-05-25,sz002273,水晶光电,13.56,13.87,13.37,13.69,13.82,-0.26,-1.8813,2.8709,34958565,473578799.55,16511853781.9,16511853781.9
2838,2020-05-26,sz002273,水晶光电,14.92,14.92,13.71,13.77,13.56,1.36,10.0295,6.5568,79841336,1150082760.98,18167909913.4,18167909913.4
2839,2020-05-27,sz002273,水晶光电,15.33,15.51,14.86,15.23,14.92,0.41,2.748,10.5901,128954318,1960478482.57,18667162129.6,18667162129.6
2840,2020-05-28,sz002273,水晶光电,14.88,15.37,14.6,15.33,15.33,-0.45,-2.9354,6.8519,83434970,1243618363.55,18119202380.2,18119202380.2
2841,2020-05-29,sz002273,水晶光电,14.51,15.05,14.5,14.8,14.88,-0.37,-2.4866,5.1217,62366307,918458049.69,17668657697.3,17668657697.3
2842,2020-06-01,sz002273,水晶光电,15.96,15.96,14.66,14.75,14.51,1.45,9.9931,8.9399,108860713,1691812089.75,19434305778.7,19434305778.7
2843,2020-06-02,sz002273,水晶光电,16.25,16.49,15.88,16.2,15.96,0.29,1.817,11.0936,135084967,2194835792.6,19787435395.0,19787435395.0
2844,2020-06-03,sz002273,水晶光电,16.6,17.23,16.1,16.36,16.25,0.35,2.1538,10.5677,128682025,2148240769.14,20213626311.2,20213626311.2
2845,2020-06-04,sz002273,水晶光电,16.25,16.87,16.19,16.57,16.5,-0.25,-1.5152,5.8424,71142199,1171697063.31,19787435395.0,19787435395.0
2846,2020-06-05,sz002273,水晶光电,16.39,16.67,16.17,16.35,16.25,0.14,0.8615,5.5265,67295685,1105385811.23,19957911761.5,19957911761.5
2847,2020-06-08,sz002273,水晶光电,16.07,16.9,15.99,16.77,16.39,-0.32,-1.9524,6.1449,74825462,1225833311.76,19568251495.2,19568251495.2
2848,2020-06-09,sz002273,水晶光电,16.5,16.67,15.99,16.15,16.07,0.43,2.6758,5.78,70382124,1156053947.25,20091857478.0,20091857478.0
2849,2020-06-10,sz002273,水晶光电,16.52,16.67,16.32,16.35,16.5,0.02,0.1212,5.1722,62981320,1040477555.0,20116211244.6,20116211244.6
2850,2020-06-11,sz002273,水晶光电,16.39,16.8,16.25,16.59,16.52,-0.13,-0.7869,5.6558,68869884,1136557903.93,19957911761.5,19957911761.5
2851,2020-06-12,sz002273,水晶光电,16.04,16.2,15.7,15.8,16.39,-0.35,-2.1354,4.9451,60216192,961869976.3,19531720845.3,19531720845.3
2852,2020-06-15,sz002273,水晶光电,15.56,16.24,15.53,15.93,16.04,-0.48,-2.9925,4.841,58948881,932910617.06,18947230445.9,18947230445.9
2853,2020-06-16,sz002273,水晶光电,16.72,16.8,15.83,15.83,15.56,1.16,7.455,8.0418,97924184,1611767447.84,20359748911.0,20359748911.0
2854,2020-06-17,sz002273,水晶光电,16.4,16.68,16.1,16.6,16.72,-0.32,-1.9139,6.0992,74268668,1212488663.15,19970088644.8,19970088644.8
2855,2020-06-18,sz002273,水晶光电,16.86,16.86,16.12,16.34,16.4,0.46,2.8049,7.4859,91154906,1513878684.41,20530225277.5,20530225277.5
2856,2020-06-19,sz002273,水晶光电,16.91,17.29,16.55,16.75,16.86,0.05,0.2966,8.113,98790652,1673786909.84,20591109694.1,20591109694.1
2857,2020-06-22,sz002273,水晶光电,17.15,17.29,16.79,17.02,16.91,0.24,1.4193,6.2092,75608974,1289769353.68,20883354893.8,20883354893.8
2858,2020-06-23,sz002273,水晶光电,16.81,17.06,16.61,17.0,17.15,-0.34,-1.9825,5.0905,61986123,1039261353.73,20469340860.9,20469340860.9
2859,2020-06-24,sz002273,水晶光电,16.77,17.02,16.57,16.76,16.81,-0.04,-0.238,4.2341,51557921,863305093.4,20420633327.6,20420633327.6
2860,2020-06-29,sz002273,水晶光电,16.34,16.66,16.25,16.57,16.77,-0.43,-2.5641,4.1361,50365413,825376992.18,19897027344.9,19897027344.9
2861,2020-06-30,sz002273,水晶光电,17.14,17.23,16.51,16.53,16.34,0.8,4.896,7.342,89403136,1515847242.58,20871178010.5,20871178010.5
2862,2020-07-01,sz002273,水晶光电,17.4,17.45,16.75,17.05,17.14,0.26,1.5169,6.7893,82673100,1410078028.97,21187776976.8,21187776976.8
2863,2020-07-02,sz002273,水晶光电,17.47,17.66,17.1,17.22,17.4,0.07,0.4023,6.3409,77212188,1341148997.7,21273015160.0,21273015160.0
2864,2020-07-03,sz002273,水晶光电,17.31,17.6,17.11,17.52,17.47,-0.16,-0.9159,5.2105,63447281,1098288062.03,21078185026.9,21078185026.9
2865,2020-07-06,sz002273,水晶光电,18.0,18.15,17.21,17.29,17.31,0.69,3.9861,7.804,95028256,1688563032.8,21918389976.0,21918389976.0
2866,2020-07-07,sz002273,水晶光电,18.15,18.85,17.88,18.02,18.0,0.15,0.8333,7.8585,95691774,1766679037.93,22101043225.8,22101043225.8
2867,2020-07-08,sz002273,水晶光电,18.62,18.62,17.9,18.14,18.15,0.47,2.5895,5.9957,73008856,1341729595.22,22673356741.8,22673356741.8
2868,2020-07-09,sz002273,水晶光电,18.96,19.35,18.45,18.53,18.62,0.34,1.826,6.8316,83187773,1571647112.04,23087370774.7,23087370774.7
2869,2020-07-10,sz002273,水晶光电,18.45,18.94,18.29,18.61,18.96,-0.51,-2.6899,5.9867,72898936,1355815230.64,22466349725.4,22466349725.4
2870,2020-07-13,sz002273,水晶光电,19.59,19.61,18.23,18.4,18.45,1.14,6.1789,7.4837,91127871,1742714488.21,23854514423.9,23854514423.9
2871,2020-07-14,sz002273,水晶光电,18.72,20.6,18.24,20.47,19.59,-0.87,-4.441,11.4746,139724901,2709747078.42,22795125575.0,22795125575.0
2872,2020-07-15,sz002273,水晶光电,17.12,18.82,16.87,18.58,18.72,-1.6,-8.547,11.2677,137205797,2423861386.56,20846824243.8,20846824243.8
2873,2020-07-16,sz002273,水晶光电,16.25,17.16,15.98,16.98,17.12,-0.87,-5.0818,6.8387,83274543,1382850490.37,19787435395.0,19787435395.0
2874,2020-07-17,sz002273,水晶光电,16.46,16.62,16.01,16.32,16.25,0.21,1.2923,4.5513,55420567,907083120.64,20043149944.7,20043149944.7
2875,2020-07-20,sz002273,水晶光电,16.85,16.85,16.31,16.61,16.46,0.39,2.3694,4.7799,58203997,966599617.01,20518048394.2,20518048394.2
2876,2020-07-21,sz002273,水晶光电,16.64,16.85,16.2,16.79,16.85,-0.21,-1.2463,4.3784,53315765,882406353.89,20262333844.5,20262333844.5
2877,2020-07-22,sz002273,水晶光电,16.63,16.96,16.4,16.58,16.64,-0.01,-0.0601,5.0959,62052402,1037052984.92,20250156961.2,20250156961.2
2878,2020-07-23,sz002273,水晶光电,16.2,16.52,15.72,16.4,16.63,-0.43,-2.5857,5.3043,64589639,1041230525.64,19726550978.4,19726550978.4
2879,2020-07-24,sz002273,水晶光电,15.02,15.92,14.96,15.44,16.2,-1.18,-7.284,6.7869,82642699,1269517496.97,18289678746.6,18289678746.6
2880,2020-07-27,sz002273,水晶光电,15.08,15.27,14.85,15.02,15.02,0.06,0.3995,2.9274,35646562,535882681.66,18362740046.6,18362740046.6
2881,2020-07-28,sz002273,水晶光电,15.16,15.45,15.03,15.22,15.08,0.08,0.5305,2.6668,32473147,494443689.83,18460155113.1,18460155113.1
2882,2020-07-29,sz002273,水晶光电,15.7,15.7,14.98,15.06,15.16,0.54,3.562,3.7284,45400878,701334969.91,19117706812.4,19117706812.4
2883,2020-07-30,sz002273,水晶光电,15.39,15.84,15.35,15.77,15.7,-0.31,-1.9745,3.3952,41342449,639235148.65,18740223429.5,18740223429.5
2884,2020-07-31,sz002273,水晶光电,16.05,16.38,15.39,15.39,15.39,0.66,4.2885,6.2275,75831079,1216546463.43,19543897728.6,19543897728.6
2885,2020-08-03,sz002273,水晶光电,16.41,16.42,16.02,16.2,16.05,0.36,2.243,5.2599,64049527,1039298963.47,19982265528.1,19982265528.1
2886,2020-08-04,sz002273,水晶光电,15.98,16.6,15.92,16.6,16.41,-0.43,-2.6204,5.0256,61195553,987393259.93,19458659545.4,19458659545.4
2887,2020-08-05,sz002273,水晶光电,15.99,16.15,15.8,16.08,15.98,0.01,0.0626,3.2628,39730245,633929030.51,19470836428.7,19470836428.7
2888,2020-08-06,sz002273,水晶光电,15.91,15.98,15.74,15.97,15.99,-0.08,-0.5003,3.0019,36554068,579195496.43,19373421362.1,19373421362.1
2889,2020-08-07,sz002273,水晶光电,15.55,15.89,15.29,15.89,15.91,-0.36,-2.2627,3.0809,37515950,585822369.8,18935053562.6,18935053562.6
2890,2020-08-10,sz002273,水晶光电,15.53,15.72,15.22,15.26,15.55,-0.02,-0.1286,2.2368,27236818,421138243.7,18910699796.0,18910699796.0
2891,2020-08-11,sz002273,水晶光电,15.19,15.66,15.17,15.53,15.53,-0.34,-2.1893,2.1003,25574746,394404062.5,18496685763.1,18496685763.1
2892,2020-08-12,sz002273,水晶光电,15.29,15.31,14.73,15.1,15.19,0.1,0.6583,2.8992,35303728,528660367.41,18618454596.3,18618454596.3
2893,2020-08-13,sz002273,水晶光电,15.17,15.35,15.12,15.3,15.29,-0.12,-0.7848,1.4134,17210640,261966741.12,18472331996.4,18472331996.4
2894,2020-08-14,sz002273,水晶光电,15.35,15.38,15.02,15.02,15.17,0.18,1.1866,1.6177,19698907,300181543.95,18691515896.2,18691515896.2
2895,2020-08-17,sz002273,水晶光电,15.69,15.75,15.26,15.33,15.35,0.34,2.215,2.6625,32420779,505135473.12,19105529929.1,19105529929.1
2896,2020-08-18,sz002273,水晶光电,15.9,15.99,15.54,15.69,15.69,0.21,1.3384,3.206,39039097,617893346.8,19361244478.8,19361244478.8
2897,2020-08-19,sz002273,水晶光电,15.79,16.06,15.65,15.7,15.9,-0.11,-0.6918,3.4464,41966655,665829953.56,19227298762.3,19227298762.3
2898,2020-08-20,sz002273,水晶光电,15.95,16.11,15.55,15.71,15.79,0.16,1.0133,3.0227,36806647,586467289.96,19422128895.4,19422128895.4
2899,2020-08-21,sz002273,水晶光电,16.53,16.66,16.06,16.06,15.95,0.58,3.6364,6.5332,79553855,1303264133.14,20128388128.0,20128388128.0
2900,2020-08-24,sz002273,水晶光电,16.56,16.94,16.12,16.58,16.53,0.03,0.1815,5.3625,65299063,1081840500.66,20164918777.9,20164918777.9
2901,2020-08-25,sz002273,水晶光电,16.3,16.56,16.01,16.5,16.56,-0.26,-1.57,4.5049,54855465,893215413.99,19848319811.6,19848319811.6
2902,2020-08-26,sz002273,水晶光电,16.75,16.88,16.21,16.38,16.3,0.45,2.7607,6.5884,80226431,1332054974.93,20396279561.0,20396279561.0
2903,2020-08-27,sz002273,水晶光电,15.8,16.27,15.57,16.27,16.75,-0.95,-5.6716,5.7803,70385891,1117667889.84,19239475645.6,19239475645.6
2904,2020-08-28,sz002273,水晶光电,15.8,15.81,15.27,15.76,15.8,0.0,0.0,3.575,43531864,676861799.31,19239475645.6,19239475645.6
2905,2020-08-31,sz002273,水晶光电,16.87,17.38,15.81,16.1,15.8,1.07,6.7722,11.0467,134513914,2265344012.93,20542402160.8,20542402160.8
2906,2020-09-01,sz002273,水晶光电,16.94,17.09,16.6,16.7,16.87,0.07,0.4149,6.4912,79042311,1332604322.11,20627640344.1,20627640344.1
2907,2020-09-02,sz002273,水晶光电,16.77,16.98,16.61,16.98,16.94,-0.17,-1.0035,4.179,50886900,853645595.72,20420633327.6,20420633327.6
2908,2020-09-03,sz002273,水晶光电,16.21,16.82,16.08,16.77,16.77,-0.56,-3.3393,4.7004,57236158,932985553.75,19738727861.7,19738727861.7
2909,2020-09-04,sz002273,水晶光电,15.98,16.12,15.71,15.88,16.21,-0.23,-1.4189,3.3972,41366956,658127657.73,19458659545.4,19458659545.4
2910,2020-09-07,sz002273,水晶光电,15.33,16.07,15.3,15.99,15.98,-0.65,-4.0676,4.3942,53507977,835518947.59,18667162129.6,18667162129.6
2911,2020-09-08,sz002273,水晶光电,15.58,15.59,15.17,15.38,15.33,0.25,1.6308,2.359,28725578,441338388.24,18971584212.6,18971584212.6
2912,2020-09-09,sz002273,水晶光电,14.97,15.5,14.9,15.37,15.58,-0.61,-3.9153,2.7768,33813054,511556414.48,18228794330.0,18228794330.0
2913,2020-09-10,sz002273,水晶光电,14.79,15.25,14.78,15.12,14.97,-0.18,-1.2024,2.2103,26914282,404197100.5,18009610430.3,18009610430.3
2914,2020-09-11,sz002273,水晶光电,15.1,15.13,14.65,14.71,14.79,0.31,2.096,1.7278,21039049,313852493.97,18387093813.2,18387093813.2
2915,2020-09-14,sz002273,水晶光电,15.08,15.23,14.95,15.23,15.1,-0.02,-0.1325,1.7705,21559172,325323534.87,18362740046.6,18362740046.6
2916,2020-09-15,sz002273,水晶光电,14.92,15.05,14.75,15.04,15.08,-0.16,-1.061,1.8173,22129408,328909416.92,18167909913.4,18167909913.4
2917,2020-09-16,sz002273,水晶光电,14.62,14.94,14.5,14.88,14.92,-0.3,-2.0107,1.738,21163348,311378725.56,17802603413.8,17802603413.8
2918,2020-09-17,sz002273,水晶光电,14.78,14.95,14.22,14.53,14.62,0.16,1.0944,2.294,27934236,408346688.49,17997433547.0,17997433547.0
2919,2020-09-18,sz002273,水晶光电,14.9,14.92,14.6,14.71,14.78,0.12,0.8119,1.6802,20459937,302627472.33,18143556146.8,18143556146.8
2920,2020-09-21,sz002273,水晶光电,14.58,15.1,14.56,14.94,14.9,-0.32,-2.1477,2.4481,29809664,440082089.35,17753895880.6,17753895880.6
2921,2020-09-22,sz002273,水晶光电,14.21,14.57,14.2,14.45,14.58,-0.37,-2.5377,1.8597,22644839,325592208.08,17303351197.7,17303351197.7
2922,2020-09-23,sz002273,水晶光电,13.95,14.35,13.88,14.24,14.21,-0.26,-1.8297,2.7921,33998894,477042125.03,16986752231.4,16986752231.4
2923,2020-09-24,sz002273,水晶光电,13.49,13.88,13.43,13.85,13.95,-0.46,-3.2975,2.4533,29873182,405690165.74,16426615598.7,16426615598.7
2924,2020-09-25,sz002273,水晶光电,13.36,13.61,13.28,13.5,13.49,-0.13,-0.9637,2.2447,27333814,366515107.51,16268316115.5,16268316115.5
2925,2020-09-28,sz002273,水晶光电,13.42,13.63,13.32,13.39,13.36,0.06,0.4491,1.3662,16636576,223718022.24,16341377415.4,16341377415.4
2926,2020-09-29,sz002273,水晶光电,13.47,13.68,13.4,13.4,13.42,0.05,0.3726,1.6689,20322453,275329786.7,16402261832.0,16402261832.0
2927,2020-09-30,sz002273,水晶光电,13.59,13.73,13.45,13.46,13.47,0.12,0.8909,1.386,16876943,229383228.26,16548384431.9,16548384431.9
2928,2020-10-09,sz002273,水晶光电,14.24,14.32,13.8,13.9,13.59,0.65,4.7829,2.6402,32148867,454707156.62,17339881847.7,17339881847.7
2929,2020-10-12,sz002273,水晶光电,14.54,14.55,14.18,14.3,14.24,0.3,2.1067,2.9619,36066500,518102419.77,17705188347.3,17705188347.3
2930,2020-10-13,sz002273,水晶光电,14.41,14.51,14.33,14.5,14.54,-0.13,-0.8941,1.5691,19107162,275193834.64,17546888864.1,17546888864.1
2931,2020-10-14,sz002273,水晶光电,14.11,14.44,14.11,14.44,14.41,-0.3,-2.0819,1.6702,20337426,288812590.87,17181582364.5,17181582364.5
2932,2020-10-15,sz002273,水晶光电,14.03,14.32,14.0,14.17,14.11,-0.08,-0.567,1.2033,14652195,207374930.67,17084167298.0,17084167298.0
2933,2020-10-16,sz002273,水晶光电,14.03,14.11,13.8,14.0,14.03,0.0,0.0,1.175,14308177,199535224.53,17084167298.0,17084167298.0
2934,2020-10-19,sz002273,水晶光电,13.9,14.38,13.88,14.08,14.03,-0.13,-0.9266,1.2091,14722797,207225445.42,16925867814.8,16925867814.8
2935,2020-10-20,sz002273,水晶光电,14.25,14.28,13.87,13.94,13.9,0.35,2.518,1.3706,16689742,235358802.99,17352058731.0,17352058731.0
2936,2020-10-21,sz002273,水晶光电,14.0,14.23,13.91,14.21,14.25,-0.25,-1.7544,1.1154,13582052,190177887.11,17047636648.0,17047636648.0
2937,2020-10-22,sz002273,水晶光电,13.48,13.8,13.32,13.8,14.0,-0.52,-3.7143,2.2192,27023045,364393104.43,16414438715.4,16414438715.4
2938,2020-10-23,sz002273,水晶光电,13.41,13.73,13.36,13.52,13.48,-0.07,-0.5193,1.3625,16591308,224089188.75,16329200532.1,16329200532.1
2939,2020-10-26,sz002273,水晶光电,13.46,13.5,13.18,13.38,13.41,0.05,0.3729,0.7716,9395389,125950248.57,16390084948.7,16390084948.7
2940,2020-10-27,sz002273,水晶光电,13.28,13.51,13.19,13.4,13.46,-0.18,-1.3373,1.2472,15187170,202106268.09,16170901049.0,16170901049.0
2941,2020-10-28,sz002273,水晶光电,13.47,13.52,12.99,13.28,13.28,0.19,1.4307,1.8306,22291385,295272889.08,16402261832.0,16402261832.0
2942,2020-10-29,sz002273,水晶光电,13.27,13.34,13.15,13.23,13.47,-0.2,-1.4848,1.1897,14486426,191855453.93,16158724165.6,16158724165.6
2943,2020-10-30,sz002273,水晶光电,12.74,13.34,12.72,13.27,13.27,-0.53,-3.994,2.0234,24639165,319854451.96,15513349349.7,15513349349.7
2944,2020-11-02,sz002273,水晶光电,12.46,12.79,12.43,12.75,12.74,-0.28,-2.1978,1.6228,19760955,247751688.88,15172396616.7,15172396616.7
2945,2020-11-03,sz002273,水晶光电,12.9,13.05,12.45,12.46,12.46,0.44,3.5313,1.8434,22446810,287583394.14,15708179482.8,15708179482.8
2946,2020-11-04,sz002273,水晶光电,12.9,12.98,12.78,12.92,12.9,0.0,0.0,1.119,13625560,175548126.87,15708179482.8,15708179482.8
2947,2020-11-05,sz002273,水晶光电,13.32,13.36,12.91,13.05,12.9,0.42,3.2558,1.9817,24131200,317822631.82,16219608582.2,16219608582.2
2948,2020-11-06,sz002273,水晶光电,13.43,13.48,13.22,13.3,13.32,0.11,0.8258,1.8075,22009559,294063592.97,16353554298.8,16353554298.8
2949,2020-11-09,sz002273,水晶光电,13.74,13.94,13.55,13.55,13.43,0.31,2.3083,2.8213,34354041,472835708.7,16731037681.7,16731037681.7
2950,2020-11-10,sz002273,水晶光电,13.65,13.78,13.54,13.75,13.74,-0.09,-0.655,1.6826,20488258,279679997.47,16621445731.8,16621445731.8
2951,2020-11-11,sz002273,水晶光电,13.33,13.69,13.3,13.57,13.65,-0.32,-2.3443,1.3952,16988625,227563763.5,16231785465.6,16231785465.6
2952,2020-11-12,sz002273,水晶光电,12.85,13.24,12.76,13.24,13.33,-0.48,-3.6009,2.2891,27874308,360336865.99,15647295066.2,15647295066.2
2953,2020-11-13,sz002273,水晶光电,12.78,12.85,12.61,12.79,12.85,-0.07,-0.5447,1.4538,17702685,225128403.51,15562056883.0,15562056883.0
2954,2020-11-16,sz002273,水晶光电,12.88,12.92,12.66,12.8,12.78,0.1,0.7825,1.0201,12421173,159251009.22,15683825716.2,15683825716.2
2955,2020-11-17,sz002273,水晶光电,12.81,12.94,12.62,12.9,12.88,-0.07,-0.5435,1.2185,14837519,188592665.46,15598587532.9,15598587532.9
2956,2020-11-18,sz002273,水晶光电,12.86,12.98,12.75,12.83,12.81,0.05,0.3903,0.9553,11632257,149736840.63,15659471949.5,15659471949.5
2957,2020-11-19,sz002273,水晶光电,12.86,12.95,12.7,12.86,12.86,0.0,0.0,0.9271,11289759,145143936.79,15659471949.5,15659471949.5
2958,2020-11-20,sz002273,水晶光电,12.78,12.92,12.7,12.88,12.86,-0.08,-0.6221,0.9743,11864497,151507617.4,15562056883.0,15562056883.0
2959,2020-11-23,sz002273,水晶光电,12.79,12.89,12.66,12.73,12.78,0.01,0.0782,1.2732,15503793,197941281.99,15574233766.3,15574233766.3
2960,2020-11-24,sz002273,水晶光电,12.85,12.97,12.76,12.79,12.79,0.06,0.4691,1.0882,13250357,170598812.56,15647295066.2,15647295066.2
2961,2020-11-25,sz002273,水晶光电,12.84,13.04,12.84,12.95,12.85,-0.01,-0.0778,1.1652,14188499,183287091.01,15635118182.9,15635118182.9
2962,2020-11-26,sz002273,水晶光电,12.78,12.9,12.71,12.86,12.84,-0.06,-0.4673,0.7851,9559963,122064365.61,15562056883.0,15562056883.0
2963,2020-11-27,sz002273,水晶光电,12.69,12.82,12.58,12.78,12.78,-0.09,-0.7042,1.0923,13300745,168524201.76,15452464933.1,15452464933.1
2964,2020-11-30,sz002273,水晶光电,12.72,12.93,12.64,12.7,12.69,0.03,0.2364,1.1245,13692591,175548551.46,15488995583.0,15488995583.0
2965,2020-12-01,sz002273,水晶光电,12.88,12.97,12.69,12.69,12.72,0.16,1.2579,1.5289,18617155,239605842.36,15683825716.2,15683825716.2
2966,2020-12-02,sz002273,水晶光电,13.37,13.45,12.85,12.89,12.88,0.49,3.8043,3.0581,37238647,491202501.12,16280492998.8,16280492998.8
2967,2020-12-03,sz002273,水晶光电,13.34,13.36,13.17,13.31,13.37,-0.03,-0.2244,1.6643,20265686,268879400.62,16243962348.9,16243962348.9
2968,2020-12-04,sz002273,水晶光电,13.29,13.43,13.22,13.28,13.34,-0.05,-0.3748,1.1482,13981111,185801636.4,16183077932.3,16183077932.3
2969,2020-12-07,sz002273,水晶光电,13.14,13.4,13.13,13.3,13.29,-0.15,-1.1287,1.165,14186364,188373267.67,16000424682.5,16000424682.5
2970,2020-12-08,sz002273,水晶光电,13.09,13.32,13.08,13.28,13.14,-0.05,-0.3805,0.9152,11144058,146737365.57,15939540265.9,15939540265.9
2971,2020-12-09,sz002273,水晶光电,12.7,13.19,12.68,13.18,13.09,-0.39,-2.9794,1.5324,18659752,240220753.65,15464641816.4,15464641816.4
2972,2020-12-10,sz002273,水晶光电,12.72,12.76,12.56,12.68,12.7,0.02,0.1575,0.9404,11451063,144981801.22,15488995583.0,15488995583.0
2973,2020-12-11,sz002273,水晶光电,12.34,12.72,12.2,12.69,12.72,-0.38,-2.9874,2.212,26935677,332536350.44,15026274016.9,15026274016.9
2974,2020-12-14,sz002273,水晶光电,12.31,12.4,12.2,12.35,12.34,-0.03,-0.2431,0.9326,11356045,139286544.52,14989743366.9,14989743366.9
2975,2020-12-15,sz002273,水晶光电,12.4,12.51,12.22,12.34,12.31,0.09,0.7311,0.9125,11111604,137556965.71,15099335316.8,15099335316.8
2976,2020-12-16,sz002273,水晶光电,12.19,12.42,12.18,12.36,12.4,-0.21,-1.6935,0.8182,9963342,122371231.05,14843620767.1,14843620767.1
2977,2020-12-17,sz002273,水晶光电,12.27,12.27,11.91,12.15,12.19,0.08,0.6563,1.3641,16611000,200390171.41,14941035833.6,14941035833.6
2978,2020-12-18,sz002273,水晶光电,12.1,12.32,12.08,12.26,12.27,-0.17,-1.3855,0.8459,10299876,125152772.81,14734028817.2,14734028817.2
2979,2020-12-21,sz002273,水晶光电,12.21,12.3,12.03,12.08,12.1,0.11,0.9091,0.9053,11023435,134479433.45,14867974533.7,14867974533.7
2980,2020-12-22,sz002273,水晶光电,11.9,12.19,11.88,12.17,12.21,-0.31,-2.5389,1.325,16134834,193290848.71,14490491150.8,14490491150.8
2981,2020-12-23,sz002273,水晶光电,11.81,11.97,11.6,11.9,11.9,-0.09,-0.7563,1.4013,17063298,200999307.99,14380899200.9,14380899200.9
2982,2020-12-24,sz002273,水晶光电,11.28,11.78,11.28,11.76,11.81,-0.53,-4.4877,1.6754,20401305,234207564.29,13735524385.0,13735524385.0
2983,2020-12-25,sz002273,水晶光电,11.33,11.53,11.16,11.26,11.28,0.05,0.4433,0.9198,11199784,127540338.25,13796408801.6,13796408801.6
2984,2020-12-28,sz002273,水晶光电,10.89,11.32,10.75,11.32,11.33,-0.44,-3.8835,2.0986,25554998,280013770.77,13260625935.5,13260625935.5
2985,2020-12-29,sz002273,水晶光电,11.15,11.33,10.82,10.85,10.89,0.26,2.3875,2.0587,25068346,279596808.62,13577224901.8,13577224901.8
2986,2020-12-30,sz002273,水晶光电,11.28,11.34,11.1,11.2,11.15,0.13,1.1659,1.0919,13295506,149641676.01,13735524385.0,13735524385.0
2987,2020-12-31,sz002273,水晶光电,11.59,11.75,11.23,11.28,11.28,0.31,2.7482,1.7429,21223401,245892488.31,14113007767.9,14113007767.9
2988,2021-01-04,sz002273,水晶光电,11.68,11.79,11.53,11.79,11.59,0.09,0.7765,1.3106,15959622,185939542.19,14222599717.8,14222599717.8
2989,2021-01-05,sz002273,水晶光电,11.87,11.91,11.59,11.65,11.68,0.19,1.6267,1.6895,20572448,241847870.38,14453960500.8,14453960500.8
2990,2021-01-06,sz002273,水晶光电,11.55,11.95,11.5,11.95,11.87,-0.32,-2.6959,1.525,18569433,215701142.99,14064300234.6,14064300234.6
2991,2021-01-07,sz002273,水晶光电,11.23,11.5,11.08,11.49,11.55,-0.32,-2.7706,1.6327,19881737,223634817.2,13674639968.4,13674639968.4
2992,2021-01-08,sz002273,水晶光电,11.64,11.7,11.17,11.24,11.23,0.41,3.6509,1.7719,21576783,249373680.63,14173892184.5,14173892184.5
2993,2021-01-11,sz002273,水晶光电,11.8,12.12,11.68,11.73,11.64,0.16,1.3746,2.3553,28680500,341949340.67,14368722317.6,14368722317.6
2994,2021-01-12,sz002273,水晶光电,11.75,11.84,11.45,11.75,11.8,-0.05,-0.4237,2.0733,25246872,293815023.44,14307837901.0,14307837901.0
2995,2021-01-13,sz002273,水晶光电,11.9,11.92,11.5,11.67,11.75,0.15,1.2766,2.528,30783230,362440335.31,14490491150.8,14490491150.8
2996,2021-01-14,sz002273,水晶光电,12.16,12.29,11.8,11.89,11.9,0.26,2.1849,3.5036,42662377,516674467.82,14807090117.1,14807090117.1
2997,2021-01-15,sz002273,水晶光电,11.84,12.16,11.68,12.08,12.16,-0.32,-2.6316,2.2993,27997777,331397207.44,14417429850.9,14417429850.9
2998,2021-01-18,sz002273,水晶光电,11.86,11.95,11.64,11.79,11.84,0.02,0.1689,1.8968,23096615,272919818.77,14441783617.5,14441783617.5
2999,2021-01-19,sz002273,水晶光电,11.67,11.87,11.65,11.84,11.86,-0.19,-1.602,1.5851,19301716,226284171.78,14210422834.4,14210422834.4
3000,2021-01-20,sz002273,水晶光电,11.4,11.67,11.36,11.67,11.67,-0.27,-2.3136,1.9451,23685845,271124676.16,13881646984.8,13881646984.8
3001,2021-01-21,sz002273,水晶光电,11.45,11.58,11.34,11.38,11.4,0.05,0.4386,1.3026,15861577,181804823.39,13942531401.4,13942531401.4
3002,2021-01-22,sz002273,水晶光电,11.45,11.6,11.09,11.45,11.45,0.0,0.0,2.148,26156267,295833670.56,13942531401.4,13942531401.4
3003,2021-01-25,sz002273,水晶光电,11.1,11.42,11.02,11.42,11.45,-0.35,-3.0568,1.8835,22935549,255200939.74,13516340485.2,13516340485.2
3004,2021-01-26,sz002273,水晶光电,11.07,11.18,10.93,11.03,11.1,-0.03,-0.2703,1.0263,12496826,137873264.44,13479809835.2,13479809835.2
3005,2021-01-27,sz002273,水晶光电,11.02,11.15,10.96,11.03,11.07,-0.05,-0.4517,0.722,8792092,97021894.38,13418925418.6,13418925418.6
3006,2021-01-28,sz002273,水晶光电,10.92,11.0,10.84,10.94,11.02,-0.1,-0.9074,1.0271,12507055,136409886.07,13297156585.4,13297156585.4
3007,2021-01-29,sz002273,水晶光电,10.7,11.01,10.5,10.96,10.92,-0.22,-2.0147,1.2159,14805898,159200250.98,13029265152.4,13029265152.4
3008,2021-02-01,sz002273,水晶光电,10.55,10.76,10.51,10.65,10.7,-0.15,-1.4019,0.8638,10518096,111682298.67,12846611902.6,12846611902.6
3009,2021-02-02,sz002273,水晶光电,10.97,11.26,10.52,10.55,10.55,0.42,3.981,1.6749,20395149,223167952.2,13358041002.0,13358041002.0
3010,2021-02-03,sz002273,水晶光电,10.7,10.92,10.63,10.88,10.97,-0.27,-2.4613,0.865,10532512,113004217.73,13029265152.4,13029265152.4
3011,2021-02-04,sz002273,水晶光电,10.57,10.71,10.24,10.63,10.7,-0.13,-1.215,1.3258,16144026,168067357.76,12870965669.2,12870965669.2
3012,2021-02-05,sz002273,水晶光电,10.3,10.67,10.27,10.53,10.57,-0.27,-2.5544,0.8539,10397679,108410908.23,12542189819.6,12542189819.6
3013,2021-02-08,sz002273,水晶光电,10.42,10.56,10.3,10.4,10.3,0.12,1.165,0.6154,7494130,78205905.82,12688312419.4,12688312419.4
3014,2021-02-09,sz002273,水晶光电,10.6,10.66,10.35,10.47,10.42,0.18,1.7274,0.8845,10770587,113708673.16,12907496319.2,12907496319.2
3015,2021-02-10,sz002273,水晶光电,10.74,10.76,10.56,10.58,10.6,0.14,1.3208,0.8445,10283824,109893191.23,13077972685.7,13077972685.7
3016,2021-02-18,sz002273,水晶光电,11.01,11.04,10.82,10.87,10.74,0.27,2.514,1.0714,13046012,143126796.3,13406748535.3,13406748535.3
3017,2021-02-19,sz002273,水晶光电,11.28,11.28,10.98,11.05,11.01,0.27,2.4523,1.2465,15178705,169754137.98,13735524385.0,13735524385.0
3018,2021-02-22,sz002273,水晶光电,11.13,11.47,11.13,11.3,11.28,-0.15,-1.3298,1.4988,18250254,206001511.91,13552871135.2,13552871135.2
3019,2021-02-23,sz002273,水晶光电,11.1,11.23,10.98,11.06,11.13,-0.03,-0.2695,0.872,10617884,117749537.87,13516340485.2,13516340485.2
3020,2021-02-24,sz002273,水晶光电,11.15,11.35,11.11,11.13,11.1,0.05,0.4505,1.0961,13346884,149842149.87,13577224901.8,13577224901.8
3021,2021-02-25,sz002273,水晶光电,11.07,11.29,11.02,11.22,11.15,-0.08,-0.7175,0.7456,9079134,100819190.66,13479809835.2,13479809835.2
3022,2021-02-26,sz002273,水晶光电,11.05,11.16,10.9,10.97,11.07,-0.02,-0.1807,0.7018,8545356,94500867.9,13455456068.6,13455456068.6
3023,2021-03-01,sz002273,水晶光电,11.29,11.34,11.11,11.11,11.05,0.24,2.1719,0.99,12055405,135797859.56,13747701268.3,13747701268.3
3024,2021-03-02,sz002273,水晶光电,11.22,11.37,11.17,11.3,11.29,-0.07,-0.62,0.7374,8979069,100889474.97,13662463085.0,13662463085.0
3025,2021-03-03,sz002273,水晶光电,11.35,11.36,11.19,11.2,11.22,0.13,1.1586,1.0289,12528384,141407105.02,13820762568.2,13820762568.2
3026,2021-03-04,sz002273,水晶光电,11.2,11.45,11.14,11.36,11.35,-0.15,-1.3216,0.9699,11810602,133211765.82,13638109318.4,13638109318.4
3027,2021-03-05,sz002273,水晶光电,11.45,11.47,11.1,11.11,11.2,0.25,2.2321,1.1257,13707914,155157991.76,13942531401.4,13942531401.4
3028,2021-03-08,sz002273,水晶光电,11.51,11.88,11.36,11.5,11.45,0.06,0.524,1.7933,21837382,254326282.93,14015592701.3,14015592701.3
3029,2021-03-09,sz002273,水晶光电,11.69,11.83,11.19,11.39,11.51,0.18,1.5639,2.1576,26272708,304042583.1,14234776601.1,14234776601.1
3030,2021-03-10,sz002273,水晶光电,11.71,11.92,11.43,11.88,11.69,0.02,0.1711,1.7376,21158604,246974649.48,14259130367.7,14259130367.7
3031,2021-03-11,sz002273,水晶光电,11.85,11.86,11.63,11.63,11.71,0.14,1.1956,1.5986,19465671,228939962.27,14429606734.2,14429606734.2
3032,2021-03-12,sz002273,水晶光电,11.34,11.83,11.29,11.83,11.85,-0.51,-4.3038,1.964,23914847,274248812.24,13808585684.9,13808585684.9
3033,2021-03-15,sz002273,水晶光电,11.18,11.27,11.0,11.24,11.34,-0.16,-1.4109,1.1326,13791952,153737588.2,13613755551.8,13613755551.8
3034,2021-03-16,sz002273,水晶光电,11.02,11.22,10.99,11.17,11.18,-0.16,-1.4311,0.8901,10838100,119726741.11,13418925418.6,13418925418.6
3035,2021-03-17,sz002273,水晶光电,10.69,10.86,10.45,10.85,11.02,-0.33,-2.9946,1.5315,18649438,198870466.45,13017088269.1,13017088269.1
3036,2021-03-18,sz002273,水晶光电,10.42,10.79,10.38,10.69,10.69,-0.27,-2.5257,2.0384,24821493,261555317.65,12688312419.4,12688312419.4
3037,2021-03-19,sz002273,水晶光电,10.51,10.55,10.31,10.32,10.42,0.09,0.8637,1.164,14174476,148400241.63,12797904369.3,12797904369.3
3038,2021-03-22,sz002273,水晶光电,10.8,10.83,10.44,10.44,10.51,0.29,2.7593,1.2501,15222037,162839060.07,13151033985.6,13151033985.6
3039,2021-03-23,sz002273,水晶光电,10.67,10.79,10.6,10.74,10.8,-0.13,-1.2037,0.6855,8347132,88998073.52,12992734502.4,12992734502.4
3040,2021-03-24,sz002273,水晶光电,10.64,10.73,10.52,10.59,10.67,-0.03,-0.2812,0.6255,7616859,81025232.36,12956203852.5,12956203852.5
3041,2021-03-25,sz002273,水晶光电,10.71,10.78,10.57,10.62,10.64,0.07,0.6579,0.6521,7940882,85078526.76,13041442035.7,13041442035.7
3042,2021-03-26,sz002273,水晶光电,10.73,10.78,10.63,10.71,10.71,0.02,0.1867,0.7567,9213952,98688150.22,13065795802.4,13065795802.4
3043,2021-03-29,sz002273,水晶光电,10.58,10.74,10.56,10.73,10.73,-0.15,-1.3979,0.8192,9975108,105975052.92,12883142552.6,12883142552.6
3044,2021-03-30,sz002273,水晶光电,10.47,10.6,10.4,10.59,10.58,-0.11,-1.0397,0.7468,9093095,95093263.58,12749196836.0,12749196836.0
3045,2021-03-31,sz002273,水晶光电,10.84,10.86,10.42,10.46,10.47,0.37,3.5339,1.3746,16737938,179479104.38,13199741518.9,13199741518.9
3046,2021-04-01,sz002273,水晶光电,10.96,11.33,10.76,10.77,10.84,0.12,1.107,1.7784,21655769,240397049.79,13345864118.7,13345864118.7
3047,2021-04-02,sz002273,水晶光电,11.43,11.52,10.96,10.96,10.96,0.47,4.2883,2.6406,32153962,362922364.35,13918177634.8,13918177634.8
3048,2021-04-06,sz002273,水晶光电,11.29,11.56,11.27,11.35,11.43,-0.14,-1.2248,1.8389,22392178,254869810.82,13747701268.3,13747701268.3
3049,2021-04-07,sz002273,水晶光电,11.39,11.43,11.25,11.25,11.29,0.1,0.8857,1.1939,14537607,164959285.92,13869470101.5,13869470101.5
3050,2021-04-08,sz002273,水晶光电,11.54,11.62,11.27,11.36,11.39,0.15,1.3169,1.704,20748892,237733182.07,14052123351.3,14052123351.3
3051,2021-04-09,sz002273,水晶光电,11.33,11.58,11.33,11.53,11.54,-0.21,-1.8198,1.1806,14376133,164374016.39,13796408801.6,13796408801.6
3052,2021-04-12,sz002273,水晶光电,11.31,11.55,11.26,11.39,11.33,-0.02,-0.1765,1.4455,17601904,201051868.0,13772055034.9,13772055034.9
3053,2021-04-13,sz002273,水晶光电,11.0,11.32,10.96,11.22,11.31,-0.31,-2.7409,1.5452,18816254,208832915.73,13394571652.0,13394571652.0
3054,2021-04-14,sz002273,水晶光电,11.07,11.23,11.05,11.09,11.0,0.07,0.6364,0.7166,8726172,96980094.39,13479809835.2,13479809835.2
3055,2021-04-15,sz002273,水晶光电,11.03,11.12,10.97,11.07,11.07,-0.04,-0.3613,0.6163,7504404,82847350.12,13431102302.0,13431102302.0
3056,2021-04-16,sz002273,水晶光电,11.41,11.47,10.98,11.03,11.03,0.38,3.4451,1.4716,17919407,201982674.5,13893823868.1,13893823868.1
3057,2021-04-19,sz002273,水晶光电,12.55,12.55,11.51,11.51,11.41,1.14,9.9912,5.9489,72439647,894286581.89,15281988566.6,15281988566.6
3058,2021-04-20,sz002273,水晶光电,12.65,12.94,12.43,12.8,12.55,0.1,0.7968,7.8283,95324077,1210864295.26,15403757399.8,15403757399.8
3059,2021-04-21,sz002273,水晶光电,12.21,12.68,12.13,12.57,12.65,-0.44,-3.4783,4.1946,51076822,627153432.08,14867974533.7,14867974533.7
3060,2021-04-22,sz002273,水晶光电,12.92,13.15,12.25,12.32,12.21,0.71,5.8149,5.7094,69522599,887555263.39,15732533249.4,15732533249.4
3061,2021-04-23,sz002273,水晶光电,12.49,12.79,12.44,12.69,12.92,-0.43,-3.3282,3.1294,38106821,479327953.03,15208927266.7,15208927266.7
3062,2021-04-26,sz002273,水晶光电,12.24,12.66,12.18,12.6,12.49,-0.25,-2.0016,3.1172,37957973,469956817.03,14904505183.7,14904505183.7
3063,2021-04-27,sz002273,水晶光电,11.96,12.4,11.8,12.24,12.24,-0.28,-2.2876,2.5142,30614549,368437196.55,14563552450.7,14563552450.7
3064,2021-04-28,sz002273,水晶光电,11.88,12.05,11.7,12.02,11.96,-0.08,-0.6689,1.8962,23090286,274120088.22,14466137384.2,14466137384.2
3065,2021-04-29,sz002273,水晶光电,11.91,12.1,11.81,11.89,11.88,0.03,0.2525,1.5929,19396135,232424383.71,14502668034.1,14502668034.1
3066,2021-04-30,sz002273,水晶光电,11.91,12.15,11.77,11.9,11.91,0.0,0.0,1.7886,21779381,260195070.44,14502668034.1,14502668034.1
3067,2021-05-06,sz002273,水晶光电,12.18,12.51,11.92,11.97,11.91,0.27,2.267,3.0471,37103899,456330829.1,14831443883.8,14831443883.8
3068,2021-05-07,sz002273,水晶光电,11.89,12.26,11.82,12.18,12.18,-0.29,-2.381,2.1606,26309818,316264559.88,14478314267.5,14478314267.5
3069,2021-05-10,sz002273,水晶光电,11.86,12.22,11.6,11.89,11.89,-0.03,-0.2523,2.333,28408500,339380019.57,14441783617.5,14441783617.5
3070,2021-05-11,sz002273,水晶光电,11.63,11.86,11.47,11.85,11.86,-0.23,-1.9393,1.8483,22506305,261580226.95,14161715301.2,14161715301.2
3071,2021-05-12,sz002273,水晶光电,11.72,11.75,11.51,11.66,11.63,0.09,0.7739,1.5466,18832484,218838424.86,14271307251.0,14271307251.0
3072,2021-05-13,sz002273,水晶光电,12.41,12.55,11.59,11.6,11.72,0.69,5.8874,4.3074,52450400,643194968.59,15111512200.1,15111512200.1
3073,2021-05-14,sz002273,水晶光电,12.45,12.53,11.95,12.26,12.21,0.24,1.9656,3.6149,44017743,542418572.31,15160219733.4,15160219733.4
3074,2021-05-17,sz002273,水晶光电,12.88,13.15,12.34,12.38,12.45,0.43,3.4538,4.2891,52227315,673392493.71,15683825716.2,15683825716.2
3075,2021-05-18,sz002273,水晶光电,12.8,13.18,12.64,13.01,12.88,-0.08,-0.6211,3.6465,44403308,571151194.36,15586410649.6,15586410649.6
3076,2021-05-19,sz002273,水晶光电,13.45,14.05,12.84,12.92,12.8,0.65,5.0781,7.7557,94440785,1279558452.64,16377908065.4,16377908065.4
3077,2021-05-20,sz002273,水晶光电,13.54,13.8,13.1,13.38,13.45,0.09,0.6691,5.5518,67603678,913306581.46,16487500015.3,16487500015.3
3078,2021-05-21,sz002273,水晶光电,13.5,13.7,13.36,13.46,13.54,-0.04,-0.2954,3.1503,38360370,518475001.88,16438792482.0,16438792482.0
3079,2021-05-24,sz002273,水晶光电,13.7,14.19,13.37,13.6,13.5,0.2,1.4815,5.6678,69015683,952872156.95,16682330148.4,16682330148.4
3080,2021-05-25,sz002273,水晶光电,13.4,13.6,13.15,13.58,13.7,-0.3,-2.1898,4.6371,56465014,755204274.94,16317023648.8,16317023648.8
3081,2021-05-26,sz002273,水晶光电,13.03,13.85,12.98,13.46,13.4,-0.37,-2.7612,5.1179,62320480,828205332.72,15866478966.0,15866478966.0
3082,2021-05-27,sz002273,水晶光电,12.99,13.28,12.91,13.13,13.03,-0.04,-0.307,3.9138,47658425,623697052.3,15817771432.7,15817771432.7
3083,2021-05-28,sz002273,水晶光电,13.01,13.11,12.85,12.97,12.99,0.02,0.154,2.9756,36233862,470334487.2,15842125199.3,15842125199.3
3084,2021-05-31,sz002273,水晶光电,13.16,13.49,13.06,13.06,13.01,0.15,1.153,3.4229,41680047,551159643.94,16024778449.1,16024778449.1
3085,2021-06-01,sz002273,水晶光电,14.04,14.32,12.96,13.14,13.16,0.88,6.6869,8.363,101835586,1406255272.31,17096344181.3,17096344181.3
3086,2021-06-02,sz002273,水晶光电,13.75,14.1,13.45,13.94,14.04,-0.29,-2.0655,5.5615,67722050,929074201.48,16743214565.0,16743214565.0
3087,2021-06-03,sz002273,水晶光电,13.46,13.88,13.45,13.63,13.75,-0.29,-2.1091,3.7155,45243263,615754090.52,16390084948.7,16390084948.7
3088,2021-06-04,sz002273,水晶光电,13.72,13.75,13.24,13.45,13.46,0.26,1.9316,3.6606,44574595,603015912.4,16706683915.0,16706683915.0
3089,2021-06-07,sz002273,水晶光电,13.54,14.02,13.44,13.79,13.72,-0.18,-1.312,3.5713,43487782,593358464.13,16487500015.3,16487500015.3
3090,2021-06-08,sz002273,水晶光电,13.45,13.65,13.13,13.32,13.54,-0.09,-0.6647,3.8446,46814793,624394498.04,16377908065.4,16377908065.4
3091,2021-06-09,sz002273,水晶光电,12.84,13.42,12.73,13.34,13.45,-0.61,-4.5353,4.3005,52367290,680866580.31,15635118182.9,15635118182.9
3092,2021-06-10,sz002273,水晶光电,12.8,12.92,12.63,12.71,12.84,-0.04,-0.3115,3.1205,37998198,485613632.91,15586410649.6,15586410649.6
3093,2021-06-11,sz002273,水晶光电,12.95,13.14,12.5,12.91,12.8,0.15,1.1719,2.6917,32777105,422881547.56,15769063899.4,15769063899.4
3094,2021-06-15,sz002273,水晶光电,14.25,14.25,13.45,13.46,12.95,1.3,10.0386,12.5995,153422416,2165363195.16,17352058731.0,17352058731.0
3095,2021-06-16,sz002273,水晶光电,13.98,14.68,13.78,14.34,14.25,-0.27,-1.8947,14.7421,179512751,2557506326.67,17023282881.4,17023282881.4
3096,2021-06-17,sz002273,水晶光电,14.64,14.68,13.55,14.01,13.98,0.66,4.721,11.3026,137630105,1954267202.5,17826957180.5,17826957180.5
3097,2021-06-18,sz002273,水晶光电,14.31,14.43,14.04,14.4,14.64,-0.33,-2.2541,7.47,90961809,1297340044.99,17425120030.9,17425120030.9
3098,2021-06-21,sz002273,水晶光电,14.39,14.87,13.82,14.15,14.31,0.08,0.559,7.0411,85738601,1239286174.35,17522535097.5,17522535097.5
3099,2021-06-22,sz002273,水晶光电,13.93,14.34,13.83,14.28,14.39,-0.46,-3.1967,5.7569,70101297,979979653.09,16962398464.8,16962398464.8
3100,2021-06-23,sz002273,水晶光电,14.12,14.26,13.81,13.93,13.93,0.19,1.364,5.0592,61605814,869810394.49,17193759247.8,17193759247.8
3101,2021-06-24,sz002273,水晶光电,13.91,14.46,13.85,14.13,14.12,-0.21,-1.4873,4.4228,53855586,760963300.74,16938044698.1,16938044698.1
3102,2021-06-25,sz002273,水晶光电,14.1,14.14,13.68,13.79,13.91,0.19,1.3659,3.9355,47922311,666518596.35,17169405481.2,17169405481.2
3103,2021-06-28,sz002273,水晶光电,14.73,14.75,13.98,14.17,14.1,0.63,4.4681,7.4454,90661765,1305323875.39,17936549130.4,17936549130.4
3104,2021-06-29,sz002273,水晶光电,14.5,14.75,14.31,14.75,14.73,-0.23,-1.5614,4.3204,52609280,762544212.14,17656480814.0,17656480814.0
3105,2021-06-30,sz002273,水晶光电,14.69,14.77,14.37,14.4,14.5,0.19,1.3103,4.2059,51214430,745325413.09,17887841597.1,17887841597.1
3106,2021-07-01,sz002273,水晶光电,14.0,14.62,14.0,14.62,14.69,-0.69,-4.6971,4.3012,52374834,746204052.03,17047636648.0,17047636648.0
3107,2021-07-02,sz002273,水晶光电,13.77,14.22,13.71,13.91,14.0,-0.23,-1.6429,2.7769,33814383,470691663.97,16767568331.6,16767568331.6
3108,2021-07-05,sz002273,水晶光电,14.09,14.14,13.8,13.89,13.77,0.32,2.3239,2.8107,34226154,479349345.68,17157228597.9,17157228597.9
3109,2021-07-06,sz002273,水晶光电,13.68,14.26,13.5,14.2,14.09,-0.41,-2.9099,3.809,46381734,642945204.62,16657976381.8,16657976381.8
3110,2021-07-07,sz002273,水晶光电,13.81,13.85,13.32,13.57,13.68,0.13,0.9503,3.1639,38526013,526016285.82,16816275864.9,16816275864.9
3111,2021-07-08,sz002273,水晶光电,13.85,14.06,13.78,13.88,13.81,0.04,0.2896,3.0543,37192205,517670842.35,16864983398.2,16864983398.2
3112,2021-07-09,sz002273,水晶光电,14.24,14.34,13.56,13.73,13.85,0.39,2.8159,4.6485,56603776,794355004.89,17339881847.7,17339881847.7
3113,2021-07-12,sz002273,水晶光电,13.99,14.29,13.8,14.29,14.24,-0.25,-1.7556,3.8063,46349113,649100492.32,17035459764.7,17035459764.7
3114,2021-07-13,sz002273,水晶光电,14.65,14.81,13.64,13.95,13.99,0.66,4.7177,7.7213,94021021,1354501938.71,17839134063.8,17839134063.8
3115,2021-07-14,sz002273,水晶光电,14.59,15.36,14.59,14.99,14.65,-0.06,-0.4096,6.8664,83611366,1247893714.26,17766072763.9,17766072763.9
3116,2021-07-15,sz002273,水晶光电,14.4,14.92,14.11,14.67,14.59,-0.19,-1.3023,3.8861,47320245,683145679.26,17534711980.8,17534711980.8
3117,2021-07-16,sz002273,水晶光电,15.57,15.83,14.41,14.41,14.4,1.17,8.125,9.7317,118502040,1823955148.49,18959407329.2,18959407329.2
3118,2021-07-19,sz002273,水晶光电,15.45,15.93,15.25,15.67,15.57,-0.12,-0.7707,5.1048,62161033,963129326.05,18813284729.4,18813284729.4
3119,2021-07-20,sz002273,水晶光电,15.55,15.7,15.06,15.1,15.45,0.1,0.6472,3.7643,45838011,708395016.65,18935053562.6,18935053562.6
3120,2021-07-21,sz002273,水晶光电,15.15,15.66,15.15,15.46,15.55,-0.4,-2.5723,5.2738,64218778,990990066.79,18447978229.8,18447978229.8
3121,2021-07-22,sz002273,水晶光电,14.84,15.38,14.48,15.31,15.15,-0.31,-2.0462,6.4418,78441653,1156368266.22,18070494846.9,18070494846.9
3122,2021-07-23,sz002273,水晶光电,14.62,15.17,14.59,14.84,14.84,-0.22,-1.4825,3.7711,45920505,678989578.86,17802603413.8,17802603413.8
3123,2021-07-26,sz002273,水晶光电,14.47,14.88,14.01,14.62,14.62,-0.15,-1.026,3.7813,46044255,665543360.18,17619950164.0,17619950164.0
3124,2021-07-27,sz002273,水晶光电,14.08,14.72,14.01,14.52,14.47,-0.39,-2.6952,4.3699,53211928,764075559.23,17145051714.6,17145051714.6
3125,2021-07-28,sz002273,水晶光电,13.28,13.99,13.2,13.98,14.08,-0.8,-5.6818,4.4851,54614864,741098526.87,16170901049.0,16170901049.0
3126,2021-07-29,sz002273,水晶光电,13.62,13.72,13.31,13.51,13.28,0.34,2.5602,3.8995,47483167,640765270.01,16584915081.8,16584915081.8
3127,2021-07-30,sz002273,水晶光电,13.67,13.95,13.49,13.55,13.62,0.05,0.3671,3.4071,41487457,569281791.25,16645799498.4,16645799498.4
3128,2021-08-02,sz002273,水晶光电,13.92,14.14,13.47,13.58,13.67,0.25,1.8288,3.0505,37144979,515956853.81,16950221581.4,16950221581.4
3129,2021-08-03,sz002273,水晶光电,13.45,13.96,13.36,13.8,13.92,-0.47,-3.3764,3.0191,36763220,502413960.42,16377908065.4,16377908065.4
3130,2021-08-04,sz002273,水晶光电,13.67,13.93,13.36,13.37,13.45,0.22,1.6357,2.6875,32725289,448703799.62,16645799498.4,16645799498.4
3131,2021-08-05,sz002273,水晶光电,15.04,15.04,14.6,14.6,13.67,1.37,10.0219,5.5053,67036867,1001402555.25,18314032513.3,18314032513.3
3132,2021-08-06,sz002273,水晶光电,14.71,15.09,14.0,14.96,15.04,-0.33,-2.1941,7.0729,86125732,1271465309.8,20456199970.9,17912195363.7
3133,2021-08-09,sz002273,水晶光电,14.81,14.98,14.6,14.72,14.71,0.1,0.6798,3.3191,40415692,596858619.29,20595263193.0,18033964196.9
3134,2021-08-10,sz002273,水晶光电,14.8,14.95,14.61,14.75,14.81,-0.01,-0.0675,3.2278,39304951,580953200.4,20581356870.8,18021787313.6
3135,2021-08-11,sz002273,水晶光电,14.77,15.15,14.69,14.91,14.8,-0.03,-0.2027,2.9749,36224702,538082876.27,20539637904.2,17985256663.6
3136,2021-08-12,sz002273,水晶光电,14.82,14.95,14.51,14.77,14.77,0.05,0.3385,3.8598,46999804,693126364.14,20609169515.2,18046141080.2
3137,2021-08-13,sz002273,水晶光电,14.46,14.83,14.4,14.8,14.82,-0.36,-2.4291,3.0711,37395925,546193492.63,20108541915.7,17607773280.7
3138,2021-08-16,sz002273,水晶光电,13.94,14.38,13.86,14.37,14.46,-0.52,-3.5961,3.3346,40605641,572779232.82,19385413160.7,16974575348.1
3139,2021-08-17,sz002273,水晶光电,13.58,14.05,13.5,14.01,13.94,-0.36,-2.5825,2.7148,33057262,453879450.41,18884785561.2,16536207548.6
3140,2021-08-18,sz002273,水晶光电,13.52,13.72,13.46,13.6,13.58,-0.06,-0.4418,1.9675,23957918,324842721.49,18801347627.9,16463146248.6
3141,2021-08-19,sz002273,水晶光电,13.5,13.69,13.42,13.5,13.52,-0.02,-0.1479,1.8052,21981922,297355961.78,18773534983.5,16438792482.0
3142,2021-08-20,sz002273,水晶光电,13.6,13.62,13.22,13.5,13.5,0.1,0.7407,1.8615,22667225,303684340.79,18912598205.6,16560561315.2
3143,2021-08-23,sz002273,水晶光电,13.69,13.77,13.3,13.38,13.6,0.09,0.6618,2.3778,28954211,394146628.43,19037755105.5,16670153265.1
3144,2021-08-24,sz002273,水晶光电,13.54,13.66,13.41,13.59,13.69,-0.15,-1.0957,1.9265,23459012,316637400.3,18829160272.3,16487500015.3
3145,2021-08-25,sz002273,水晶光电,13.39,13.56,13.2,13.46,13.54,-0.15,-1.1078,2.3891,29091783,387750820.41,18620565439.2,16304846765.5
3146,2021-08-26,sz002273,水晶光电,13.76,13.9,13.29,13.31,13.39,0.37,2.7633,2.8271,34424839,466322683.87,19135099361.0,16755391448.3
3147,2021-08-27,sz002273,水晶光电,14.32,14.55,13.5,13.91,13.76,0.56,4.0698,5.2636,64093870,904101614.39,19913853404.7,17437296914.2
3148,2021-08-30,sz002273,水晶光电,14.31,14.9,14.09,14.8,14.32,-0.01,-0.0698,4.6113,56151585,811886482.19,19899947082.5,17425120030.9
3149,2021-08-31,sz002273,水晶光电,13.51,13.95,13.38,13.9,14.31,-0.8,-5.5905,4.418,53797429,729767433.35,18787441305.7,16450969365.3
3150,2021-09-01,sz002273,水晶光电,13.57,13.7,13.31,13.49,13.51,0.06,0.4441,1.9705,23994604,324663551.91,18870879239.0,16524030665.2
3151,2021-09-02,sz002273,水晶光电,13.65,13.75,13.44,13.59,13.57,0.08,0.5895,1.6353,19913037,270959518.28,18982129816.7,16621445731.8
3152,2021-09-03,sz002273,水晶光电,13.85,14.04,13.47,13.6,13.65,0.2,1.4652,2.227,27117584,373043645.08,19260256260.8,16864983398.2
3153,2021-09-06,sz002273,水晶光电,14.05,14.18,13.7,13.94,13.85,0.2,1.444,2.1289,25923330,361831249.99,19538382705.0,17108521064.6
3154,2021-09-07,sz002273,水晶光电,14.39,14.69,13.96,14.05,14.05,0.34,2.4199,3.6227,44112824,637068583.61,20011197660.2,17522535097.5
3155,2021-09-08,sz002273,水晶光电,15.44,15.46,14.33,14.39,14.39,1.05,7.2967,9.3217,113508655,1696088293.44,21471361492.2,18801107846.1
3156,2021-09-09,sz002273,水晶光电,14.61,15.03,14.49,14.87,15.44,-0.83,-5.3756,6.2376,75955036,1118915403.1,20317136748.8,17790426530.5
3157,2021-09-10,sz002273,水晶光电,14.5,14.75,14.25,14.55,14.61,-0.11,-0.7529,3.3157,40375153,585493476.58,20164167204.5,17656480814.0
3158,2021-09-13,sz002273,水晶光电,14.7,14.87,14.28,14.4,14.5,0.2,1.3793,3.1422,38262370,558001711.36,20442293648.7,17900018480.4
3159,2021-09-14,sz002273,水晶光电,14.41,14.77,14.35,14.53,14.7,-0.29,-1.9728,2.7878,33946125,491683250.01,20039010304.6,17546888864.1
3160,2021-09-15,sz002273,水晶光电,13.94,14.56,13.94,14.46,14.41,-0.47,-3.2616,2.9892,36399632,516456804.85,19385413160.7,16974575348.1
3161,2021-09-16,sz002273,水晶光电,13.74,14.11,13.68,13.8,13.94,-0.2,-1.4347,2.3968,29186065,404181961.51,19107286716.5,16731037681.7
3162,2021-09-17,sz002273,水晶光电,13.93,14.0,13.51,13.83,13.74,0.19,1.3828,1.6578,20186805,276892551.21,19371506838.5,16962398464.8
3163,2021-09-22,sz002273,水晶光电,14.07,14.19,13.69,13.84,13.93,0.14,1.005,1.7708,21563341,301731955.05,19566195349.5,17132874831.2
3164,2021-09-23,sz002273,水晶光电,14.2,14.22,14.02,14.12,14.07,0.13,0.924,1.698,20676736,292305245.59,19746977538.2,17291174314.4
3165,2021-09-24,sz002273,水晶光电,14.44,14.59,13.89,14.2,14.2,0.24,1.6901,3.0221,36800140,524590485.63,20080729271.2,17583419514.1
3166,2021-09-27,sz002273,水晶光电,14.76,14.88,14.34,14.47,14.44,0.32,2.2161,4.6655,56811524,833510903.69,20525731582.0,17973079780.3
3167,2021-09-28,sz002273,水晶光电,14.55,14.76,14.42,14.76,14.76,-0.21,-1.4228,2.1649,26362249,385024187.32,20233698815.5,17717365230.6
3168,2021-09-29,sz002273,水晶光电,14.0,14.47,13.92,14.42,14.55,-0.55,-3.7801,1.9393,23614514,334825465.81,19468851094.0,17047636648.0
3169,2021-09-30,sz002273,水晶光电,14.56,14.7,14.01,14.05,14.0,0.56,4.0,2.3034,28048754,405123586.82,20247605137.8,17729542113.9
3170,2021-10-08,sz002273,水晶光电,14.8,15.09,14.52,14.56,14.56,0.24,1.6484,3.2142,39138849,581351902.08,20581356870.8,18021787313.6
3171,2021-10-11,sz002273,水晶光电,14.72,14.95,14.55,14.8,14.8,-0.08,-0.5405,1.9332,23540730,346645175.25,20470106293.1,17924372247.0
3172,2021-10-12,sz002273,水晶光电,14.39,14.73,14.2,14.6,14.72,-0.33,-2.2418,1.7935,21838734,315073219.76,20011197660.2,17522535097.5
3173,2021-10-13,sz002273,水晶光电,14.28,14.55,14.04,14.39,14.39,-0.11,-0.7644,1.3433,16357017,233636244.43,19858228115.9,17388589381.0
3174,2021-10-14,sz002273,水晶光电,14.36,14.42,14.2,14.34,14.28,0.08,0.5602,1.0081,12275824,175611049.52,19969478693.6,17486004447.5
3175,2021-10-15,sz002273,水晶光电,14.01,14.42,13.91,14.37,14.36,-0.35,-2.4373,1.5855,19306471,271113517.6,19482757416.2,17059813531.3
3176,2021-10-18,sz002273,水晶光电,14.13,14.17,13.83,14.01,14.01,0.12,0.8565,1.1367,13841472,194205934.8,19649633282.7,17205936131.2
3177,2021-10-19,sz002273,水晶光电,14.15,14.4,14.01,14.02,14.13,0.02,0.1415,1.1746,14302600,202759080.79,19677445927.2,17230289897.8
3178,2021-10-20,sz002273,水晶光电,14.21,14.28,13.98,14.1,14.15,0.06,0.424,1.2414,15116539,213914969.48,19760883860.4,17303351197.7
3179,2021-10-21,sz002273,水晶光电,14.14,14.48,14.08,14.26,14.21,-0.07,-0.4926,1.2503,15225295,217388170.53,19663539604.9,17218113014.5
3180,2021-10-22,sz002273,水晶光电,14.73,14.98,13.92,14.01,14.14,0.59,4.1726,4.5984,55994075,820297324.21,20484012615.3,17936549130.4
3181,2021-10-25,sz002273,水晶光电,15.14,15.3,14.6,14.71,14.73,0.41,2.7834,5.4163,65953874,992682873.04,21054171825.9,18435801346.5
3182,2021-10-26,sz002273,水晶光电,15.93,16.15,15.09,15.2,15.14,0.79,5.218,10.3812,126410829,1984161310.16,22152771280.5,19397775128.8
3183,2021-10-27,sz002273,水晶光电,15.55,16.03,15.4,15.87,15.93,-0.38,-2.3854,5.5893,68060680,1061097261.44,21624331036.5,18935053562.6
3184,2021-10-28,sz002273,水晶光电,15.18,15.63,15.07,15.52,15.55,-0.37,-2.3794,3.8761,47198858,720461405.91,21109797114.8,18484508879.8
3185,2021-10-29,sz002273,水晶光电,15.75,15.95,15.28,15.38,15.18,0.57,3.7549,5.4819,66752348,1046451049.51,21902457480.8,19178591229.0
3186,2021-11-01,sz002273,水晶光电,16.15,16.54,15.65,15.75,15.75,0.4,2.5397,6.4031,77969646,1258850501.59,22458710369.2,19665666561.8
3187,2021-11-02,sz002273,水晶光电,15.95,16.4,15.73,16.1,16.15,-0.2,-1.2384,5.3047,64594127,1038392050.58,22180583925.0,19422128895.4
3188,2021-11-03,sz002273,水晶光电,16.03,16.44,15.78,16.13,15.95,0.08,0.5016,4.1167,50128863,804436204.44,22291834502.6,19519543962.0
3189,2021-11-04,sz002273,水晶光电,16.48,16.74,16.09,16.13,16.03,0.45,2.8072,5.6812,69179060,1138928924.35,22917619002.1,20067503711.4
3190,2021-11-05,sz002273,水晶光电,17.26,18.13,16.32,16.47,16.48,0.78,4.733,17.5801,214071398,3796741002.54,24002312134.5,21017300610.3
3191,2021-11-08,sz002273,水晶光电,16.52,17.17,15.8,17.1,17.26,-0.74,-4.2874,12.1514,147966375,2433779615.15,22973244290.9,20116211244.6
3192,2021-11-09,sz002273,水晶光电,16.27,16.64,16.13,16.3,16.52,-0.25,-1.5133,6.691,81475005,1329100151.95,22625586235.7,19811789161.6
3193,2021-11-10,sz002273,水晶光电,16.4,16.9,16.15,16.32,16.27,0.13,0.799,7.6597,93271433,1538008550.16,22806368424.4,19970088644.8
3194,2021-11-11,sz002273,水晶光电,16.96,17.29,16.16,16.19,16.4,0.56,3.4146,7.7412,94264032,1593455872.04,23585122468.2,20651994110.7
3195,2021-11-12,sz002273,水晶光电,16.87,17.16,16.55,16.96,16.96,-0.09,-0.5307,5.5447,67516586,1137051423.3,23459965568.3,20542402160.8
3196,2021-11-15,sz002273,水晶光电,17.3,17.5,16.75,17.0,16.87,0.43,2.5489,6.1363,74721312,1282850170.42,24057937423.3,21066008143.6
3197,2021-11-16,sz002273,水晶光电,17.47,18.14,16.94,17.23,17.3,0.17,0.9827,8.9063,108450908,1907264539.4,24294344900.9,21273015160.0
3198,2021-11-17,sz002273,水晶光电,17.24,17.68,17.14,17.27,17.47,-0.23,-1.3165,5.3064,64615244,1121256536.95,23974499490.0,20992946843.7
3199,2021-11-18,sz002273,水晶光电,17.04,17.87,16.67,17.05,17.24,-0.2,-1.1601,6.4346,78352778,1341899476.95,23696373045.8,20749409177.3
3200,2021-11-19,sz002273,水晶光电,18.05,18.18,17.02,17.04,17.04,1.01,5.9272,8.8368,107604210,1911548592.05,25100911589.0,21979274392.6
3201,2021-11-22,sz002273,水晶光电,18.83,18.96,17.8,18.03,18.05,0.78,4.3213,8.1634,99404238,1843839620.41,26185604721.4,22929071291.6
3202,2021-11-23,sz002273,水晶光电,18.25,18.79,18.0,18.59,18.83,-0.58,-3.0802,5.7838,70428680,1289661336.8,25379038033.2,22222812059.0
3203,2021-11-24,sz002273,水晶光电,18.31,18.55,17.85,18.35,18.25,0.06,0.3288,5.4243,66050824,1202781025.31,25462475966.5,22295873358.9
3204,2021-11-25,sz002273,水晶光电,17.46,18.39,17.38,18.35,18.31,-0.85,-4.6423,5.6831,69201907,1227373357.77,24280438578.7,21260838276.7
3205,2021-11-26,sz002273,水晶光电,17.42,17.99,17.28,17.39,17.46,-0.04,-0.2291,3.9945,48640609,853896876.39,24224813289.8,21212130743.4
3206,2021-11-29,sz002273,水晶光电,17.83,17.98,17.12,17.18,17.42,0.41,2.3536,4.3697,53209221,944036878.33,24794972500.4,21711382959.6
3207,2021-11-30,sz002273,水晶光电,17.51,18.18,17.48,17.86,17.83,-0.32,-1.7947,3.7718,45929272,818895461.38,24349970189.7,21321722693.3
3208,2021-12-01,sz002273,水晶光电,17.21,17.78,17.11,17.45,17.51,-0.3,-1.7133,3.4426,41920593,727985370.66,23932780523.4,20956416193.7
3209,2021-12-02,sz002273,水晶光电,16.65,17.28,16.55,17.06,17.21,-0.56,-3.2539,4.8306,58821581,985886044.8,23154026479.7,20274510727.8
3210,2021-12-03,sz002273,水晶光电,16.77,16.93,16.5,16.73,16.65,0.12,0.7207,2.5952,31601747,528767076.4,23320902346.2,20420633327.6
3211,2021-12-06,sz002273,水晶光电,16.54,16.99,16.5,16.7,16.77,-0.23,-1.3715,2.4666,30036013,502671893.08,23001056935.3,20140565011.3
3212,2021-12-07,sz002273,水晶光电,16.35,16.7,16.15,16.63,16.54,-0.19,-1.1487,2.877,35032758,572976783.88,22736836813.3,19909204228.2
3213,2021-12-08,sz002273,水晶光电,17.01,17.09,16.28,16.38,16.35,0.66,4.0367,3.5255,42929644,723298208.94,23654654079.2,20712878527.3
3214,2021-12-09,sz002273,水晶光电,16.93,17.2,16.81,17.1,17.01,-0.08,-0.4703,2.5279,30782396,523047513.37,23543403501.5,20615463460.8
3215,2021-12-10,sz002273,水晶光电,17.17,17.25,16.63,16.93,16.93,0.24,1.4176,3.4212,41659161,708490982.02,23877155234.6,20907708660.4
3216,2021-12-13,sz002273,水晶光电,17.65,17.79,17.03,17.28,17.17,0.48,2.7956,4.4268,53904326,944457403.58,24544658700.7,21492199059.8
3217,2021-12-14,sz002273,水晶光电,17.36,17.65,17.18,17.5,17.65,-0.29,-1.6431,2.9497,35918208,625018520.08,24141375356.6,21139069443.5
3218,2021-12-15,sz002273,水晶光电,17.2,17.68,17.0,17.4,17.36,-0.16,-0.9217,2.6449,32207005,557922338.37,23918874201.2,20944239310.4
3219,2021-12-16,sz002273,水晶光电,17.4,17.55,17.08,17.18,17.2,0.2,1.1628,2.1942,26718252,463854437.03,24197000645.4,21187776976.8
3220,2021-12-17,sz002273,水晶光电,17.46,17.85,17.36,17.4,17.4,0.06,0.3448,3.4968,42579640,750241056.48,24280438578.7,21260838276.7
3221,2021-12-20,sz002273,水晶光电,16.53,17.7,16.4,17.5,17.46,-0.93,-5.3265,3.9131,47649269,799059045.39,22987150613.1,20128388128.0
3222,2021-12-21,sz002273,水晶光电,17.0,17.3,16.49,16.51,16.53,0.47,2.8433,2.5216,30705250,520815980.4,23640747757.0,20700701644.0
3223,2021-12-22,sz002273,水晶光电,17.84,18.26,17.01,17.16,17.0,0.84,4.9412,6.3295,77074098,1380534722.48,24808878822.6,21723559842.9
3224,2021-12-23,sz002273,水晶光电,17.92,18.3,17.79,18.26,17.84,0.08,0.4484,3.7278,45393057,815991334.65,24920129400.3,21820974909.4
3225,2021-12-24,sz002273,水晶光电,17.98,18.46,17.64,18.2,17.92,0.06,0.3348,3.8651,47065257,849828407.42,25003567333.6,21894036209.4
3226,2021-12-27,sz002273,水晶光电,17.75,18.16,17.44,17.99,17.98,-0.23,-1.2792,2.5041,30492544,541069045.39,24683721922.8,21613967893.0
3227,2021-12-28,sz002273,水晶光电,17.71,18.18,17.48,17.95,17.75,-0.04,-0.2254,2.7366,33323489,594694689.76,24628096633.9,21565260359.7
3228,2021-12-29,sz002273,水晶光电,17.53,17.87,17.45,17.72,17.71,-0.18,-1.0164,2.2843,27815643,489458181.26,24377782834.1,21346076460.0
3229,2021-12-30,sz002273,水晶光电,17.89,18.07,17.41,17.45,17.53,0.36,2.0536,2.715,33060250,590338811.19,24878410433.7,21784444259.5
3230,2021-12-31,sz002273,水晶光电,17.39,17.9,17.12,17.89,17.89,-0.5,-2.7949,3.4693,42245663,737266367.9,24183094323.2,21175600093.5
3231,2022-01-04,sz002273,水晶光电,18.3,18.45,17.23,17.4,17.39,0.91,5.2329,5.921,72099235,1293452983.92,25448569644.3,22283696475.6
3232,2022-01-05,sz002273,水晶光电,17.22,18.25,16.9,18.1,18.3,-1.08,-5.9016,5.9651,72636328,1256602639.67,23946686845.6,20968593077.0
3233,2022-01-06,sz002273,水晶光电,16.94,17.27,16.66,16.76,17.22,-0.28,-1.626,2.8844,35122699,595281123.21,23557309823.7,20627640344.1
3234,2022-01-07,sz002273,水晶光电,15.91,17.18,15.87,16.94,16.94,-1.03,-6.0803,4.2648,51932291,849623604.6,22124958636.1,19373421362.1
3235,2022-01-10,sz002273,水晶光电,15.6,16.06,15.35,15.78,15.91,-0.31,-1.9485,3.7458,45612032,714782984.76,21693862647.6,18995937979.2
3236,2022-01-11,sz002273,水晶光电,15.07,15.65,14.86,15.63,15.6,-0.53,-3.3974,3.7578,45758561,693855749.24,20956827570.5,18350563163.2
3237,2022-01-12,sz002273,水晶光电,15.26,15.35,14.86,15.19,15.07,0.19,1.2608,2.9655,36110376,546094339.4,21221047692.5,18581923946.3
3238,2022-01-13,sz002273,水晶光电,15.17,15.58,15.11,15.25,15.26,-0.09,-0.5898,2.5134,30605288,468191433.59,21095890792.6,18472331996.4
3239,2022-01-14,sz002273,水晶光电,15.6,15.98,15.01,15.06,15.17,0.43,2.8345,3.336,40622365,636041773.68,21693862647.6,18995937979.2
3240,2022-01-17,sz002273,水晶光电,16.48,16.68,15.56,15.59,15.6,0.88,5.641,4.3112,52497058,858751789.49,22917619002.1,20067503711.4
3241,2022-01-18,sz002273,水晶光电,16.51,16.7,16.22,16.5,16.48,0.03,0.182,2.7757,33799439,556133360.3,22959337968.7,20104034361.3
3242,2022-01-19,sz002273,水晶光电,16.24,16.59,16.11,16.36,16.51,-0.27,-1.6354,1.7501,21310992,347123907.14,22583867269.0,19775258511.7
3243,2022-01-20,sz002273,水晶光电,15.95,16.25,15.7,16.16,16.24,-0.29,-1.7857,2.5006,30448937,485783125.67,22180583925.0,19422128895.4
3244,2022-01-21,sz002273,水晶光电,15.79,16.25,15.69,15.96,15.95,-0.16,-1.0031,1.8034,21959824,349036233.01,21958082769.6,19227298762.3
3245,2022-01-24,sz002273,水晶光电,15.79,16.04,15.53,15.64,15.79,0.0,0.0,1.2573,15309508,242274668.54,21958082769.6,19227298762.3
3246,2022-01-25,sz002273,水晶光电,15.08,15.9,15.05,15.64,15.79,-0.71,-4.4965,1.7696,21548280,331838334.86,20970733892.7,18362740046.6
3247,2022-01-26,sz002273,水晶光电,14.82,15.27,14.7,14.97,15.08,-0.26,-1.7241,2.335,28433021,424111872.77,20609169515.2,18046141080.2
3248,2022-01-27,sz002273,水晶光电,14.03,14.76,14.01,14.76,14.82,-0.79,-5.3306,3.1642,38530276,548369535.24,19510570060.6,17084167298.0
3249,2022-01-28,sz002273,水晶光电,13.68,14.29,13.67,14.29,14.03,-0.35,-2.4947,2.7645,33662769,467882224.7,19023848783.3,16657976381.8
3250,2022-02-07,sz002273,水晶光电,13.85,14.06,13.67,13.86,13.68,0.17,1.2427,2.1326,29656482,412284415.65,19260256260.8,19260256260.8
3251,2022-02-08,sz002273,水晶光电,13.85,13.98,13.41,13.69,13.85,0.0,0.0,1.8171,25269384,346575804.26,19260256260.8,19260256260.8
3252,2022-02-09,sz002273,水晶光电,14.25,14.33,13.78,13.85,13.85,0.4,2.8881,1.9282,26814767,378283604.61,19816509149.2,19816509149.2
3253,2022-02-10,sz002273,水晶光电,14.2,14.4,14.13,14.25,14.25,-0.05,-0.3509,1.7036,23691222,337397753.35,19746977538.2,19746977538.2
3254,2022-02-11,sz002273,水晶光电,14.1,14.53,13.95,14.35,14.2,-0.1,-0.7042,2.4502,34072861,486535036.59,19607914316.1,19607914316.1
3255,2022-02-14,sz002273,水晶光电,14.3,14.33,13.84,13.96,14.1,0.2,1.4184,1.3127,18255192,259259456.6,19886040760.3,19886040760.3
3256,2022-02-15,sz002273,水晶光电,14.59,14.68,14.12,14.13,14.3,0.29,2.028,1.6421,22835091,330930118.24,20289324104.4,20289324104.4
3257,2022-02-16,sz002273,水晶光电,14.3,14.68,14.24,14.59,14.59,-0.29,-1.9877,1.5695,21826189,313307447.37,19886040760.3,19886040760.3
3258,2022-02-17,sz002273,水晶光电,14.3,14.45,14.16,14.3,14.3,0.0,0.0,1.3343,18555609,265369999.36,19886040760.3,19886040760.3
3259,2022-02-18,sz002273,水晶光电,14.29,14.46,14.18,14.19,14.3,-0.01,-0.0699,1.2106,16835557,240884697.71,19872134438.1,19872134438.1
3260,2022-02-21,sz002273,水晶光电,14.31,14.45,14.18,14.28,14.29,0.02,0.14,1.8688,25988717,372198671.24,19899947082.5,19899947082.5
3261,2022-02-22,sz002273,水晶光电,14.0,14.26,13.87,14.19,14.31,-0.31,-2.1663,1.42,19746557,276264159.95,19468851094.0,19468851094.0
